Name,Team,IP,Stf+ FA,Stf+ SI,Stf+ FC,Stf+ FS,Stf+ SL,Stf+ CU,Stf+ CH,Stf+ KC,Stf+ FO,Stuff+,Location+,Pitching+,NameASCII,PlayerId,MLBAMID
"Ty Blach","CHC",3,,99.52,141.6,,,,94.86,,,110.27533333333332,129.96066666666667,141.99866666666668,"Ty Blach",14361,621389
"Adrian Morejon","SDP",86,127.20470588235291,128.54354066985647,,,128.99439999999998,,131.70335526315793,,,129.09597254004575,104.22572082379861,131.0449580472922,"Adrian Morejon",20039,670970
"Jacob Misiorowski","MIL",174.2,130.51559665871122,125.71999999999998,116.52639566395662,,128.7118032786885,130.4325283018868,97.90285714285717,,,128.01602122015922,100.38116710875327,129.22683592269797,"Jacob Misiorowski",31623,694819
"Jhoan Duran","PHI",59.1,102.24588679245281,,,131.88916853932582,139.26633663366334,,126.74318181818184,133.3802247191011,,123.60806482364161,99.12743565300276,125.22699714013346,"Jhoan Duran",21029,661395
"Tyler Rogers","TOR",71,,138.83606727037517,,,129.18493827160492,,,,,136.49200394866742,98.7610266535045,125.1210069101678,"Tyler Rogers",15541,643511
"Josh Hader","HOU",44.2,,120.39085057471266,,,112.93108333333333,,,,,117.73848888888888,108.98728888888894,124.29173333333335,"Josh Hader",14212,623352
"Jonathan Loáisiga","ARI",67,97.45818181818181,117.85011834319526,92.4496875,,,112.11489655172413,98.22646153846152,,,106.11857433808552,116.82103869653768,123.67391038696545,"Jonathan Loaisiga",19753,642528
"Seth Martinez","BOS",1,92.96000000000001,97.52,,,134.92000000000002,,87.7,,,111.09818181818183,127.59727272727274,121.75454545454545,"Seth Martinez",21045,661527
"Chris Sale","ATL",162.2,112.20952112676054,127.17290322580645,,,128.30023437500003,,92.95683018867922,,,117.89806778340471,109.39489676665366,121.6714141020646,"Chris Sale",10603,519242
"Tarik Skubal","- - -",158.2,117.12863839285716,117.73674757281553,,,107.98237633721497,116.71176486413773,122.60829187396352,,,117.36269769528187,105.69608965125312,121.18214201763729,"Tarik Skubal",22267,669373
"Evan Phillips","LAD",26,116.09685863874344,103.125625,97.71441860465117,,123.78560509554138,,,,,116.09374407582939,108.38014218009478,120.79549763033177,"Evan Phillips",17734,623465
"Louis Varland","TOR",78,118.29206286836938,107.71862068965518,,,97.4094,,100.5539013452915,125.11685333333335,,115.15458231954584,106.28751013787506,120.57307380373084,"Louis Varland",27691,686973
"Blake Snell","LAD",42.2,106.69079019073571,,,,110.12875000000001,147.05888888888884,122.19196969696971,,,118.67215155615696,105.34944519621111,119.91726657645467,"Blake Snell",13543,605483
"Tanner Scott","LAD",63.2,119.51086680761102,,,,122.31786885245896,,,,,120.94344108446299,104.38546402502612,119.77526590198121,"Tanner Scott",17586,656945
"Alex McFarlane","PHI",19,121.7476119402985,113.29365853658534,,,126.78541666666665,,,,,121.07412903225807,98.46025806451618,119.29096774193549,"Alex McFarlane",31773,686934
"Jacob deGrom","TEX",162.2,108.4359375,101.46747252747252,,,112.04927194860812,104.47582417582419,105.42815013404825,,,108.76563256325639,108.26668133480017,117.66773010634394,"Jacob deGrom",10954,594798
"Aroldis Chapman","BOS",51.2,104.53756410256409,115.70446886446884,,132.91359223300975,123.9929411764706,,,,,115.12579261025037,104.98226460071511,117.42879618593561,"Aroldis Chapman",10233,547973
"Brendan Cellucci","TOR",8.2,93.50458333333331,106.43333333333332,,,115.18700000000003,,,,,105.57423423423423,111.11063063063065,117.27261261261262,"Brendan Cellucci",26318,676454
"Ryan Thompson","ARI",40.2,104.89928571428571,122.63955990220049,,,121.9997222222222,,,,,121.46112804878054,101.61923780487804,117.06832317073172,"Ryan Thompson",16647,657044
"Mason Montgomery","PIT",68.2,110.05309963099636,103.94846153846154,,,115.2958984037116,122.93862612612614,81.37217391304348,,,110.477897602373,106.95803478340882,116.97813242898239,"Mason Montgomery",29770,682254
"Hunter Harvey","CHC",4,100.56842105263159,,,112.7625,113.134,83.54666666666667,,,,105.56052631578946,112.73842105263157,116.78973684210527,"Hunter Harvey",15507,640451
"Mason Miller","SDP",70,105.36994594594596,122.42,,,131.3774781085814,,110.49454545454546,,,118.45628027681661,101.58797577854669,116.76854671280279,"Mason Miller",31757,695243
"Aaron Ashby","MIL",89.1,88.49517241379313,119.18550303030301,,,132.8570053475936,113.8098305084746,114.67159574468086,,,118.36467762326157,95.21816687737045,116.5774083438685,"Aaron Ashby",23550,676879
"Yennier Cano","BAL",49.2,77.32324324324325,107.65935334872978,,101.1079090909091,125.23690322580649,,,,,107.80391971664697,106.97242030696574,115.63775678866588,"Yennier Cano",25911,666974
"José A. Ferrer","SEA",64.2,96.00000000000001,125.9854860186418,,,130.06577777777775,,120.97367346938773,,,125.40025901942637,94.31979648473639,115.62958371877892,"Jose A. Ferrer",24017,678606
"Tyron Guerrero","BOS",40.2,,113.4542256214149,,107.88153846153847,112.69491525423733,,,,,112.96595813204505,105.93027375201292,115.51687600644121,"Tyron Guerrero",11691,594027
"Grant Taylor","CHW",84,106.46253859348198,104.1230487804878,113.76499999999999,,107.90597285067874,100.15969679033392,,,,104.76538074526124,110.08584166064006,115.40060859496833,"Grant Taylor",33927,691799
"Steven Okert","HOU",67.2,92.76643598615917,90.71403508771928,,,124.77891153908725,,76.28999999999999,,,114.00938883757634,105.2360201805481,115.07259589241372,"Steven Okert",13580,595345
"Didier Fuentes","ATL",73.1,116.20892307692306,,,88.98120481927711,120.10951996772894,95.35777777777778,,,,115.15109263357746,102.18179970116385,114.81100124140565,"Didier Fuentes",30661,800311
"Cade Smith","CLE",74,115.37614702154625,,,108.46537216828476,114.62430769230767,,,,,113.50587080948485,102.40704824202783,114.47455437448896,"Cade Smith",27867,671922
"Jonathan Bowlan","PHI",56.1,114.40634989200863,113.5902803738318,,,117.24440944881893,107.45272727272727,89.06937499999998,,,111.65533678756468,102.86799999999998,114.37067357512966,"Jonathan Bowlan",24607,680742
"Cam Schlittler","NYY",193.2,119.68470066518849,109.60921501706484,106.81554697554701,,111.43806451612906,109.58269360269361,,,,113.3705909541103,102.17247936612742,114.30550676791026,"Cam Schlittler",32095,693645
"Dedniel Núñez","NYM",19,97.32938053097345,,,,114.87333333333333,,105.14666666666666,,,105.37613207547172,108.25764150943394,113.99122641509437,"Dedniel Nunez",23055,673380
"Chase Burns","CIN",154.1,104.92897327707455,88.78000000000002,,,125.83033099297894,89.53999999999999,88.05835820895526,,,112.09245901639345,101.19822014051522,113.91210772833722,"Chase Burns",35333,695505
"José Alvarado","PHI",58.1,112.34909090909088,115.11099579242637,111.34564383561644,,,150.1406666666667,,,,114.6681455190772,94.1861756876664,113.83590062111796,"Jose Alvarado",17780,621237
"Drew Rasmussen","TBR",172,116.57849664429531,117.1322906793049,101.6456770833333,,109.90985074626866,83.44608695652174,109.4314689265537,,,110.14162711864407,105.98635781544257,113.69163841807914,"Drew Rasmussen",25385,656876
"Kyle Harrison","MIL",115.2,107.21302248126564,106.02000000000001,85.16,,,102.7395889929586,107.571914893617,,,105.76913353775832,111.38044067257509,113.6058018958455,"Kyle Harrison",27758,690986
"Cristopher Sánchez","PHI",207,,114.91162624821683,,,109.42288659793816,,122.34539709649871,,,116.66933035714281,96.90653061224492,113.37563775510199,"Cristopher Sanchez",20778,650911
"Bryce Miller","SEA",118.2,108.75108724832215,85.76913580246914,91.93383177570092,113.34784580498867,105.17889951045836,,,112.55649999999999,,106.38659181665156,107.9368098923985,112.97410753679976,"Bryce Miller",29837,682243
"Griffin Jax","TBR",112.1,109.57628205128204,99.7096675191816,92.97319999999999,,105.02677126366059,115.69287619047617,99.54627249357328,,,104.04093317747659,106.61907354024126,112.96936820140573,"Griffin Jax",20253,643377
"Luis De León","BAL",9.1,,108.02447058823532,,130.57076923076923,109.38533333333335,,,,,112.85216,98.83888,112.94912,"Luis De Leon",30944,801725
"Tim Hill","NYY",58.2,104.5224489795918,130.73597633136092,,,108.59887640449435,,,,,126.81945341614906,91.07592546583854,112.93013664596282,"Tim Hill",16814,657612
"Brandyn Garcia","ARI",51.1,,103.90757225433525,85.52821917808215,,144.84749003984064,,,,,114.12566037735851,99.93258760107817,112.84172506738545,"Brandyn Garcia",33568,805299
"Blake Weiman","LAA",17.2,87.30823529411767,87.10277777777777,,,99.0389215686275,,82.62545454545453,,,95.30567375886525,118.65709219858157,112.79638297872337,"Blake Weiman",20257,676620
"Michael Petersen","MIA",65.2,113.95829971181556,100.4,,,118.45016611295684,,95.77818181818184,,,112.96985281385284,101.64122943722944,112.78521212121211,"Michael Petersen",20827,656848
"Zack Wheeler","PHI",162,112.72025396825396,111.60219512195121,83.82501792114694,89.49846867749417,102.98943502824858,120.47201754385965,,,,105.1069367663764,106.51187429004162,112.7463385081408,"Zack Wheeler",10310,554430
"Cade Horton","CHC",7.1,100.18622222222223,96.42,,,116.86,103.45555555555555,88.26526315789475,,,99.41565217391306,115.68195652173915,112.69565217391306,"Cade Horton",31872,690990
"Bryan Baker","TBR",62.1,102.05179883945846,,,,113.948125,,126.19149532710279,,,112.9963039014374,102.8537371663244,112.67765913757701,"Bryan Baker",19804,641329
"Jordan Wicks","CHC",10.1,93.36376811594204,95.084,,,99.28486486486486,88.88,103.16313725490195,,,97.30144444444446,114.46155555555556,112.16444444444446,"Jordan Wicks",30094,696136
"Payton Tolle","BOS",148.2,125.06165191740413,100.04459016393443,102.87029612756263,,,129.5040566037736,106.81076923076922,,,114.69491197183096,99.91073943661966,112.15581866197185,"Payton Tolle",35466,801139
"Logan Gilbert","SEA",186,102.00873737373738,104.4011111111111,91.27671052631577,141.49413870246087,110.69672268907564,104.65424836601308,104.91646511627907,,,110.15284797947399,103.4134445157152,112.06348300192424,"Logan Gilbert",22250,669302
"Drew Sommers","DET",39.2,122.5944292237443,117.51152416356878,,,109.63550387596901,,86.68782608695649,,,116.42088050314463,100.60018867924529,112.03512578616348,"Drew Sommers",32026,805427
"Daniel Espino","CLE",15.1,107.58568047337278,,,,110.06177215189875,127.3408,,,,110.11128205128205,103.8487912087912,111.970989010989,"Daniel Espino",25625,682982
"Gabe Speier","SEA",46,116.20192170818507,110.75158798283262,,,113.94088397790055,,92.58999999999999,,,113.69532467532466,103.23468975468975,111.95924963924968,"Gabe Speier",17170,642100
"George Kirby","SEA",174.2,93.66045918367347,111.98579861111112,85.98103448275862,111.92137931034482,104.1266740823137,,84.0826845637584,106.74918149466191,,101.46265135699379,111.68770354906054,111.83884481558809,"George Kirby",25436,669923
"Will Dion","- - -",49.2,112.1381547619048,77.57655172413793,99.67121212121214,,,85.5228025477707,122.9985294117647,,,107.3306986719877,107.34919485028858,111.7577533707612,"Will Dion",30061,702021
"Shohei Ohtani","LAD",85.2,106.20102990033223,105.29652173913045,91.90222222222222,115.14543859649126,129.95985257985257,108.90303030303029,,,,114.34603603603597,97.6986036036036,111.60277777777779,"Shohei Ohtani",19755,660271
"Justin Martinez","ARI",13.1,125.23166666666668,135.92404761904763,,123.22,96.71777777777778,,,,,127.48493506493509,83.1051948051948,111.51783549783556,"Justin Martinez",24453,679885
"Seth Lonsway","SFG",2.1,84.48,99.39052631578947,81.98,,95.52153846153846,,93.86,,,95.13478260869564,110.58434782608694,111.47391304347825,"Seth Lonsway",30064,675920
"Jesús Luzardo","PHI",179.2,96.91807743658212,110.9302,,,122.54838181818185,,101.97536398467435,,,110.12274218824805,103.22639484056036,111.42051331578608,"Jesus Luzardo",19959,666200
"Jhony Brito","SDP",9,74.00999999999999,100.40411764705881,,,104.39649999999999,,97.50358974358976,,,98.69098360655738,117.60672131147541,111.3560655737705,"Jhony Brito",25386,666745
"Bryan Woo","SEA",173,110.13197776012707,103.70628683693516,,,114.13570570570567,118.44953846153844,84.32646706586827,,,108.4858602554471,106.50297520661151,111.3162960180315,"Bryan Woo",30279,693433
"Juan Morillo","ARI",64.1,110.05171717171716,116.79598039215689,,,115.28764227642276,,94.40639269406394,,,108.74381502890165,103.8403468208093,111.24930635838149,"Juan Morillo",21924,666661
"Robert Suarez","ATL",34,117.52170940170937,101.34533333333333,99.51217391304348,,,,99.20714285714288,,,108.189012345679,103.20115226337445,111.23555555555554,"Robert Suarez",30115,663158
"Ryan Zeferjahn","- - -",69.2,119.25048920727686,100.29749999999999,,,122.5658407176699,129.94785714285715,,,,118.03410517093569,92.30907887548514,111.02262141684308,"Ryan Zeferjahn",25420,666171
"Tim Mayza","PHI",67.1,81.63241875000001,100.8357911908646,,87.24,95.45296241758244,,,,,96.71345811854283,112.9779213948047,110.96479591228442,"Tim Mayza",15042,641835
"Michael Grove","TBR",7,102.03375,82.37333333333333,75.92857142857143,,101.60117647058824,,,91.73714285714287,,92.97595505617979,120.4743820224719,110.75820224719101,"Michael Grove",23221,675627
"Will Warren","NYY",156,109.65477516059958,103.42294027565086,,,93.50261992619926,102.25194630872484,95.84417582417582,,,102.48425414842733,106.22318454794748,110.72617052341353,"Will Warren",30182,701542
"Trevor Megill","MIL",61.2,103.47260176991149,,,,,,,134.83281553398058,,114.59476463834677,99.6916417910448,110.69047072330652,"Trevor Megill",17722,656730
"Jacob Latz","TEX",72,117.9013716108453,,,,105.9724284670644,121.18433734939758,104.76458149779734,,,113.4597924551091,100.88616461336129,110.63414239270477,"Jacob Latz",21306,656641
"Jeremiah Estrada","SDP",31,102.3010033444816,,,136.9851219512195,92.15755102040816,,,,,112.46677165354332,97.83141732283467,110.54070866141734,"Jeremiah Estrada",22210,669093
"Michael Rucker","SEA",43.2,102.71712000000002,105.21397849462365,101.70888888888888,,118.24117647058821,102.56264957264959,86.92500000000001,,,102.99730870712408,108.54147757255932,110.52825857519788,"Michael Rucker",19454,621074
"Mick Abel","MIN",20.1,118.0786928104575,85.135,,,105.78162790697671,126.64976744186043,93.79174603174602,,,110.75546218487396,102.06700280112044,110.37512605042016,"Mick Abel",27756,690953
"Reid Detmers","LAA",185,101.53091445427728,100.39448275862071,,,109.63601651186792,100.90227692307695,101.34833333333331,,,104.1186022957461,109.25916948008101,110.34532748143143,"Reid Detmers",27468,672282
"Brock Stewart","LAD",26.2,108.24950354609929,100.44036363636363,91.87294117647059,,123.69094736842105,,93.99087719298245,,,107.33651314500098,102.90228574628324,110.2663270991404,"Brock Stewart",16727,592779
"Dylan Lee","ATL",67,115.61068656716417,,,,117.7290476190476,,90.95658823529409,,,112.75000955109836,99.54473734479464,110.18171919770776,"Dylan Lee",19996,669276
"Ryan Weathers","NYY",137.1,100.05683794466404,96.14497890295361,,,109.52854771784233,,101.63572173913045,,,102.64620659340655,108.29616703296708,110.01912967032969,"Ryan Weathers",23796,677960
"Braxton Ashcraft","PIT",165.1,91.5617591339648,104.85189999999999,,87.5096,103.63737827715357,131.42310832025117,,,,106.81082362728782,107.10799500831946,109.9391680532446,"Braxton Ashcraft",23793,677952
"Roki Sasaki","LAD",122.1,98.29103291713962,,,127.74476345840134,110.02832744665194,,,,120.55933774834438,110.95429870209999,98.05598704303563,109.92458024724004,"Roki Sasaki",35323,808963
"Yoshinobu Yamamoto","LAD",185,105.6071787709497,102.71513966480448,95.4093103448276,103.46912087912088,102.94168674698795,100.43381615598888,,,,102.29666177549521,106.94768892149665,109.82471753484964,"Yoshinobu Yamamoto",33825,808967
"Joe Ryan","MIN",144.2,114.40732654949122,105.69573913043479,,78.07535836177476,98.99709281961472,,,122.9446715328467,,106.80008939455509,106.22607882974401,109.68882568061768,"Joe Ryan",21390,657746
"Kevin Kelly","TBR",73.2,122.04685714285712,118.26388007054675,86.47333333333331,,112.68985507246379,,107.623321299639,,,115.03981707317071,96.98406504065036,109.67406504065036,"Kevin Kelly",25679,687330
"Gavin Williams","CLE",184.1,105.21045735475899,94.0166594360087,83.35103448275864,,119.84468085106386,99.36277108433738,,,,105.05418786029158,104.95062733129873,109.57561207188877,"Gavin Williams",30122,668909
"Yacksel Ríos","CHC",1.2,102.24,112.4,,108.18,94.3,,,,,106.45076923076923,106.18307692307692,109.55692307692306,"Yacksel Rios",15007,605441
"Max Fried","NYY",112.2,102.33481481481479,109.6317746478873,100.6769109947644,,111.5100884955752,119.1768695652174,98.56679611650485,,,106.5348139397519,101.5143886591849,109.47213230950976,"Max Fried",13743,608331
"Justin Slaten","BOS",31.1,119.74937499999999,93.35415384615385,98.63137440758294,,121.44160919540228,112.64588235294116,,,,107.61620553359683,101.32794466403162,109.37865612648218,"Justin Slaten",25648,686580
"Devin Williams","NYM",40.2,103.57915000000001,,97.362,,,,116.57942693409743,,,109.39312252964423,99.49849802371541,109.3165480895916,"Devin Williams",15816,642207
"Luis Curvelo","TEX",10.1,91.88175438596491,100.47189189189189,,112.7421052631579,102.92666666666666,,,,,100.32155440414509,109.89129533678756,109.25378238341969,"Luis Curvelo",24710,681168
"Tyler Zuber","MIA",39.2,109.1587591240876,97.06878048780487,,,119.82642622950817,108.18375000000002,,,,112.37818181818186,101.43901875901872,109.07633477633473,"Tyler Zuber",20379,676604
"Andrés Muñoz","SEA",57.1,107.1525183374083,110.86837837837835,,,130.25597014925378,,120.44575757575754,,,118.27924528301887,91.59318658280925,109.00559748427679,"Andres Munoz",20373,662253
"Blake Treinen","LAD",29.2,89.79966666666668,105.38408839779002,98.44407407407407,,118.96000000000001,,74.02,,,108.1052244897959,104.76330612244897,109.0001224489796,"Blake Treinen",12572,595014
"Anthony Gose","KCR",13.2,104.9515,,,,128.80059701492536,,93.60909090909091,,,112.44355329949238,98.5031472081218,108.9885279187817,"Anthony Gose",5097,543238
"Elvis Alvarado","ATH",55.1,117.37046263345195,91.03142857142858,,103.28387096774193,112.1445263157895,,,,,111.12481481481478,97.1687448559671,108.80864197530865,"Elvis Alvarado",21662,665660
"Justin Wrobleski","LAD",140,94.50959008579599,90.96406779661018,97.50999999999999,,107.23680932372851,80.43760529743813,89.69264150943397,,,97.37773447782904,113.53330562894578,108.75714260640994,"Justin Wrobleski",31204,680736
"JoJo Romero","- - -",56.1,115.76,105.09870813397129,,,117.71841587095578,,93.09051948051949,,,108.36742917014294,99.99952391679183,108.68374832582457,"JoJo Romero",19574,668941
"Anthony Bender","MIA",34.1,97.83500000000001,95.33099415204676,,,124.62363112391935,,97.11833333333334,,,114.30130111524169,101.29769516728618,108.67788104089219,"Anthony Bender",19742,669622
"Riley Martin","CHC",8.1,105.52545454545455,,,,108.72333333333334,114.10802364864864,,,,108.52990446841297,104.93443759630198,108.67686594761169,"Riley Martin",29934,702303
"Trent Harris","SFG",23.1,,87.64536585365856,99.22399999999998,18.379999999999995,104.51703703703706,107.58984126984129,,,,99.41192307692312,106.19895604395602,108.67324175824172,"Trent Harris",33214,805345
"Garrett Whitlock","BOS",52.1,,94.57543269230769,,,101.61645833333336,,108.07044776119399,,,98.83447439353095,111.66091644204857,108.64053908355795,"Garrett Whitlock",20191,676477
"Edgardo Henriquez","LAD",60,123.49819819819822,131.8684647302904,117.65872340425526,,138.75580463454844,112.03434646654162,,,,127.44276260724003,81.94223802486577,108.6286038091999,"Edgardo Henriquez",26944,683618
"Caleb Thielbar","CHC",50,102.91630303030303,,,,115.70853333333339,126.37083333333334,,,,113.42904368358913,100.48004722550172,108.55976387249115,"Caleb Thielbar",10078,573204
"Hunter Greene","CIN",27.2,107.28345991561181,99.53857142857143,,114.50521739130434,117.58372413793103,,,,,110.81564835164836,98.26426373626371,108.546021978022,"Hunter Greene",22182,668881
"Gavin Hollowell","CHC",14.2,99.89217391304348,108.64241379310343,,,119.56232558139533,,99.3295652173913,,,108.33312741312744,102.49714285714289,108.53444015444016,"Gavin Hollowell",25427,668970
"Janson Junk","MIA",123.2,98.22620199146516,90.73871794871795,,,103.80394129467815,94.50934782608697,102.43520231213876,,,100.22570432005378,109.4854663983289,108.47185131032472,"Janson Junk",23301,676083
"Will Vest","DET",26.2,99.2054205607477,114.79493333333335,,,109.218,,103.8283636363636,,,105.07904564315349,106.6951867219917,108.34966804979254,"Will Vest",19769,676684
"Zack Kelly","BOS",16.1,123.90564102564105,104.9325,95.02322580645162,,125.33064516129036,,112.458,,,108.064,99.0762857142857,108.19242857142856,"Zack Kelly",20349,677161
"Luis Severino","ATH",62.2,112.05017391304348,103.05737451737453,92.27706666666666,,122.0117981072555,,88.40338983050846,,,107.4482428702852,102.14572217111316,108.14853725850966,"Luis Severino",15890,622663
"Luke Weaver","- - -",60.1,104.53978308026029,70.16,93.84681818181818,,93.28,,98.97357142857142,,,101.05414065171296,106.14797340637467,108.05110314334638,"Luke Weaver",16918,596133
"Logan VanWey","HOU",12.2,99.05584905660378,90.82875,96.44333333333334,,113.51781818181819,,104.62909090909092,,,102.86625000000002,109.87979166666663,108.03541666666665,"Logan VanWey",31884,701121
"Jared Jones","PIT",101.2,92.73774278215224,,,,110.52050450450452,110.72948148148147,98.76861878453037,,,100.93597792765178,104.9446474555487,107.99350091968122,"Jared Jones",27863,683003
"Alex Hoppe","- - -",42.2,104.3925179856115,122.08449438202247,,,118.3449935238608,,98.6475,,,113.76126521183134,96.30587943701119,107.91730245480525,"Alex Hoppe",31880,695380
"Paul Sewald","- - -",53.1,106.34350951374206,,99.67916666666667,,110.44842975206613,,,,,107.92031677851482,102.48521568154582,107.88451551472168,"Paul Sewald",13892,623149
"Bradgley Rodriguez","SDP",74,108.38347266881027,100.88832214765101,,,117.42366197183098,,95.32282306163022,,,102.51012460948832,105.6289908807299,107.7776558264191,"Bradgley Rodriguez",29107,699134
"Anthony Kay","CHW",158,93.27507487520798,111.96446215139443,101.75503296703299,,108.50287211438177,,101.64476190476189,,,103.81396691195154,103.21109800925139,107.77115437473462,"Anthony Kay",20387,641743
"Cionel Pérez","- - -",45.1,91.68951807228915,109.47208510638298,,,,110.09495450469299,,,,106.12911422352977,101.9469917430229,107.68279525340849,"Cionel Perez",19614,672335
"Wandy Peralta","SDP",77.1,99.31385964912279,97.94250489236792,,,100.40585701525126,,106.73799043062203,,,101.17611666895968,106.17865999281024,107.62918852019288,"Wandy Peralta",14295,593974
"Emmet Sheehan","LAD",112.1,102.60117224880383,,,,98.8423774219437,90.73512352963569,104.93348684210525,,,100.3988820814382,105.92491326422679,107.49351425873529,"Emmet Sheehan",29839,686218
"Aaron Nola","PHI",175.1,105.71373937677053,102.42949532710283,90.45605381165916,,89.45904761904762,,66.57775467775467,126.13561224489797,,104.24952705001704,103.9606873086083,107.40692752636951,"Aaron Nola",16149,605400
"José Rodríguez","TOR",4.2,108.445,88.84260869565217,,,106.47999999999999,,96.82260869565218,,,97.59470588235295,105.62,107.39735294117646,"Jose Rodriguez",28393,692064
"Brian Fitzpatrick","MIL",6.2,92.0208695652174,94.61200000000001,,,99.79466666666667,,105.2238888888889,,,98.9965137614679,108.27155963302751,107.39082568807339,"Brian Fitzpatrick",31624,702153
"Graham Ashcraft","CIN",35.1,,,82.91861861861861,,142.99415162454872,,,,,110.26256157635468,100.02449917898193,107.3848932676519,"Graham Ashcraft",27552,668933
"Spencer Miles","TOR",95.2,95.83268518518523,95.9569777777778,,,104.32190082644628,107.69289759725402,94.8,,,100.13559685235664,109.66863706188886,107.31723831768441,"Spencer Miles",31621,693686
"Dylan Dodd","ATL",49.2,116.22,113.32649572649575,98.7834306569343,,118.46263157894737,,,,,108.52252577319591,103.59100515463918,107.29739690721651,"Dylan Dodd",29928,689266
"Erik Miller","- - -",51.1,99.86655172413792,121.67949895615865,,,115.98911080499016,,101.08457142857141,,,117.351574233647,90.31289767608804,107.24123790254878,"Erik Miller",26252,669062
"Grant Wolfram","BAL",52.1,92.30591549295772,109.23525714285718,95.87333333333332,,127.58406091370558,117.18428571428568,,,,110.34413186813184,100.01085714285716,107.23470329670329,"Grant Wolfram",21623,664991
"CJ Van Eyk","TOR",11.2,94.12307692307692,94.98413793103448,95.60103448275864,,96.05142857142859,81.89673469387756,86.84166666666667,,,90.9073777777778,114.18533333333333,107.20880000000001,"CJ Van Eyk",27568,669310
"Josh Ekness","MIA",30.2,112.17703703703704,111.63636363636367,,,131.45323741007195,125.19565217391305,,,,118.14768382352943,90.97110294117648,107.2068382352941,"Josh Ekness",33785,694795
"Chris Martin","TEX",14,96.80461538461537,109.82466666666666,101.25076923076924,101.91583333333335,109.43882352941176,108.2757142857143,,,,102.12370078740153,106.60070866141733,107.17944881889764,"Chris Martin",11847,455119
"Abner Uribe","MIL",59.1,99.92,101.49379188712521,,,121.03026086956525,,,,,108.80231441048034,99.59903930130999,107.16759825327514,"Abner Uribe",25327,682842
"David Bednar","NYY",69.1,104.7678205128205,,,104.01546218487398,,97.34933333333338,,,,103.10674761491761,104.86877710320906,107.13864700780579,"David Bednar",19569,670280
"Brian Keller","PHI",3,88.2,71.94,85.74,,122.02000000000001,,,,,99.98291666666667,127.19291666666668,107.11625,"Brian Keller",19593,662144
"Drew Pomeranz","- - -",29,102.94424068767908,,,,,,,115.26682170542635,,106.28948489573399,99.67580019518324,107.08978574713674,"Drew Pomeranz",11426,519141
"Ryne Nelson","ARI",87.1,110.74836734693876,80.10958333333333,89.95328358208955,,108.78659649122808,103.72243902439025,,,,106.26165149622119,101.33777641602337,107.07350473276918,"Ryne Nelson",26253,669194
"Antwone Kelly","PIT",18.2,99.6946052631579,91.34416666666668,,,127.90340425531916,,121.45333333333332,,,110.26496732026145,97.43882352941178,107.02444444444446,"Antwone Kelly",29000,699008
"Ray Kerr","ATL",18.1,96.76157894736842,95.50208333333335,88.845,,,100.69068965517243,,,,99.75014614264124,108.25434714519206,106.98582635217846,"Ray Kerr",23809,678061
"A.J. Minter","- - -",45.2,103.60021390374331,109.80600000000001,105.99721179624666,,,,91.28850574712644,,,103.64466988369317,104.14514940231585,106.94879004016738,"A.J. Minter",18655,621345
"Brody Hopkins","TBR",5.1,130.28175438596492,,112.88571428571429,,,95.5574358974359,,,,115.95145631067962,81.23611650485437,106.94310679611651,"Brody Hopkins",33903,811315
"Alex Vesia","LAD",58,122.84645390070918,,,,106.62091803278688,,104.67957746478875,,,115.40639603960398,92.1560792079208,106.90291089108908,"Alex Vesia",25007,681911
"Miguel Ullola","HOU",16.2,111.0304458598726,,100.35833333333335,,91.48203389830509,104.58,80.5,,,105.11119126034221,98.98960840228132,106.88938870592017,"Miguel Ullola",29036,699044
"Orlando Ribalta","WSN",43,99.05628571428574,102.89568000000001,,,109.06453608247419,,89.6221138211382,,,102.04718498659516,106.48485254691687,106.8763002680965,"Orlando Ribalta",26247,687377
"Andrew Painter","PHI",126.2,96.92289813486371,83.8569230769231,,97.54109756097562,114.7286114702161,119.1925396825397,97.47965217391304,,,103.34812871648019,102.56466603340789,106.84127392256656,"Andrew Painter",30091,691725
"Kenley Jansen","DET",45,,127.67510204081633,107.20786666666667,,103.87105263157895,,,,,108.24154696132594,99.00881215469614,106.7995303867403,"Kenley Jansen",3096,445276
"Cam Booser","TBR",41,108.06153846153849,,113.16661224489798,,124.64885245901641,,128.64000000000001,,,112.31117750439363,99.310474516696,106.7916695957821,"Cam Booser",16061,592155
"Jackson Jobe","DET",46,96.32539419087138,95.57062937062939,96.98666666666666,,104.24020100502511,126.11791666666669,105.30632911392406,,,102.88715214564367,103.55898569570873,106.78626788036414,"Jackson Jobe",30203,695549
"Daniel Palencia","CHC",29.2,95.17716088328076,107.98666666666666,,112.66428571428574,108.85228070175438,,,,,100.06559999999999,103.11360000000003,106.78589473684205,"Daniel Palencia",27914,694037
"Eddy Yean","WSN",11,82.80499999999999,92.65711340206187,,,94.62941176470588,,81.2248,,,89.2746954972465,113.94013200518305,106.71043164885002,"Eddy Yean",24248,678868
"Mason Fluharty","TOR",62.2,,,105.18674418604652,,108.52459344660194,,97.01629629629628,,,105.63107542956853,99.09326579381369,106.67527400351275,"Mason Fluharty",31553,689254
"Logan Henderson","MIL",98.1,108.88183381088825,,93.8555652173913,,109.9078787878788,,95.61769811320752,,,102.0435418038183,107.90849242922974,106.5945358788676,"Logan Henderson",31475,701656
"Cooper Criswell","SEA",40.2,108.55333333333333,106.17606557377044,95.88873015873018,,114.92456140350878,112.635,89.25349112426035,,,101.34185534591195,108.40289308176104,106.45522012578614,"Cooper Criswell",24975,681867
"Andrew Morris","MIN",73.2,99.943807890223,95.51776315789473,116.93826388888884,,134.78175172413793,103.39764705882354,105.40863309352518,,,106.91818264307113,101.98551980222997,106.45259326811485,"Andrew Morris",31891,702193
"Gerrit Cole","NYY",127,103.88410582010584,93.26794117647057,121.1,,107.2949614395887,,95.19282258064517,106.18169741697417,,103.40136743215028,106.39848643006262,106.44252609603339,"Gerrit Cole",13125,543037
"Robby Ahlstrom","TEX",37,107.64445497630334,103.77375000000002,,,108.1017964071856,108.40583333333332,101.14627450980392,,,105.92393188854491,101.9747678018576,106.4317956656347,"Robby Ahlstrom",30167,695239
"Joel Peguero","SFG",11.1,85.41342465753426,104.58701754385966,,,118.42205128205129,,,,,99.49763313609466,107.64071005917161,106.42816568047337,"Joel Peguero",21951,666711
"Blake Walston","ARI",3,79.75058823529412,69.38,97.28000000000002,,90.264,81.59666666666668,83.92,,,84.86090909090909,110.3259090909091,106.41636363636364,"Blake Walston",26270,686796
"Ryan Helsley","BAL",15.1,110.4217886178862,,,111.06666666666668,136.06075471698114,114.38363636363637,,,,120.61443223443217,88.19194139194141,106.2968498168498,"Ryan Helsley",18138,664854
"Robert Garcia","TEX",18.2,105.20015748031496,,,,102.15050847457627,,114.56950495049502,,,107.87045296167247,96.13574912891987,106.12557491289199,"Robert Garcia",23363,676395
"Jack Dreyer","LAD",64.2,106.99399696580699,,,,100.63077747989276,98.08788235294116,,,,103.2427019045323,102.68016413532624,106.11054825618778,"Jack Dreyer",30249,676263
"Keegan Akin","BAL",25.1,100.32949771689498,,,,107.09636363636362,,91.04087719298246,,,99.60007513469874,106.85101777858328,106.05055752363063,"Keegan Akin",19362,669211
"Ryan Rolison","CHC",63,94.83705583756344,112.96075030012004,,,111.4501400984476,102.732962962963,88.20666666666666,,,103.47461621734259,101.6263005391888,106.03012533145791,"Ryan Rolison",22200,669020
"Edwin Díaz","LAD",18.2,104.38895927601811,154.51999999999998,,,111.76290697674419,,,,,107.79803030303032,97.40358585858584,105.9718181818182,"Edwin Diaz",14710,621242
"Antonio Senzatela","- - -",73.1,97.39702247191008,104.14848979591835,110.28388746803068,,117.53379310344829,108.11898989898988,89.72301886792454,,,104.15749640273454,104.8725329599059,105.86733448537031,"Antonio Senzatela",15488,622608
"Dustin May","- - -",145.2,103.2739932885906,112.68885654885653,88.48112478031635,,111.12721807831637,106.2032967032967,85.23534246575343,,,102.17500341341041,103.30663574555932,105.81084962652545,"Dustin May",19716,669160
"Tyler Schweitzer","CHW",37.1,94.97474654377882,100.81368421052632,,,99.39159851301113,119.89999999999999,96.60415094339623,,,97.60587610619471,105.94630088495579,105.8072566371681,"Tyler Schweitzer",31920,805326
"Ben Casparius","LAD",4.2,88.67024390243904,,96.39692307692306,,119.31037037037038,113.3975,122.1,,,102.71292929292932,99.27595959595963,105.80707070707068,"Ben Casparius",30085,676508
"Andrew Nardi","MIA",22.2,105.05182320441989,133.44571428571427,,,113.58319148936168,,99.57590909090908,,,108.58763723150358,97.90582338902144,105.79823389021486,"Andrew Nardi",25942,677053
"Juan Burgos","ARI",4.1,80.46666666666667,102.06888888888888,105.46,,141.65333333333334,,,,,111.24119999999999,98.0808,105.7968,"Juan Burgos",27271,686228
"Trevor Rogers","BAL",169.2,102.19115354017502,102.15272727272726,101.89054054054054,,118.809819121447,,87.0540834845735,,,101.53104988830974,107.35811615785556,105.70219657483254,"Trevor Rogers",22286,669432
"Ryan Watson","- - -",72,98.76214953271027,101.98748466257668,72.4221582733813,85.86999999999999,93.17270353244392,97.4128278606965,,,,91.15299047162384,112.56422771412095,105.63186549317118,"Ryan Watson",27853,670245
"Alec Gamboa","BOS",33,102.95185567010309,119.69544554455446,,,112.37820512820512,119.7125,138.9,,,110.60932127685135,96.09956218807677,105.6237701623912,"Alec Gamboa",26227,687941
"Luke Little","CHC",1,88.5,129,,,121.5,,,,,97.57894736842105,115.16526315789473,105.56947368421052,"Luke Little",28036,681432
"José Soriano","- - -",177.1,95.39154605263157,102.4379381443299,,98.69963436928704,97.27971631205673,,,91.67303882195449,,97.26535028815923,106.06798221768244,105.51401469531692,"Jose Soriano",22100,667755
"Anthony Molina","- - -",34,93.8660836501901,80.2,,,109.70982456140352,115.36466346153846,103.23418803418804,,,101.7211831792976,105.56900055452867,105.4916327171904,"Anthony Molina",26952,683627
"Grant Anderson","MIL",59,109.36932098765433,101.36392694063929,,,102.14358823529412,,70.69225806451612,,,103.4239297475302,101.15354555433582,105.45106476399559,"Grant Anderson",20546,681982
"Angel Zerpa","MIL",12.2,104.46,109.89795918367348,,,106.2688888888889,,76.9076923076923,,,106.8627906976744,103.47311627906977,105.30325581395351,"Angel Zerpa",22717,672582
"Nolan McLean","NYM",179.2,104.15528368794327,113.47154150197628,100.53653594771241,,93.75298823529405,116.21409523809524,101.97160220994473,,,107.05841543231136,95.24017912504304,105.29789872545646,"Nolan McLean",33703,690997
"Parker Messick","CLE",186.1,95.79480097481722,92.80108597285067,93.92043165467625,,96.34408163265307,99.32898785425104,103.00307471264368,,,97.30845213849291,106.0724643584522,105.27142566191442,"Parker Messick",31986,800048
"Kevin Ginkel","ARI",67.2,82.870808678501,98.43066666666667,,,107.05363465160073,,,,,95.40101910828028,111.301237488626,105.21326660600546,"Kevin Ginkel",19876,656464
"Max Lazar","PHI",10,99.27573770491803,,91.35878787878788,110.01371428571429,,,,79.12444444444445,,96.5224358974359,107.01923076923077,105.17705128205128,"Max Lazar",23426,676661
"Casey Legumina","- - -",71.2,121.7290041493776,111.54162601626018,,,104.9577363077363,,79.15709923664122,,,110.53543955779651,96.8844206008781,105.1195989264006,"Casey Legumina",25921,668984
"Max Meyer","MIA",111,97.00669767441862,92.22658959537571,,,100.7258882235529,,87.3320218579235,,,97.6453497481813,104.81021824286515,105.1086625629547,"Max Meyer",27474,676974
"Enmanuel De Jesus","DET",42.1,107.18283687943266,100.92426966292132,115.96702702702704,,92.05853658536586,,89.16285714285715,,,102.99106766917296,103.78225563909773,104.99843609022552,"Enmanuel De Jesus",18554,646241
"Paul Skenes","PIT",174.1,94.95938983050847,94.94811764705882,,84.6551202749141,118.72357043235706,125.52363636363638,84.84466666666667,,,98.70009685230026,107.16131442407467,104.98149429263239,"Paul Skenes",33677,694973
"José Urquidy","- - -",36.1,90.4,90.7664566929134,,116.17000000000002,107.95025641025642,87.69221052631579,105.42388235294116,,,96.98654634777121,110.72884364477032,104.83410683760368,"Jose Urquidy",18413,664353
"Jack Ralston","MIA",17.1,73.33760040160644,,,118.82754716981133,117.89399999999998,,,,,106.708566667449,99.62441852277796,104.81537822423545,"Jack Ralston",26104,667652
"Garrett Crochet","BOS",30,116.72390804597701,101.15775862068965,103.29437500000002,98.75500000000001,150.2902702702703,,85.40636363636362,,,113.19911025145069,94.61694390715665,104.79868471953577,"Garrett Crochet",27463,676979
"Spencer Bivens","- - -",7.2,96.93574468085106,111.24375,98.99749999999999,,123.85081081081083,122.97333333333334,95.37299999999999,,,108.26375806732948,102.47626199197627,104.78513518227803,"Spencer Bivens",30226,702352
"Tyler Wells","- - -",72,91.43160000000002,,99.39234567901234,,99.75485524989202,95.25191489361703,96.78932773109243,,,96.49999570585334,108.31861487133516,104.72430932716256,"Tyler Wells",20000,669330
"Jake Bennett","BOS",113.1,88.15866432337435,102.74355670103091,74.52466666666666,,102.49185870479394,109.89250000000001,87.16794520547947,,,92.49550007404761,113.58465050141656,104.64722872998152,"Jake Bennett",31959,687562
"Mason Englert","TBR",39.1,104.0855172413793,89.83833333333334,84.14,,99.27598793363498,95.55403233566435,95.69977528089886,,,95.09883276368004,110.26331063370742,104.63684334218732,"Mason Englert",22288,669438
"Bubba Chandler","PIT",154,102.48183076923077,94.88055045871559,,,103.8740277167052,111.69070422535209,88.72167101827678,,,100.72102515000638,102.0095269783517,104.58885185843776,"Bubba Chandler",29868,696149
"Walbert Ureña","LAA",148.1,75.06491304347826,109.13766138855055,,,120.76546227533622,,98.26971830985916,,,100.74077170332048,101.64613672136942,104.58858568696316,"Walbert Urena",29357,700712
"Justin Bruihl","STL",77.2,117.768,103.92703832752616,84.43166666666667,,101.4417013232514,,89.93696428571431,,,102.35405653170358,103.4853934300993,104.48996180290295,"Justin Bruihl",23779,677865
"Noah Cameron","KCR",177.1,89.31602877697843,94.28870748299322,89.28740983606559,,101.60134095634096,107.05237288135594,102.52072664359865,,,96.75362786020325,105.23515114684363,104.44974073861161,"Noah Cameron",30184,702070
"Logan Webb","SFG",160.2,97.73881656804734,110.73633879781421,84.34786377708977,,94.50369477911647,,98.1020134228188,,,99.26840322580652,103.87727419354832,104.39259677419358,"Logan Webb",17995,657277
"Pete Fairbanks","MIA",41.1,110.40634408602152,,141.4829378531074,,132.25366336633664,,85.91571428571429,,,122.84554444927322,87.05081945048049,104.18757545028733,"Pete Fairbanks",17998,664126
"Eury Pérez","MIA",159,124.50912955465584,104.84733050847457,,,116.8632222664234,104.52976470588234,82.88973913043478,,,113.8868754165612,92.70465241134352,104.15626505272856,"Eury Perez",27768,691587
"Nathan Eovaldi","TEX",145.2,88.37504885993485,101.10622516556289,93.31161137440756,93.57927797833932,94.89789473684212,100.28159517802075,,,,94.83003795413308,106.21891569211212,104.05665991874838,"Nathan Eovaldi",9132,543135
"Christian Scott","NYM",110,103.8323758099352,88.35939393939395,95.7775806451613,111.99523809523808,119.54903490759752,122.91340000000002,,,,107.17789105447282,99.06573713143423,104.03859070464769,"Christian Scott",30107,681035
"Nick Martinez","TBR",180,95.76867924528302,100.90272159800246,86.82374774774776,,91.41124999999998,87.27320388349513,108.50534562211983,,,98.19267594433403,107.04804771371765,104.0168031809145,"Nick Martinez",12730,607259
"Jason Foley","SFG",26,95.39851851851851,101.73670212765957,,91.21573770491803,101.51478991596639,,,,,99.0701785714286,103.63129464285716,103.95062500000004,"Jason Foley",19531,671345
"Jake Bird","- - -",38.2,102.09527272727273,95.65105833483834,,,124.44632740626207,116.95864081124355,102.88333333333333,,,110.33343993267412,96.8632334841153,103.88930412371136,"Jake Bird",21267,656234
"Colton Gordon","- - -",14.1,97.85116883116883,94.28413793103448,,,111.70086021505377,87.77999999999999,79.40105263157893,,,98.8442540263969,103.93043171114601,103.76358480144197,"Colton Gordon",31312,676467
"Kevin Gausman","- - -",177.2,96.20549638395791,,,100.07993203058622,91.21584421192493,,97.5890909090909,,,97.25441205784163,107.13807652016506,103.72666643138011,"Kevin Gausman",14107,592332
"Greg Weissert","BOS",60.2,101.39013698630136,99.4893567251462,,,112.36086956521741,122.29714285714283,96.37738461538463,,,102.87086294416241,104.5593502538071,103.58915736040608,"Greg Weissert",20375,669711
"Freddy Peralta","- - -",169,96.88540816326531,,,,113.82359200954764,96.14978509882238,86.79792207792207,,,96.64289511281424,105.95513209054043,103.57839495544742,"Freddy Peralta",18679,642547
"Steven Matz","TBR",80.1,,95.7929866270431,81.21333333333332,,103.22685808039377,98.07142532855437,108.11524804177543,,,100.19545851314707,104.91150374805463,103.56690473892745,"Steven Matz",13361,571927
"Landen Roupp","SFG",155,96.43653846153845,95.92260215053763,90.76183727034122,,,116.70955007256893,85.12659420289854,,,98.37393466963618,104.10423904974017,103.42946547884185,"Landen Roupp",30076,694738
"Garrett Cleavinger","TBR",41.1,110.27232142857142,99.47014492753623,,,115.83680387409198,,,,,110.35285909712725,92.88476060191522,103.41666210670311,"Garrett Cleavinger",17897,664076
"Aaron Civale","- - -",111.1,95.0511224489796,82.18572368421053,99.79955369595537,72.59664233576642,91.1955968169761,108.56418774457907,,,,96.44713018281499,108.70493539662716,103.41311761230146,"Aaron Civale",19479,650644
"Gage Jump","ATH",98.2,101.16098522167486,88.94924731182796,,,115.5096812749004,125.53872340425531,93.67780487804878,,,106.51083143507975,99.04405466970385,103.28314350797272,"Gage Jump",35418,695611
"Kade Anderson","SEA",35.2,87.7296803652968,91.288,,,99.9481203007519,98.89365853658539,112.34500000000001,,,96.87625925925923,105.80948148148146,103.25603703703705,"Kade Anderson",37238,807739
"Chase Dollander","COL",44,110.96442857142857,103.01550561797754,,,118.91121621621622,112.39661016949152,101.74307692307694,,,109.83419462382852,95.21632400261771,103.16914848062036,"Chase Dollander",33482,801403
"Steven Cruz","KCR",58.2,106.3885277246654,,103.14479800692207,,126.46588705017075,,,,,108.58922641980635,97.12939119808546,103.16484098023197,"Steven Cruz",23165,674444
"Dylan Cease","TOR",169,110.14649859943978,91.03842105263159,,,105.55942327497425,,108.91456193353477,88.06034246575342,,104.73513326410524,97.59159570785735,103.12849428868117,"Dylan Cease",18525,656302
"Shota Imanaga","CHC",174.1,94.02975177304964,80.43795180722891,,89.4177525773196,98.01771551724138,91.47753086419753,,,,92.22539750445631,110.21262032085566,103.1201996434937,"Shota Imanaga",33829,684007
"Cade Gibson","MIA",50.1,86.21255813953489,98.49329999999998,,,112.04750930851066,110.25109656497722,91.09675675675678,,,105.52645954124047,97.61773397638645,103.11732730034534,"Cade Gibson",31815,806188
"Coleman Crow","MIL",18.2,94.20037037037036,95.97400000000002,93.36953271028038,,129.1991304347826,114.55180327868852,,,,101.22283106723786,104.94564052896257,103.10694505494506,"Coleman Crow",27926,689441
"Ryan Walker","SFG",32.2,92.93920000000001,106.89602015113354,,,103.79741935483871,,,,,105.52668874172188,97.90850993377484,103.0983774834437,"Ryan Walker",20423,676254
"Andre Pallante","STL",162,96.45352549889135,106.95088435374147,,101.51263157894736,91.43513654096229,,,97.29402654867255,,97.0365210786176,104.76319027725026,103.04235472844661,"Andre Pallante",26108,669467
"Connor Prielipp","MIN",125.2,85.64007326007327,92.9104430379747,,,109.57692160605393,127.75727132526511,98.77265700483093,,,102.96631529028444,102.99235818521342,102.9796863514551,"Connor Prielipp",31857,687570
"Samy Natera Jr.","LAA",31.2,107.98902807775379,,,88.828,123.28089285714286,,,,,110.79133448873486,91.87438474870018,102.97573656845755,"Samy Natera Jr.",31936,696519
"Reiver Sanmartin","SFG",21.1,104.94785714285715,98.64968750000003,,,101.0698924731183,,89.77166666666666,,,97.34833819241986,103.31043731778426,102.95737609329447,"Reiver Sanmartin",19754,665665
"Patrick Sandoval","BOS",70.1,87.34763754045306,98.95913043478261,,,111.97424920127796,98.48916666666668,105.89964912280703,,,101.30594306245153,99.2337698317923,102.94938579483673,"Patrick Sandoval",19447,663776
"Erik Tolman","WSN",15.1,109.3923178807947,,,,120.42338983050848,,135.6572151898734,,,118.93664335664336,87.00566433566433,102.9458041958042,"Erik Tolman",32065,680899
"Tanner Houck","BOS",3,80.3,87.76,,93.87999999999998,96.84,,,,,89.82600000000001,114.77,102.91159999999999,"Tanner Houck",19879,656557
"Craig Yoho","- - -",38.1,101.14388349514563,93.96092592592593,93.49012658227848,,145.952,,98.02552941176472,,,97.77041145006196,102.68901063819513,102.89499347513689,"Craig Yoho",33248,684974
"Cole Sulser","TBR",56.1,97.14220095693783,,86.02687999999999,,131.51666666666665,,97.3714763231198,,,97.07533379898533,104.32393500477903,102.89058549616449,"Cole Sulser",15256,642121
"Hoby Milner","- - -",42,110.40865384615384,110.96603053435115,,,107.6815216216216,,86.26048780487805,,,105.18122131683752,101.08473552823699,102.87238304575597,"Hoby Milner",13346,571948
"Sandy Alcantara","MIA",214,95.0698310810811,100.4795838150289,102.4760404040404,,111.02738456872991,88.59814285714288,95.46848751835535,,,99.93648492879753,103.19288276555696,102.82989120890524,"Sandy Alcantara",18684,645261
"Bryan King","HOU",60.2,98.33132653061227,100.57217391304347,,,106.57320067889351,85.22,84.52000000000001,,,100.79520053432736,104.78859647516342,102.82339920856359,"Bryan King",25890,687911
"Shane Baz","BAL",179.2,101.46378269617706,91.70742187499998,96.51570438799077,,,,82.25330855018586,100.28798748696559,,97.67513420509292,103.30295939435649,102.74279421885757,"Shane Baz",22264,669358
"Kyle Hart","SDP",64,100.77138719512196,101.82122807017547,,112.00018691588785,108.03921074759216,,,,,106.11342028726385,94.92694093807731,102.73435788783605,"Kyle Hart",19646,606996
"Seth Johnson","- - -",33.2,107.08825622775801,100.81592592592591,,102.724,109.44719810308047,132.49262988505748,,,,108.8007056422814,93.24967533925108,102.70648301193756,"Seth Johnson",26020,686751
"Brad Keller","PHI",31.1,97.08458823529415,104.71638095238094,,,127.04311827956991,,94.08750000000002,,,108.73857142857138,93.6498120300752,102.6404135338346,"Brad Keller",15734,641745
"Gus Varland","WSN",33,107.1037237237237,,,,95.58874458874458,,92.15230769230767,,,102.08494773519162,103.95229965156796,102.61348432055748,"Gus Varland",24737,681402
"Tyler Alexander","TEX",73,106.9534976851852,105.50683982683985,93.94110236220473,,109.90767585319308,,88.1428776978417,,,100.13817554931678,104.36112867548005,102.59695160284859,"Tyler Alexander",17735,641302
"Alimber Santa","HOU",15.1,83.85666666666667,93.02214285714285,,,110.11170731707317,,,,,103.44186234817812,99.97611336032388,102.59635627530365,"Alimber Santa",28846,695001
"Nick Pivetta","SDP",34.2,105.78454849498328,84.792,74.05064935064935,,119.90121212121211,94.17906250000001,,,,100.75254766031196,103.1421143847487,102.52863084922011,"Nick Pivetta",15454,601713
"Jacob Webb","CHC",67,101.76764826175862,,,,99.77863013698632,82.92494117647058,94.19579185520362,,,97.25893195521104,106.81953488372095,102.51955211024978,"Jacob Webb",19274,657097
"Nate Lavender","NYM",21.2,96.58925925925925,,,,104.5490566037736,,95.17040000000001,,,97.87153583617749,105.54020477815702,102.50614334470991,"Nate Lavender",30109,681320
"Wilber Dotel","PIT",42.1,104.44537499999998,102.58307692307692,90.10505747126439,,111.52562174940898,,84.19745454545455,,,102.1281659298471,99.85795567536121,102.49927249150124,"Wilber Dotel",28901,696062
"Yovanny Cruz","- - -",16,103.803125,122.77478260869565,,135.92600000000002,116.89015873015873,,,,,116.16296875,83.99453125,102.357421875,"Yovanny Cruz",22622,672442
"Jonathan Hernández","LAD",25.1,93.23633802816902,106.54397350993376,,172.28,107.34508108108108,,,,,104.79273607748186,98.79486682808718,102.34406779661022,"Jonathan Hernandez",17464,642546
"Sonny Gray","BOS",169,87.60911214953272,102.89639405204461,83.90662365591398,,127.678431372549,102.9548979591837,83.90394366197181,,,100.76170919400572,98.12409072498987,102.31658971243418,"Sonny Gray",12768,543243
"AJ Smith-Shawver","ATL",31.1,101.99446428571427,95.41428571428571,98.13888888888889,112.97803921568625,100.73131545338441,98.74922135706342,,,,105.10929050374628,99.74808985815324,102.29653934137265,"AJ Smith-Shawver",29960,700363
"Jordan Hicks","CHW",48,110.5257608695652,115.85410891089104,,112.2348387096774,117.61921257181481,,,,,115.07660343135716,90.5433712014448,102.28244973536692,"Jordan Hicks",19618,663855
"Brenan Hanifee","DET",21.1,94.24666666666668,104.63189743589743,,,109.71567567567567,,91.69200000000001,,,103.88728193146419,100.82280500126296,102.2780681148438,"Brenan Hanifee",22304,669724
"Jeff Hoffman","- - -",66,115.02588859416446,102.36962962962963,,96.86941666666665,104.31348148148147,,,,,106.11435177539227,96.19009083402148,102.25509496284059,"Jeff Hoffman",17432,656546
"Brandon Pfaadt","ARI",136,100.8632,99.35635820895524,87.42229787234042,,113.43771905909925,94.58181818181816,72.53444444444446,,,95.56126408423015,105.11852513938896,102.145770809684,"Brandon Pfaadt",27782,694297
"Carlos Vargas","SEA",19,,103.06098591549296,91.90358208955224,,128.93397260273974,,,,,107.04580645161288,99.52494623655912,102.1389247311828,"Carlos Vargas",22915,672841
"José Fermin","LAA",53.2,96.72985507246378,104.5827303754266,,,108.1192307692308,,77.99377777777777,,,104.79145769622836,97.68890927624875,102.08901121304787,"Jose Fermin",33908,820862
"Eduardo Rodriguez","ARI",189.2,92.89949429037522,95.55967213114754,93.65299270072992,,,91.96885333333333,90.36909987669546,,,92.4274836173001,108.60715596330276,102.00865006553077,"Eduardo Rodriguez",13164,593958
"Chris Roycroft","- - -",38.1,83.63222222222221,101.89134670487107,100.86162962962963,,116.70976744186048,,83.71000000000001,,,98.25792958216209,104.87584105960264,101.94579103339845,"Chris Roycroft",31261,688297
"Brendon Little","TOR",28.1,79.8679569892473,116.14939597315437,97.2,,100.0911111111111,,,128.00500000000005,,108.83445652173911,89.01489130434784,101.92539855072462,"Brendon Little",21574,663893
"Beau Brieske","DET",25.1,87.331125,103.27766666666666,,,104.40457142857144,122.09627906976745,100.72481481481482,,,98.57206185567014,103.96510309278352,101.84860824742269,"Beau Brieske",26079,689225
"Craig Kimbrel","- - -",46,115.59330708661416,112.80966275659824,,,96.00467289719626,,80.08333333333333,91.23493333333334,,109.15546382029667,92.31440694918926,101.84661828385049,"Craig Kimbrel",6655,518886
"Matt Waldron","- - -",42.2,96.67268292682927,94.01008849557525,88.5791724137931,,97.9417821782178,,,,,93.9590101153505,106.69222738834665,101.83130848861285,"Matt Waldron",25550,663362
"Joe La Sorsa","BOS",0.1,71.52000000000001,96.8,,,137.3,,,,,110.73,110.08999999999999,101.82499999999999,"Joe La Sorsa",25481,686747
"Easton McGee","- - -",11.1,102.78999999999999,101.75882352941176,91.32451612903225,,101.97294117647058,96.0635,75.67999999999999,,,98.02315217391302,107.26032608695651,101.80456521739131,"Easton McGee",22176,668834
"Daniel Lynch IV","KCR",86,98.04294736842105,104.74028301886791,,,111.55660317460318,,95.15797468354431,90.62627118644066,,101.46690965009903,97.2008786100832,101.77514297954957,"Daniel Lynch IV",21537,663738
"Ian Seymour","TBR",132.2,97.79248713550601,90.9963323782235,91.87818181818183,,121.02164096226016,99.78571428571429,94.49751227495908,,,101.81082560726693,102.13672993041754,101.77051127986554,"Ian Seymour",27932,693855
"Troy Melton","DET",114.1,100.59141379310347,100.84851851851852,94.71727506426737,,99.38348684210526,103.67438848920864,106.13807228915661,,,100.22123249299717,100.07910364145658,101.74805602240896,"Troy Melton",31807,675512
"Rico Garcia","BAL",67,94.03963636363633,,,,93.2264935064935,113.91000000000001,91.65802197802194,,,98.04410876132931,101.18279959718028,101.73871097683788,"Rico Garcia",20023,670329
"Luis Castillo","- - -",130.2,96.24950199203187,92.92512702078521,86.2,,103.40473413379073,,83.49086705202313,,,95.54408094492213,107.91382654700736,101.7378132333871,"Luis Castillo",15689,622491
"Tyler Mahle","- - -",149,92.96044788975021,76.5494117647059,80.94832402234637,82.86286115007013,86.99889022959613,,,,,87.6942312768352,110.68620753806346,101.64965963558073,"Tyler Mahle",16358,641816
"Caleb Kilian","- - -",47.2,102.52311224489793,96.60037735849055,,,106.70257217300679,,,105.5012834224599,,103.03347150252573,99.82445736722698,101.62533118991212,"Caleb Kilian",26213,668873
"Emerson Hancock","SEA",138.2,91.59206534422405,98.7884251968504,99.33420634920635,,125.06808022922637,132.66927835051547,81.64981481481482,,,100.93075288683598,106.09529792147801,101.6025219399538,"Emerson Hancock",27470,676106
"Riley O'Brien","STL",64,,107.6252495974235,,,105.01789719626171,,86.32833333333336,,,106.31630331753554,98.27018009478671,101.59137440758296,"Riley O'Brien",20348,676617
"Brent Suter","- - -",91,96.2794458438287,92.48325047801147,,,102.42923263114103,,105.93585542168674,,,98.34390216254853,107.69739645608237,101.5882349832311,"Brent Suter",13942,608718
"Connor Thomas","- - -",25.2,98.25052631578947,104.46204081632652,87.27558823529411,,89.1746052631579,,95.34172839506171,,,95.73594716897202,105.45233436839717,101.49639849103087,"Connor Thomas",25873,671162
"Dax Fulton","MIA",28.2,99.1776551724138,108.32490566037737,,,113.73020080321288,,103.47375000000001,,,109.0852886405959,89.89351955307262,101.48588454376163,"Dax Fulton",27757,690978
"Javier Assad","CHC",94.1,90.52750877192983,106.12827044025155,84.76139784946238,,109.27544508670519,92.26171539961015,102.97186440677966,,,99.7024094798037,100.00451370445536,101.3683399311538,"Javier Assad",21741,665871
"Jesse Scholtens","TBR",47.2,99.24402439024391,92.1613407821229,,102.30765217391306,87.0936507936508,,,,,93.0865079098764,106.64854465338271,101.27794674355046,"Jesse Scholtens",19205,669947
"Justin Hagenman","NYM",8,96.816,,99.22777777777777,,94.26727272727273,,78.65466666666666,,,93.12755793226381,107.63583600713014,101.24077540106953,"Justin Hagenman",21546,663795
"Ryne Stanek","STL",62.2,98.91122302158271,101.8518,,116.30964705882354,122.87039370078742,,,,,107.53519925857276,95.23996292863758,101.23909175162188,"Ryne Stanek",15947,592773
"Joe Mantiply","TOR",27,,111.89087179487176,,,,111.21339622641509,110.98673469387754,,,111.52715736040619,90.14807106598984,101.23005076142132,"Joe Mantiply",14857,573009
"Shane McClanahan","TBR",118,86.31457386363635,,,,112.92833333333336,101.77903345724907,134.4301937984496,,,107.1538757559098,93.56947773501925,101.21987905442548,"Shane McClanahan",21483,663556
"Tyler Ferguson","- - -",18.2,94.39718518518518,103.44142857142857,109.7076923076923,,118.71255813953489,,94.34555555555555,,,103.75385665529006,103.49651877133107,101.17290102389077,"Tyler Ferguson",19481,621053
"Kyle Leahy","STL",140,88.43335537190083,105.71153094462541,,,91.24825396825399,90.97456464379945,93.39207100591719,,,92.68034482758621,105.66510344827583,101.1710086206897,"Kyle Leahy",24763,681517
"Thomas Pannone","MIL",3,108.18,83.26,106.12,,146.04,123.22,61.48,,,102.32327272727274,103.74836363636366,101.12909090909088,"Thomas Pannone",17281,623381
"Eduard Bazardo","SEA",67.1,91.6008695652174,101.932281205165,,81.14,110.12549222797928,,,,,104.11261756876662,101.02654835847383,101.0649689440994,"Eduard Bazardo",20997,660825
"Will Klein","LAD",41.2,96.08237113402062,,,,93.34884462151395,94.3939837398374,,,,94.8432655228947,103.44392661694415,101.06087045204391,"Will Klein",27787,694361
"Hunter Brown","HOU",107.1,105.49947552447553,111.410412371134,86.6318918918919,,87.66215909090909,105.64,83.52299401197604,106.76943952802358,,103.58189417989423,95.25732275132277,101.06015873015875,"Hunter Brown",25880,686613
"Tanner Banks","PHI",36.1,95.64070921985814,95.64999999999998,,,103.15976415770609,,109.996875,,,100.71045041883924,102.69879534305987,101.04198511781539,"Tanner Banks",16990,621383
"Chase Silseth","- - -",60,94.90389496717724,85.77493549987595,,98.88714385231623,107.51661844077961,,,,,97.38302297142629,102.95386038204222,100.9690628164807,"Chase Silseth",30074,681217
"Hogan Harris","ATH",70.1,107.66678832116791,,90.41466666666666,,115.0659523809524,101.3254901960784,104.05660377358491,,,106.1137801204819,97.83013554216872,100.87353915662649,"Hogan Harris",21520,663687
"Enyel De Los Santos","HOU",71.1,97.09702970297029,,,,97.97573487031698,,88.05257525083611,,,95.02113141862493,106.16182767624022,100.86955613577022,"Enyel De Los Santos",18403,660853
"Camilo Doval","- - -",60.2,,89.62155339805825,88.9676811594203,,126.32098765432099,,91.55769230769232,,,100.95113117927431,97.68822412290785,100.8035769556834,"Camilo Doval",21992,666808
"Taylor Clarke","ARI",73,103.14285714285712,89.04069699407592,80.10146953405018,,101.26958990536278,,88.69141891891894,,,91.02992397313314,105.1950788180001,100.77334836943795,"Taylor Clarke",17611,664199
"Tyler Glasnow","LAD",74,105.05874686716793,102.42440816326528,,,85.45881773399016,153.31578947368422,,93.07991836734695,,100.87807860262012,96.19114410480353,100.72305676855896,"Tyler Glasnow",14374,607192
"Tanner Bibee","CLE",188,91.40126436781608,101.56064935064936,102.29746164574614,,113.46343949044586,92.15803680981594,124.49406113537121,,,102.49919028340078,99.96567476383262,100.67360323886642,"Tanner Bibee",30134,676440
"Ben Joyce","LAA",15.1,126.71586206896552,98.09639344262295,,,137.06260869565216,,,,,120.88996138996141,80.93969111969112,100.63969111969112,"Ben Joyce",31461,690829
"Brandon Young","BAL",156.2,98.0807889546351,89.98418338108883,,95.94640167364018,105.4447448979592,91.59527027027028,,,,96.95099206349204,104.5168174603175,100.59573015873015,"Brandon Young",27819,687064
"Tyler Kinley","- - -",57.1,73.14273381294964,74.64000000000001,,,106.91023132642174,113.70492791771989,,,,102.39454605142215,99.74925687131051,100.48450954036602,"Tyler Kinley",18297,641755
"Hagen Smith","CHW",28,107.21162995594715,,99.85528089887639,,113.55969250618213,,103.64363636363638,,,107.65159914712154,93.47573560767596,100.47936034115139,"Hagen Smith",35205,696146
"Orion Kerkering","PHI",58,94.58970189701894,104.99849246231156,,95.61353846153848,119.6398689956332,,,,,107.10567493112944,95.33583103764921,100.42097337006426,"Orion Kerkering",31776,689147
"Gregory Santos","SFG",5,90.46181818181817,94.43241379310345,,,105.42636363636365,,91.25999999999999,,,99.47558139534884,99.6153488372093,100.26906976744185,"Gregory Santos",21894,666619
"Tommy Nance","- - -",59.2,97.17999999999999,85.92284644194757,,,83.5794787471161,145.63844522968196,,,,102.22488695603069,96.87216877380793,100.25045774835377,"Tommy Nance",19178,667297
"Cristian Javier","HOU",63,96.65867961165047,88.16000000000001,94.75302325581394,,114.27245033112582,,82.26426966292134,95.94500000000001,,98.9727846926328,102.51912492008695,100.23673126751612,"Cristian Javier",17606,664299
"Stephen Kolek","KCR",54,86.56970464135021,102.43505494505494,88.36174757281553,,95.83172093023256,,77.23200000000001,,,91.50332535885165,106.00471291866029,100.22933014354065,"Stephen Kolek",21487,663568
"Brayan Bello","BOS",116.1,77.34743169398908,101.77986431478968,87.9523465703971,,103.15348837209302,96.743125,77.27855297157623,,,92.47870760180875,107.18099444959354,100.20454569267466,"Brayan Bello",23920,678394
"Cole Winn","TEX",48,108.31044176706831,111.60000000000001,84.92044444444446,101.2904424778761,100.94721662137286,93.4,,,,98.91760722124125,100.40204128781004,100.1928899816829,"Cole Winn",22113,668390
"Kyle Bradish","BAL",155,87.13829596412556,95.66085327783559,,,112.43537974683545,104.41674825174827,79.67142857142858,,,100.08812977099231,98.47885496183206,100.1406641221374,"Kyle Bradish",24586,680694
"Seranthony Domínguez","- - -",62,102.95829166666667,99.99114568861722,,117.56825396825396,122.67279220779221,98.78933333333333,,,,109.5318345323741,91.36176258992805,100.13534172661866,"Seranthony Dominguez",19249,622554
"Raisel Iglesias","ATL",60,104.05784431137724,95.5232786885246,,,121.47764705882351,,82.17110429447855,,,95.84301430143017,106.01777777777778,100.12061606160616,"Raisel Iglesias",17130,628452
"Tristan Beck","SFG",19,88.60809160305344,,,,102.91169811320754,85.90399999999998,94.87111111111112,,,95.91749999999998,101.59230769230768,100.11897435897438,"Tristan Beck",21584,663941
"Framber Valdez","DET",174,68.52653846153846,97.8837366255144,84.16,,123.04396825396826,116.02099273607747,95.19798387096773,,,102.87243928959772,95.95659296846686,100.06022471910117,"Framber Valdez",17295,664285
"Brooks Raley","- - -",52.2,,95.89202185792352,97.55528,,134.28594167874206,,88.36635514018693,,,109.38616545375095,91.91000753117497,100.04970341267637,"Brooks Raley",10061,548384
"Lucas Erceg","KCR",48.1,91.75488372093027,101.28940711462451,106.7270588235294,,110.84988047808768,,88.15459016393443,,,99.52011111111113,101.54340000000003,100.02424444444449,"Lucas Erceg",19360,668674
"Josh Fleming","TOR",3,,114.98,94.98,,,105.86,97.22,,,106.87759999999999,92.01386666666667,99.98666666666666,"Josh Fleming",20418,676596
"Adrian Houser","SFG",109.2,86.24957219251338,92.68022698612862,,,89.30728825021133,80.30705882352943,90.85672727272728,,,89.80062991577107,108.06209334780081,99.9540832715195,"Adrian Houser",12718,605288
"Calvin Faucher","MIA",68.1,89.43406249999998,104.47058823529416,101.23967741935483,,104.03295180722891,114.01065789473681,,,,102.87878424657532,95.86083904109589,99.94626712328764,"Calvin Faucher",20116,676534
"Grayson Rodriguez","LAA",98.2,102.15840883977899,,,,103.82219895287957,92.22557692307693,107.70886509635977,,,102.63971751412434,99.22211299435031,99.91190960451976,"Grayson Rodriguez",24492,680570
"Connelly Early","- - -",94.2,105.96688644688646,96.0352866242038,,,102.38056224899596,104.88492020799713,103.74154929577465,,,102.83543836038,96.67047630786979,99.90294932200983,"Connelly Early",33666,813349
"Keaton Winn","SFG",43,78.67721518987342,95.69597222222225,,108.1887074829932,100.02541666666667,,,,,97.56234374999998,100.51218750000001,99.89387499999998,"Keaton Winn",23499,676775
"Tobias Myers","NYM",53.2,100.3142487046632,,84.85769230769232,121.77830188679248,95.10781250000002,89.54526315789474,,,,102.72332770056458,98.03128620161513,99.80180185944656,"Tobias Myers",22191,668964
"Ben Peoples","TEX",16.1,92.89128834355827,,,,114.5592523364486,,100.38666666666667,,,101.4317730496454,100.26553191489361,99.79184397163121,"Ben Peoples",26406,687239
"Austin Warren","NYM",50.1,114.40389261744967,103.58099616858239,82.58428571428574,,89.69353021256268,110.96977670164111,80.382,,,98.69851787292427,99.77765567094879,99.78144892508548,"Austin Warren",24937,681810
"Matt Brash","SEA",16.2,99.112,100.44363636363636,,,105.08129870129869,,94.73941176470586,,,102.19961240310076,96.85232558139533,99.75503875968992,"Matt Brash",25756,666374
"Taj Bradley","MIN",178.1,105.65017167381974,,114.99934604904635,110.48170357751279,,113.18935251798561,,,,109.54181154611813,91.09539482415391,99.7404578633046,"Taj Bradley",22543,671737
"Edward Cabrera","CHC",80,86.40210526315789,94.96104166666667,,,99.62410256410259,105.59700374531836,88.64692493946731,,,94.22508726688864,104.1879680357362,99.68455428202046,"Edward Cabrera",21690,665795
"Jacob Lopez","ATH",123.1,91.77527272727272,80.59428571428569,86.45729729729732,,116.41745345592606,,83.05492227979273,,,97.98314171422149,102.527855151769,99.68119793314145,"Jacob Lopez",25098,682052
"DL Hall","MIL",61.1,93.28628099173551,104.34861878453037,101.2,,117.01902004588817,102.24074683828485,91.21025974025974,,,102.98706974320164,95.94371138561955,99.6705500164416,"DL Hall",22207,669084
"Matthew Boyd","CHC",126.2,86.18800464037123,96.49304347826087,,,108.31133574007218,105.58467213114754,98.60296703296703,,,95.2920552147239,106.97307770961143,99.65942740286302,"Matthew Boyd",15440,571510
"Cade Cavalli","WSN",169.2,95.07566371681416,96.11135446685881,94.42068181818182,,111.2460309278351,,92.89679245283018,111.45336032388666,,101.61623648161492,99.35638788752703,99.64549387166542,"Cade Cavalli",27473,676917
"Joey Gerber","NYM",8.1,99.4102857142857,,99.72925925925927,,103.8,,92.2,,,99.53410852713178,97.52480620155039,99.6337984496124,"Joey Gerber",24591,680702
"Luis Perales","WSN",11,116.39999999999999,,96.52101265822785,131.07827160493827,118.4290909090909,,,,,115.00907630522087,84.48401606425703,99.62538152610439,"Luis Perales",28148,691384
"Jack Perkins","ATH",121,94.89706754530476,92.93894736842105,86.5039365079365,,105.51819502172233,,99.38651282051279,,,97.58563586462695,100.92608059037488,99.58496147773293,"Jack Perkins",31468,678022
"Scott Blewett","- - -",37.1,95.44124137931034,89.68137931034485,81.81641025641025,112.58315789473684,104.70215601965606,,,,,93.81605773979108,104.2819435897436,99.50567540360869,"Scott Blewett",16427,656240
"Jordan Leasure","CHW",18.2,111.48878048780487,88.77454545454545,,106.91333333333334,97.84511627906976,,,,,104.93762782479712,94.19653367943462,99.48954912311319,"Jordan Leasure",29950,673929
"Jakob Junis","TEX",54.1,84.7493251533742,84.89788079470198,,,106.03957518964746,,76.75286549707603,,,94.45490948501512,105.4260305340144,99.43906707339488,"Jakob Junis",13619,596001
"Ben Brown","CHC",68,87.56026954177898,100.44144927536234,,,,,100.468,116.40994535519128,,101.51905186562719,98.58341269473601,99.42207862900557,"Ben Brown",23590,676962
"Yusei Kikuchi","LAA",67.2,97.89158110882957,,75.80969696969697,107.0082692307692,92.95802631578947,98.6564705882353,,,,97.51496588324487,101.24204700530706,99.41068991660345,"Yusei Kikuchi",20633,579328
"Alex Cook","TBR",5.2,102.13575757575757,,,,105.39684210526315,,93.94,,,101.6808163265306,96.9295918367347,99.39979591836737,"Alex Cook",32015,702047
"Danny Young","ATL",12.1,,108.38806201550389,149.94,,109.19908396946566,,110.70666666666666,,,109.10949294434756,90.64986713175837,99.38049151736163,"Danny Young",18439,664849
"Trevor McDonald","SFG",70.1,82.6309090909091,106.17990839694656,72.08444444444444,,90.48332203389829,,89.40586826347305,,,99.12413427561837,100.44867491166077,99.3714487632509,"Trevor McDonald",26448,686790
"Sean Burke","CHW",172.1,118.64600561272218,88.55108312342567,89.37295681063122,,89.41305121071709,,82.85132075471697,85.85212435233161,,99.28748254486267,100.78737058983499,99.35433588184323,"Sean Burke",29878,680732
"Joel Payamps","ATL",7.2,97.14295081967214,87.75625000000001,85.98,,98.58405797101449,,72.65,,,96.0841059602649,101.73642384105963,99.32450331125828,"Joel Payamps",14332,606303
"Ethan Pecko","HOU",34.1,97.6255462184874,100.06124031007754,98.00146788990826,,103.60054545454547,97.16027027027027,76.52645161290324,,,98.194574785828,99.02705005991449,99.30614740757962,"Ethan Pecko",33515,814490
"J.T. Ginn","ATH",138.1,80.76430894308943,108.11394014962596,77.67763380281693,,95.0608469703671,,81.39220183486239,,,92.68764678846395,101.64290063911037,99.28531099373294,"J.T. Ginn",27889,669372
"Peyton Gray","TEX",56,92.44558375634519,,,,80.61861271676302,,96.36384000000001,,,91.81033084311626,106.38168623265739,99.27141942369266,"Peyton Gray",25310,682608
"Kyle Backhus","PHI",20,,116.34540816326529,,,104.37981351981351,,92.27567567567569,,,109.67518462469735,95.48258373688459,99.26840496368038,"Kyle Backhus",29615,679775
"Sean Newcomb","CHW",90.1,94.18269430051814,104.80603896103896,93.87666666666668,,,115.6569720169965,83.75571428571428,,,103.6413364566742,97.383852849978,99.24202938086687,"Sean Newcomb",16943,656794
"Max Scherzer","TOR",84.2,89.93724637681159,,97.95433333333332,,106.90175824175824,103.14893023255816,83.50933920704846,,,94.34298425735797,106.13004791238882,99.20996577686516,"Max Scherzer",3137,453286
"Chase Solesky","TBR",3,107.58,121.94,82.76,,114.8,,92,,,109.43103448275862,94.78,99.20137931034482,"Chase Solesky",25480,686678
"Luis Gastelum","STL",36.2,95.54224598930479,97.9376,,,92.30382978723404,,109.65411764705881,,,100.13103678929765,98.92030100334446,99.17735785953175,"Luis Gastelum",33027,703725
"Hunter Gaddis","CLE",60.1,95.8606896551724,,,107.9057142857143,94.16373716632444,,106.48010204081632,,,97.5190571715145,99.0966700100301,99.17233701103314,"Hunter Gaddis",25636,683769
"John Schreiber","- - -",60.1,108.61390681003581,106.33291828793776,90.67269841269842,,98.11828460038987,,94.68584615384614,,,101.95610404546973,97.0473353393514,99.16903685602259,"John Schreiber",20020,670167
"Andrew Kittredge","BAL",48.1,90.02919540229884,94.17154929577467,,,102.60454810495625,,,,,97.6652676056338,102.78760563380285,99.15819718309861,"Andrew Kittredge",12828,552640
"Alek Jacob","SDP",5,67.3772972972973,82.54352941176472,,,82.18,,112.19200000000001,,,86.30459770114942,118.62620689655172,99.15402298850576,"Alek Jacob",29628,689690
"Brandon Woodruff","MIL",45.1,100.25758007117437,94.62032520325202,87.86399999999999,,115.376,90.96296296296296,88.1789705882353,,,95.00288854003138,104.81626373626374,99.06216640502353,"Brandon Woodruff",16162,605540
"Zac Gallen","ARI",105.1,91.79486443381181,77.61111111111111,,,79.6735885359384,,82.63263157894737,92.97176470588236,,87.07157126273438,108.60020400615103,99.01504103391493,"Zac Gallen",19291,668678
"Erick Fedde","CHW",141,96.97310344827586,83.01367567567567,86.03959641255607,,99.67983827611395,,75.19758241758242,,,89.27047176293908,108.38309866501885,98.98475479372483,"Erick Fedde",17425,607200
"Ranger Suarez","BOS",148.1,83.04155555555555,96.88455479452054,91.21914221218964,,115.68460317460317,104.72862155388471,91.62144329896906,,,94.36957509465715,105.48546066470344,98.97232646192684,"Ranger Suarez",17277,624133
"Chase Petty","CIN",31.2,106.23239436619717,89.77024390243902,,,108.32727272727271,,99.5450909090909,,,99.61002096436057,99.80041928721171,98.9580293501048,"Chase Petty",30170,695534
"Drew Anderson","DET",108,89.32642559109875,94.97310344827585,,,88.48070588235295,85.85074550128533,116.41043636363638,,,97.02412782642116,100.23124183263572,98.90719845645232,"Drew Anderson",15130,623454
"Michael Wacha","KCR",200.2,93.87833333333332,90.61869249394671,75.02913140311806,,87.28030651340995,86.94059800664454,129.90779527559056,,,98.45077737347006,100.94218326166066,98.88146873966257,"Michael Wacha",14078,608379
"Andrew Alvarez","WSN",112.2,84.83128598848369,99.5578113207547,,,94.33173416344293,103.83672528860029,88.93980198019803,,,95.15137302785796,99.3627148763823,98.84914393852823,"Andrew Alvarez",29914,674841
"Erik Sabrowski","CLE",48.1,112.57864915572233,,,,103.33654135338347,107.9238961038961,,,,110.22649509803915,90.76992647058817,98.83975490196076,"Erik Sabrowski",24978,681870
"Quinn Mathews","STL",49.1,94.3425671641791,101.97132530120483,,,99.50430769230769,103.28137931034483,92.61782608695653,,,97.13243619489556,101.66243619489556,98.8190023201856,"Quinn Mathews",33851,687273
"Chad Dallas","TOR",14.1,95.88,88.596,96.25261261261262,,99.63565217391304,97.98891891891893,,,,97.2649816849817,100.1534065934066,98.79340659340659,"Chad Dallas",30158,689149
"John Brebbia","COL",4.1,89.5789189189189,,,,87.6876,,85.63428571428572,,,88.42505263157894,118.52294736842106,98.74526315789475,"John Brebbia",12777,605154
"Duncan Davitt","- - -",8,105.65387755102039,111.31555555555555,,,80.97874246339364,115.53777777777779,85.11090909090909,,,96.30338842975208,97.22785842615882,98.7264911965505,"Duncan Davitt",31886,701474
"Jake Woodford","- - -",27.2,119.412,99.7696551724138,97.29333333333334,89.59972972972973,108.99542002301496,119.335,,,,98.41645966728969,101.22221155435523,98.7126537125059,"Jake Woodford",18674,663765
"Chris Paddack","- - -",57,95.48674285714286,87.29322580645162,81.98842105263157,,89.79244725738397,80.32688198757764,87.19797101449275,,,88.79309026174111,109.61817088969647,98.66515215643433,"Chris Paddack",20099,663978
"Bryan Hudson","CHW",67.1,107.84148359486447,95.69333333333333,93.85846153846154,,104.8869861998467,,,,,106.39332270448786,94.32962937209744,98.60398743260573,"Bryan Hudson",19924,663542
"Gregory Soto","PIT",67,109.72129729729727,104.67504385964914,,90.38,119.63470588235289,,,,,112.0465327510917,91.09977292576424,98.56124017467253,"Gregory Soto",19677,642397
"Wyatt Olds","BOS",15.2,109.12026845637585,,98.75512195121951,,119.13225806451614,,81.58,,,110.39958333333334,85.59715277777778,98.53888888888889,"Wyatt Olds",29922,681544
"Daniel Duarte","NYM",29.2,98.21555555555555,87.68626865671642,100.8640522875817,,114.69822580645163,,80.71591836734694,,,100.10836206896546,103.19775862068965,98.52659482758621,"Daniel Duarte",17480,650960
"Tyler Davis","CHW",32,100.30151815181519,,,117.54129032258064,101.94701298701298,,,,,101.9159426229508,98.3892213114754,98.48520491803279,"Tyler Davis",34847,699823
"David Morgan","SDP",33.1,93.86481675392672,105.42975609756097,,,107.88452830188679,111.61052631578949,,,,103.56070707070705,96.48417508417508,98.4809090909091,"David Morgan",31616,688158
"Derek Law","ARI",9,81.15923076923076,82.7925,89.45827586206897,,103.63346938775508,95.08,98.35076923076923,,,92.98541935483871,101.06529032258065,98.46838709677421,"Derek Law",13133,571882
"Foster Griffin","- - -",172.2,99.01387308533916,94.4928082191781,96.86323561346363,110.971375,105.29007977941176,99.58904130195914,82.74415902140672,,,97.65954339904735,102.2056704321221,98.45882516595832,"Foster Griffin",16432,656492
"Johan Oviedo","BOS",3.2,117.8,90.06,,,89.56,110.44,,,,104.58788732394366,94.28845070422535,98.40140845070422,"Johan Oviedo",22487,670912
"Eduardo Rivera","BOS",10,92.2440350877193,,,,106.25230769230768,,118.71677419354839,,,100.48780952380952,95.93419047619048,98.38799999999999,"Eduardo Rivera",31280,700842
"Pierce Johnson","CIN",48.2,79.0775657894737,,121.89500000000001,,,111.57173584905658,,,,99.83315035799522,102.59852028639618,98.37976133651549,"Pierce Johnson",13435,572955
"Gavin Collyer","TEX",25,109.75259842519687,112.70752941176472,108.5801257861635,,130.81394495412846,,,,,114.64534446764095,85.9753235908142,98.3562839248434,"Gavin Collyer",26349,686560
"Zach Eflin","BAL",3.2,89.66,104.52,89.62,,98.6,100.62000000000002,88.22,,,95.31108108108107,106.5945945945946,98.33054054054054,"Zach Eflin",13774,621107
"Hunter Stratton","- - -",3.1,101.69040000000001,105.76,106.78545454545453,,110.42444444444443,,,,,105.64392857142856,98.59964285714285,98.24821428571428,"Hunter Stratton",23455,676702
"Yohan Ramírez","PIT",85,100.99474402730377,101.48962318840577,,,119.62035051647334,105.31085393853762,88.16400000000002,,,109.61113377671728,91.47329173523896,98.15344447441292,"Yohan Ramirez",19444,670990
"Matt Strahm","KCR",35.2,112.12276422764228,102.95652173913045,76.32304347826087,,105.51227272727272,,88.81611111111111,,,103.84658187599365,94.8614308426073,98.14394276629575,"Matt Strahm",13799,621381
"Victor Vodnik","- - -",58.2,98.5180769230769,115.64771672771673,76.97692307692307,,104.41527254129828,121.6328888888889,101.69355263157895,,,102.06124221950806,90.52285732935215,98.01545399210845,"Victor Vodnik",24614,680767
"Chris Murphy","CHW",33.2,103.99114285714285,108.23529411764706,,,111.66926088334743,107.02254777070064,107.14545454545454,,,107.61619739045624,92.17561935258284,97.95010722808048,"Chris Murphy",26214,669684
"Luis Mey","CIN",34.2,85.0562962962963,101.27065989847718,,,112.36401639344264,,,,,104.56677760968228,94.28620272314674,97.82187594553707,"Luis Mey",25620,682825
"TJ Shook","COL",7.2,75.34271186440677,,84.84125,,98.08322580645161,,88.31499999999998,,,84.44835820895523,112.02701492537314,97.81776119402987,"TJ Shook",27567,669298
"Chris Bassitt","BAL",102,85.07064748201441,95.2198427672956,89.94300578034684,,113.44629629629631,112.98322164907798,75.35180722891566,,,97.88827792607897,101.00019880942799,97.7763901885955,"Chris Bassitt",12304,605135
"Jack Leiter","TEX",80,105.76724907063196,98.19196078431372,86.38948905109488,,105.33937254901959,93.78704918032787,106.55843621399177,,,102.33239255014318,93.81045845272207,97.76818051575934,"Jack Leiter",30146,683004
"Joe Boyle","TBR",19,101.21168831168832,109.87907692307692,,111.152,111.17403559510566,,,,,108.71496051213236,85.69428272873266,97.74321732626439,"Joe Boyle",29608,671212
"Brent Headrick","NYY",78.1,100.67640449438204,106.52625000000002,,105.98691358024692,105.46560209424084,,,,,103.29807210031345,96.97106583072102,97.72841692789967,"Brent Headrick",27702,687396
"Bryse Wilson","- - -",35.1,98.66577319587631,92.88629834254145,92.87195876288662,81.64,,98.55589743589744,,,,93.8932158753374,109.30743578631852,97.72671433601471,"Bryse Wilson",19990,669060
"Luis Medina","ATH",73,92.30842391304348,102.72286653626104,,,116.64890167930662,98.9493572854291,121.91037037037037,,,104.37520193983474,91.77183947109191,97.67808282185344,"Luis Medina",21649,665622
"Tom Cosgrove","WSN",16.1,88.6712,76.52666666666667,,,104.70674157303372,,,,,98.5787265917603,105.69513108614231,97.67483146067416,"Tom Cosgrove",23443,676680
"Shane Drohan","MIL",124.2,100.50194392523365,99.31794988610478,87.72042553191491,,109.58268759202629,98.06087809167019,91.23940594059407,,,99.89305357125359,99.00010343847684,97.61547161059991,"Shane Drohan",27814,675660
"Ryan Yarbrough","NYY",63.1,94.01686746987949,96.12575539568346,90.22340983606556,,125.04704566544564,,95.43186721991702,,,99.63209107151475,102.73153214544398,97.60764363320297,"Ryan Yarbrough",16502,642232
"MacKenzie Gore","TEX",173,94.42966548042705,106.80897435897434,93.62858695652174,,100.5154948805461,104.96168855534711,95.02953608247421,,,97.61476464612255,99.86485607856415,97.53266508635292,"MacKenzie Gore",22201,669022
"Anthony Nunez","BAL",59.2,104.6911111111111,96.02910714285716,90.38644067796609,,112.288131147541,,110.13363636363634,,,106.40625380710662,89.67202030456855,97.50840609137053,"Anthony Nunez",25796,689296
"Josh Simpson","SEA",7.1,83.3675,97.74,,,120.07619047619049,120.37589743589743,91.59,,,108.80483660130719,97.51228758169937,97.48732026143789,"Josh Simpson",25957,681006
"George Soriano","STL",66,86.47241982507289,110.54860759493671,,,96.563743315508,,114.5467409470752,,,100.10887152777778,95.14166666666671,97.47753472222217,"George Soriano",21863,666277
"David Sandlin","CHW",40.1,102.17399999999999,90.78896551724138,96.53603448275862,,112.81084337349397,97.81055526725481,87.01149999999998,,,99.39147335423199,97.57238244514106,97.42244514106581,"David Sandlin",31743,689818
"AJ Blubaugh","HOU",96,99.04932384341639,,90.47415384615384,,114.44460273972602,88.81285714285715,108.11286549707604,,,104.26580998781974,93.78130328867238,97.41323995127881,"AJ Blubaugh",31764,805123
"Bruce Zimmermann","STL",5,78.1,85.98,83.12,74.7,78.1,82.12,,,,81.2718309859155,109.51154929577464,97.39718309859155,"Bruce Zimmermann",20370,669145
"Ryan Gusto","MIA",88,101.37878345498784,96.35291428571428,89.59593023255815,,98.40659185413298,88.55038167938932,93.08789473684209,,,96.32917712251759,101.8962010828479,97.37968867720544,"Ryan Gusto",26440,687473
"Elieser Hernández","ATL",12,95.97061728395062,,79.8,,122.6163076923077,90.72,80.464,,,102.3152073732719,98.10930875576038,97.3483870967742,"Elieser Hernandez",16933,622694
"Walker Buehler","SDP",153.2,89.87927756653993,95.99190751445087,92.47604395604394,,100.69324503311255,,88.228987854251,109.01433789954338,,95.08093148575826,100.67852963818325,97.28469591993847,"Walker Buehler",19374,621111
"JT Brubaker","SFG",60.1,74.90333333333332,88.650066518847,,,99.13659090909088,106.41063492063489,73.63637681159423,,,90.0303151495175,105.52765213711209,97.27188090689161,"JT Brubaker",17578,664141
"Jefry Yan","NYM",20.1,117.88694736842106,132.02864197530866,,,119.42,,133.0189189189189,,,126.15106913030151,71.15532859047731,97.26306220650476,"Jefry Yan",27902,642376
"JR Ritchie","ATL",73.1,99.22165289256198,91.78429065743943,89.87522935779818,,90.83973684210525,101.42815476190476,90.38265486725665,,,95.23942395495543,95.87453395285803,97.23685103980122,"JR Ritchie",31760,702275
"Brant Hurter","DET",35.1,97.75130434782609,119.12791366906474,,,120.35559999999998,,98.81370370370371,,,116.37435387673958,84.0889065606362,97.21785288270382,"Brant Hurter",30133,676428
"Michael King","SDP",185,97.99764900662252,93.87249097472925,,,106.9447883597883,,81.93091370558375,,,94.85396836082128,101.25609559071022,97.20111746886569,"Michael King",19853,650633
"Hayden Wesneski","HOU",61,81.84100917431192,96.0197619047619,76.0619117647059,,119.64522727272725,99.82,90.10403669724771,,,95.80354910714284,100.3884151785714,97.19493303571429,"Hayden Wesneski",27581,669713
"Chase Shugart","PHI",53.2,100.21175000000002,104.07027888446221,100.97208633093524,,114.76333333333332,,79.43951807228915,,,102.53383371824481,94.5178752886836,97.14471131639725,"Chase Shugart",21544,663767
"Sam Bachman","LAA",48.2,100.78896551724137,103.99231999999999,,,104.78779582366592,,88.51764705882351,,,102.0366265060241,93.8810843373494,97.12686746987956,"Sam Bachman",29754,696147
"Alan Rangel","PHI",26,84.60214285714285,,,,99.64148148148148,91.71898305084746,116.84043715846997,,,99.98322184869824,101.28068722956999,97.0992900318177,"Alan Rangel",19524,660604
"Brock Burke","CIN",74.1,98.64863636363638,110.61320754716981,,,106.49853211009176,,111.39323671497581,,,104.68487638533672,91.8738618925832,97.04719522591644,"Brock Burke",17968,656271
"Sam Moll","CIN",56.1,117.28730158730158,99.68803069053706,,,102.69896640826873,,91.53065088757398,,,101.53332708528585,93.40582942830362,97.04536082474227,"Sam Moll",14874,594580
"Tyler Holton","DET",72,88.21527777777776,109.3584347826087,96.28495821727019,,116.2608486715441,127.45081081081082,84.45494623655917,,,100.12925057033262,96.50823533639176,97.02781827905773,"Tyler Holton",26231,663947
"Sean Manaea","NYM",150.2,96.53379023883697,95.72835443037972,91.11500000000001,,118.96033914840953,,86.2311111111111,,,102.2756742932777,98.47000113556693,97.01574155445857,"Sean Manaea",15873,640455
"Yaramil Hiraldo","BAL",9.1,85.9560465116279,,,113.22033898305085,123.71749999999999,,,,,103.68217616580311,95.07792746113988,97.01564766839377,"Yaramil Hiraldo",25215,682274
"Patrick Corbin","TOR",80,81.32767295597483,86.05248041775457,95.94224299065421,,104.1659431524548,89.39726984126985,95.06299595141702,,,93.58048594428655,102.69103626903834,96.96923295307516,"Patrick Corbin",9323,571578
"Josh Walker","BAL",30.1,92.951968503937,107.05985401459851,,,101.35808510638297,,83.72359999999999,,,98.98895999999999,96.68880000000003,96.93892,"Josh Walker",23617,677020
"Chad Patrick","MIL",106,96.86377011494253,91.70978102189781,107.14945652173915,,,106.5724722569879,73.85636363636364,,,100.6541556374603,95.6655307912614,96.8741481650473,"Chad Patrick",30113,694477
"Jhonathan Díaz","SEA",1.1,,98.46,,,80.03999999999999,156.9,116,,,97.0432,99.6904,96.8032,"Jhonathan Diaz",20298,646242
"Justin Sterner","ATH",42.2,104.00209059233448,,87.8157142857143,,106.65181395348836,,,,,99.82417127071824,97.22814917127069,96.77052486187841,"Justin Sterner",27694,686993
"Zach Pop","PHI",7.1,,107.54320987654322,85.57333333333332,,107.97235294117648,,,,,104.99234018155758,92.01601624462496,96.75600582895366,"Zach Pop",20185,647315
"Randy Vásquez","SDP",140.2,103.57801980198018,88.13696476964772,95.51553903345724,,105.92663550437148,96.46357662792708,81.00453608247422,,,96.93754502782164,102.62154137480849,96.65852741601408,"Randy Vasquez",24719,681190
"Jeffrey Springs","ATH",142.2,89.04140712945592,,88.0180582524272,,97.37923529411765,,109.7584013050571,,,96.47323589118959,100.04759236703205,96.6314494518879,"Jeffrey Springs",17677,605488
"Hunter Dobbins","STL",54,87.05759197324416,96.79245901639345,,89.1754128440367,105.60881355932206,98.74603301886792,,,,95.78913989589995,100.12410218244909,96.61699863026206,"Hunter Dobbins",30240,690928
"Tyler Samaniego","BOS",20.1,96.30428571428573,108.27859374999997,76.15333333333332,,107.04881355932204,,91.68105263157895,,,101.11542659416709,94.69431669138243,96.58053715603889,"Tyler Samaniego",30081,701719
"Kervin Castro","NYY",6.1,99.55632653061222,105.92875,92.46777777777778,,,93.62909090909092,,,,98.59,103.24340425531912,96.54382978723405,"Kervin Castro",21656,665645
"Raymond Burgos","BOS",21.1,91.44,88.65496062992126,84.78176470588235,,112.23918367346937,,83.6851851851852,,,95.8575778546713,108.65051903114187,96.54297577854673,"Raymond Burgos",22370,670103
"Michael Soroka","ARI",116,94.47006688963212,95.07851851851852,94.03064814814816,,136.80923076923074,97.49269112523056,83.19719298245613,,,94.34103365981184,103.55160653789297,96.49016308623602,"Michael Soroka",18383,647336
"William Kempner","MIA",12.1,120.76145833333332,105.27103448275861,100.91680000000001,,123.97545454545455,,90.468,,,115.96050251256285,83.51366834170855,96.46663316582914,"William Kempner",31615,687531
"Cesar Perdomo","SFG",24.2,87.91528735632184,,,,96.10125524539319,,78.25017543859649,,,86.84937329100529,104.24766306878305,96.46628317460316,"Cesar Perdomo",30334,702885
"Trey Yesavage","TOR",97.2,90.84937912813739,,,136.76570212765958,105.70410256410258,,,,,107.75809405940593,89.78179455445544,96.42459158415845,"Trey Yesavage",35456,702056
"Brooks Kriske","ATH",2.2,92.75666666666666,,94.08,103.18117647058823,,,,,,98.14736842105262,99.94368421052633,96.39999999999999,"Brooks Kriske",21189,621139
"Caleb Ferguson","- - -",33,95.17510204081633,115.99591836734692,100.79013333333332,,,99.65425531914893,,,,104.33755399811106,94.83217404736472,96.39966687556816,"Caleb Ferguson",19349,657571
"Taylor Rogers","MIN",60.1,,100.90494897959181,94.85891156462581,,113.14394636015325,,,,,106.13729068673564,95.37849482596421,96.35612417685802,"Taylor Rogers",13449,573124
"Miles Mikolas","WSN",116,84.86776053215078,86.00490825688074,,,92.44802575310732,98.90933823529413,85.30328767123288,,,89.42393279897256,108.06276938201121,96.34369084899232,"Miles Mikolas",9803,571945
"Alexander Cornielle","NYY",1,109.32,125.12,90.34,,111.38,,,,,109.67823529411763,84.85176470588236,96.31882352941177,"Alexander Cornielle",26489,529017
"Carson Palmquist","WSN",16.1,109.13224489795917,96.69372549019606,80.08709677419354,,120.9903816793893,,,,,107.26045419968743,93.23700510352266,96.31124683623085,"Carson Palmquist",31612,687223
"Robert Stock","NYM",30.1,118.3494029850746,85.68015999999999,100.06500000000001,,94.65088235294118,,92.62791666666668,127.68222222222221,,100.39669926611104,97.14932857991681,96.30431597372774,"Robert Stock",6576,476594
"Cody Bolton","HOU",20,102.03477477477477,101.05017543859647,98.99782608695651,,108.26731707317073,89.50311111111111,83.34809523809524,,,98.31257071998762,98.09669193210881,96.28774021545378,"Cody Bolton",23265,675989
"Mitchell Parker","WSN",39.2,86.91424778761062,,,146.29500000000002,98.38390243902438,102.68446601941751,,,,95.43298937784517,101.59180576631259,96.2191502276176,"Mitchell Parker",27636,680730
"Lance McCullers Jr.","- - -",44,80.40482758620689,89.98517241379311,93.13433789954337,,122.49547445255475,,79.22881355932203,105.66637931034484,,96.81432534678432,96.14007566204288,96.21591424968474,"Lance McCullers Jr.",14120,621121
"Paul Blackburn","NYY",85,102.37346405228759,96.55871428571433,93.11769547325103,,108.07087313275827,95.38089385474858,78.2862641509434,,,92.94460730024291,99.70012263119007,96.17724260081914,"Paul Blackburn",14739,621112
"Kris Bubic","- - -",55,98.44290410958904,89.19345132743364,,,91.8057399103139,,93.75812154696133,,,94.62090302347345,98.80962138435122,96.16326559861068,"Kris Bubic",21455,663460
"Casey Mize","- - -",131.1,97.11433287482805,91.3942,,85.75666666666666,75.95069826735019,90.99,,,,87.78332786676631,105.66148987954483,96.0983190808342,"Casey Mize",20492,663554
"Zebby Matthews","MIN",130.1,95.26636723910174,96.28929292929293,89.10509505703422,,100.14220833333337,98.58127659574467,87.74164285714285,,,95.0159753787879,101.76930871212117,96.07597537878789,"Zebby Matthews",31827,805673
"Joe Ross","- - -",11.2,95.08634146341463,95.30239999999999,,79.7695238095238,89.3535593220339,102.88615384615386,,,,90.1742030494383,102.36301890873061,96.04834624679678,"Joe Ross",12972,605452
"Cal Quantrill","TEX",110,82.26906403940887,85.63714964370547,92.48447129909366,94.68216358839048,99.6188896551724,91.91610000000001,,,,88.87741176833684,107.50790212014657,95.93987352328318,"Cal Quantrill",19312,615698
"Julian Aguiar","CIN",3,75.38,87.14,,,98.74,84.62,83.88000000000001,,,87.48925925925926,105.51407407407406,95.93777777777777,"Julian Aguiar",30031,687924
"Cole Ragans","KCR",35.1,109.03061452513967,,91.19055555555555,,116.30447058823529,,113.58171428571428,101.38629629629631,,109.06012519561817,86.25668231611893,95.93521126760564,"Cole Ragans",21846,666142
"Robert Gasser","MIL",109.1,114.5080465381463,101.82092010950718,90.65688073394494,,122.42044433794331,,83.86363636363636,,,106.17215101611508,93.82792746662435,95.92584547707315,"Robert Gasser",29812,688107
"Carlos Rodón","NYY",84.1,105.50172465960665,105.77258426966293,,,114.13545205479454,97.36333333333333,105.71377990430621,,,107.62936496859739,89.6069923237962,95.92001395673412,"Carlos Rodon",16137,607074
"Matt Svanson","STL",43.1,88.00444444444445,90.91836158192092,86.15660818713452,,109.3875590551181,,,,,95.81660873648059,100.1852751820647,95.89474304082579,"Matt Svanson",29629,694335
"Keegan Thompson","COL",12,93.60535714285713,84.07909090909091,96.78638297872341,,99.00631578947369,81.40266666666666,87.33384615384617,,,91.26927083333334,105.27312499999996,95.87645833333335,"Keegan Thompson",19795,624522
"Zach Maxwell","CIN",13,108.16959064327486,,96.98210526315789,,122.35354838709677,,,,,110.29239875389408,87.03140186915887,95.8229906542056,"Zach Maxwell",31610,687209
"Yerry De los Santos","NYY",22,87.08800000000001,95.72500000000001,,,102.59916666666665,,102.15780487804876,,,96.58304225352113,101.3006197183098,95.75476056338029,"Yerry De los Santos",21420,660787
"Carmen Mlodzinski","PIT",123,80.42432029795157,92.9978590078329,85.8024761904762,97.9172030651341,96.91891148240312,94.22260227917941,,,,91.33037198570717,104.23529290139707,95.75101459397614,"Carmen Mlodzinski",27572,669387
"Connor Brogdon","CLE",16,99.57208955223881,,88.25777777777778,,,,91.06144144144145,,,95.5493525179856,96.83467625899277,95.70942446043166,"Connor Brogdon",21205,641401
"Jordan Montgomery","TEX",26,59.102727272727265,92.93018633540373,,,102.61999999999996,100.08883720930234,92.62588235294118,,,90.15724637681163,108.20473429951693,95.69946859903378,"Jordan Montgomery",16511,656756
"Matthew Liberatore","STL",155,84.79653846153846,90.35311320754717,86.89885714285715,117.97111111111111,107.30611664295873,117.58038054968286,84.1893865030675,,,97.40349961627012,99.32745970836528,95.6691557943208,"Matthew Liberatore",22294,669461
"Brett Kerry","LAA",13.2,74.73069306930694,,,,97.85737704918033,83.696,95.90340425531917,,,86.18242990654205,110.22280373831777,95.65112149532709,"Brett Kerry",29826,695049
"Jameson Taillon","- - -",86,94.67888607594938,92.77985507246377,85.90875912408762,,104.82336190682557,76.56167837211949,92.87920704845816,,,92.14928738569297,98.97135862036669,95.6301523916802,"Jameson Taillon",11674,592791
"Alex Lange","KCR",60,88.40758620689654,106.77999999999999,81.55059602649007,,97.66903954802261,,93.1343673469388,,,95.5314359415305,95.99121238177132,95.62297506448841,"Alex Lange",19883,656638
"Brandan Bidois","PIT",15.2,98.0434831460674,,,,125.52808823529412,,122.3690909090909,,,110.34629629629629,86.80049382716051,95.62246913580248,"Brandan Bidois",28052,684049
"Brady Basso","ATH",43,89.9936393442623,102.91296918767505,93.94623376623375,,104.84346153846155,103.17403225806453,91.26333333333334,,,96.23523146040249,100.66773510768886,95.48189903098611,"Brady Basso",25582,669620
"Matt Wilkinson","SFG",27.2,86.63757322175732,,91.50916666666667,,94.0495786163522,,76.95458333333335,,,85.7427761605432,106.97152200073953,95.46721436014657,"Matt Wilkinson",33760,683363
"Eric Orze","MIN",41.1,96.97909604519775,,,103.68970588235298,74.25187500000001,84.40761904761905,,,,95.92866071428568,96.63604166666667,95.4614880952381,"Eric Orze",27626,679358
"Sammy Peralta","- - -",23,97.43898305084744,95.9887619047619,,,105.09677408568444,,75.85183098591548,,,96.31875905172414,101.11918577586206,95.45973965517241,"Sammy Peralta",25589,671111
"Clay Holmes","- - -",101.1,74.49529411764706,90.41969581749049,102.04411764705883,,103.48821982481249,129.8663063063063,89.08434782608697,,,96.39073285204424,99.15294200761896,95.44334412769821,"Clay Holmes",13649,605280
"Kyle Hurt","LAD",45.2,86.621075794621,,,,102.00771428571427,,103.95110266159698,,,94.2134121695246,100.27013760012233,95.41609768499936,"Kyle Hurt",27514,669165
"Josiah Gray","WSN",4,81.30666666666667,,,,82.87133333333333,93.29466666666666,65.72,,,84.94758620689653,103.61758620689655,95.41241379310347,"Josiah Gray",24580,680686
"Colin Holderman","CLE",52.2,106.38050000000001,92.33876993166287,127.16,,120.1564137931035,132.75222222222231,,,,106.64609302325582,93.20683720930234,95.36697674418608,"Colin Holderman",22361,670059
"Bennett Sousa","HOU",30,90.98938461538461,100.98930232558142,,,112.44901905684755,,,,,106.31617260787993,89.19433395872421,95.35999999999996,"Bennett Sousa",21345,656986
"Ethan Roberts","CHC",25.2,,93.25521126760565,91.78040816326532,,102.74153846153845,,,,,96.19945205479449,94.81447488584482,95.27214611872145,"Ethan Roberts",24930,681799
"Luis García","- - -",15,50.72,93.0858064516129,,89.22144578313252,113.93698113207547,,,,,95.21288024099758,97.18331102861625,95.26241161978011,"Luis Garcia",6984,472610
"Paxton Schultz","WSN",32.1,91.35855072463768,,92.85110294117648,,95.18935698447893,,85.28206896551725,,,91.41611373657432,103.53932413793103,95.24521582815152,"Paxton Schultz",25501,687606
"Trent Thornton","CHC",48.1,93.18557522123895,93.82773333333331,96.20025806451612,,103.92089552238805,101.97634782608696,79.03999999999999,,,97.39449645390064,98.63807092198581,95.24346099290776,"Trent Thornton",17948,663423
"Ronel Blanco","HOU",33.2,93.28303317535546,,,,84.85733333333333,91.82413793103449,98.50526315789475,,,92.67493096049475,101.4196268248559,95.19004846648994,"Ronel Blanco",19407,669854
"Emilio Pagán","CIN",42.2,103.989858490566,,94.04580152671755,114.01226890756305,,,,,,103.79592867756308,94.32451708766718,95.18279346210991,"Emilio Pagan",14771,641941
"Tejay Antone","CIN",55,95.55446808510635,95.79908256880736,91.50993548387096,,105.32150712830956,96.62981481481484,,,,100.28650442477873,96.91028761061946,95.16650442477876,"Tejay Antone",16233,622088
"Jack Weisenburger","NYM",12.2,104.32761904761907,98.18054054054055,90.17473684210526,,112.01755102040818,102.06,98.49866666666667,,,101.80748768472904,99.23251231527094,95.14108374384236,"Jack Weisenburger",26333,674073
"Huascar Brazobán","- - -",67,99.64426666666668,94.55170542635659,98.24466666666667,,120.02,,96.33927360774817,,,95.89009870064965,97.84726016951842,95.08186296360748,"Huascar Brazoban",6107,623211
"DJ Herz","WSN",7,95.48387096774194,,,,82.8656,,88.51894736842105,96.32,,90.97125,101.42203125,95.07359374999999,"DJ Herz",26389,687792
"Matt Festa","CLE",66.2,103.73189686924493,94.46984615384615,101.3588679245283,,100.88892938496582,,,,,102.03774545454542,92.11181818181818,95.03383636363637,"Matt Festa",19330,670036
"Adam Macko","- - -",31,88.97721739130435,,,,103.32942461982462,,104.70404761904761,100.340625,,97.51312904242717,98.73340284464511,94.99333015603578,"Adam Macko",25590,671936
"Jose Cuas","KCR",23.1,108.05539473684209,97.05114942528735,88.35217391304349,,109.31223140495867,,79.88,,,103.12869936034122,93.94724946695102,94.98255863539443,"Jose Cuas",17701,621016
"Franco Aleman","CLE",22.1,100.37597173144879,,,,104.96758620689657,,83.61,,,100.46352941176471,95.92127058823527,94.97054117647059,"Franco Aleman",30195,680916
"Merrill Kelly","ARI",162,90.55770718232046,85.83271255060727,88.49027777777779,,98.81533834586466,92.18508361204013,84.77724137931034,,,89.29621455938698,101.16577777777782,94.93421455938697,"Merrill Kelly",11156,518876
"Joel Kuhnel","- - -",45,92.02555555555554,97.60771208226224,100.8008181818182,,124.72857142857141,109.035,78.05288888888889,,,97.70044631806931,97.73596036625722,94.92323685631429,"Joel Kuhnel",19995,669270
"Tyler Uberstine","BOS",2.2,132.44,93,91.76,,118.96000000000002,,89.68,,,107.49333333333335,94.56755555555556,94.8231111111111,"Tyler Uberstine",29961,700413
"Michael McGreevy","STL",168.2,73.03174231332358,87.96937777777777,79.3866881028939,,88.80944578313253,84.03333333333333,79.54268551236747,,,81.2463442800433,110.41574160952723,94.78683507758932,"Michael McGreevy",29869,700241
"Kyle Finnegan","DET",60.2,97.0075182481752,,,100.00595238095234,101.91325842696628,,,,,98.79278409090912,95.57087121212125,94.78477272727271,"Kyle Finnegan",15009,640448
"Brennan Bernardino","COL",64,97.52791666666666,91.16163069544363,83.41731935342945,,118.82200000000002,96.19231454889324,76.80675675675677,,,91.61598041507933,105.77091094048093,94.7471101288306,"Brennan Bernardino",16835,657514
"Noah Schultz","CHW",74.1,95.90970802919708,87.66911854103344,104.57010752688173,,114.62202798165136,126.12616635397123,82.00462809917354,,,98.48895180120968,98.78559434391084,94.73445254036699,"Noah Schultz",32056,702273
"Trevor Martin","- - -",15.1,101.17056910569104,91.61142857142856,89.76983050847458,104.51307692307691,,113.22588235294117,,,,99.51576338602753,93.09983885772564,94.65708720040796,"Trevor Martin",31878,694680
"David Peterson","- - -",148.1,79.20388443017657,97.51969863013696,,,88.0338955272888,86.17244231291286,89.45622291021672,,,88.60546993763077,101.93040269538399,94.63713375798231,"David Peterson",20302,656849
"Tyler Gilbert","CHW",6,110.66666666666667,98.06679245283019,95.20588235294117,74.40666666666667,114.43265306122449,,,,,104.34271895424834,94.52612636165577,94.52583006535947,"Tyler Gilbert",17964,656457
"Gordon Graceffo","STL",81,81.44385438972162,94.62465116279068,89.588,,101.18949157410952,101.8852427184466,101.94024242424244,,,92.98401842666742,99.09778388575855,94.51710435901597,"Gordon Graceffo",29519,700669
"Carson Spiers","CIN",6,92.548,94.99037037037036,91.3,,107.49621621621623,,77.336,,,98.02635294117647,105.08729411764703,94.49576470588234,"Carson Spiers",27685,686730
"Tyler Phillips","MIA",126.2,76.48421052631579,86.97197696737044,,95.21835789473684,104.27093254537776,104.02047769788945,,,,95.34392705192106,98.84500042668802,94.47673418115063,"Tyler Phillips",20629,663969
"Keider Montero","DET",155,92.33377713458755,99.46465028355385,,,98.58655753376097,,81.33783439490445,89.87448275862069,,93.34212402008495,101.2582009622288,94.45413821026105,"Keider Montero",22630,672456
"José Suarez","- - -",61.1,91.94582474226803,94.32807692307689,83.36,,94.5484612597547,,101.61214007782101,,,95.2216365529848,98.10317416206283,94.44354389550853,"Jose Suarez",19911,660761
"Mason Barnett","ATH",50,86.67382550335572,,,,106.6691333333333,86.98808485905259,104.20898550724638,,,94.63613887007499,98.95627643225822,94.40810757409439,"Mason Barnett",31741,686930
"Jack Flaherty","DET",88.1,105.72551470588236,76.7613698630137,,,90.25390825156505,,74.71,104.92857142857143,,99.72075302383199,94.81695497668959,94.4024973103381,"Jack Flaherty",17479,656427
"Bryce Elder","ATL",149,80.57543650793649,85.86293460925039,81.85053571428573,,87.69013972055888,,83.24971014492755,,,84.1520286609942,105.57427675772507,94.38890282131669,"Bryce Elder",27779,693821
"Corbin Burnes","ARI",10.1,,85.25333333333333,90.9122641509434,,103.05250000000001,105.07914893617021,86.95636363636363,,,93.89737373737375,97.76434343434346,94.38525252525254,"Corbin Burnes",19361,669203
"Bradley Hanner","NYY",7.1,115.89527272727273,97.49096774193549,99.25555555555555,,112.94787878787879,,,,,109.50812499999999,83.55125000000001,94.3784375,"Bradley Hanner",26097,690440
"Landon Knack","LAD",11.2,88.2152380952381,,,,98.22516129032256,,101.07999999999998,85.7,,92.60727272727273,102.56106951871656,94.37668449197861,"Landon Knack",27487,689017
"Phil Maton","CHC",27.2,,88.47442307692307,94.15402985074628,,83.98843373493973,132.6286624203822,,,,102.62411764705885,88.56312499999997,94.37411764705885,"Phil Maton",18064,664208
"Yariel Rodríguez","TOR",9.1,93.51944444444445,104.86615384615385,,108.9561904761905,92.6735294117647,,,,,98.58406976744186,90.65244186046515,94.37151162790697,"Yariel Rodriguez",33838,684320
"Zac Thornton","NYM",84.1,99.277,91.99185185185186,99.61112781954887,,98.91318181818183,105.38945945945947,91.57827586206896,,,98.68372204472846,97.17182108626203,94.36648562300317,"Zac Thornton",33891,804267
"Andrew Sears","DET",19,104.1759509202454,108.02558139534882,,,104.73585585585586,,88.83191489361703,,,102.81910634637019,91.87176943948117,94.31564026206075,"Andrew Sears",33664,808825
"Trey Gibson","BAL",39.2,96.86781456953643,99.97423312883436,95.794,,110.44377520795294,76.85729359925789,,,,97.6986649706296,92.81166306775877,94.29871241830067,"Trey Gibson",33794,694346
"Jake Irvin","WSN",106.2,99.5362197092084,96.20300546448084,91.41278350515465,,109.02977141077545,104.79604545454546,80.62145695364238,,,98.86749116759222,97.90245501650762,94.21239389181677,"Jake Irvin",21504,663623
"Braxton Roxby","SFG",5.1,116.88,86.64,,,98.4070588235294,,,,,100.43999999999998,94.74269230769231,94.20903846153846,"Braxton Roxby",27793,694820
"Jedixson Paez","- - -",11.2,87.5635294117647,98.16307692307691,74.15333333333334,,,87.20263157894736,80.60552631578946,,,85.00482915071177,105.38732758260204,94.11145783427618,"Jedixson Paez",29114,699151
"Ryan Fernandez","STL",23,91.04886075949369,,87.57875,,101.75916167664668,,102.12521739130435,,,96.84372093023255,96.11565891472867,94.05932816537464,"Ryan Fernandez",24862,681676
"John King","MIA",49.2,74.44222222222223,97.00078602620087,,,99.42512261328132,86.81634146341463,85.69566433566432,,,94.12660586548304,98.4627293310516,94.05387623433263,"John King",22051,667463
"Lake Bachar","- - -",86.2,96.77041095890411,87.45326742976066,,96.74634615384616,94.02297185861923,105.86588831998938,,,,97.16549667626694,96.97922205228188,94.0477915817411,"Lake Bachar",19222,669199
"Justin Topa","- - -",22,,93.2672619047619,89.38963636363638,,113.6470731707317,,83.0785185185185,,,94.95512077294686,97.78144927536235,94.01584541062805,"Justin Topa",15145,623437
"Jonathan Pintaro","NYM",30.2,122.14166666666667,95.67865384615386,108.40981949458482,,,112.16999999999997,103.27212121212122,,,108.08463551401869,85.61790654205606,94.00317757009348,"Jonathan Pintaro",33980,702752
"Connor Phillips","CIN",30,99.96648464163823,,,,129.82895306859206,126.23263157894738,,,,114.7733559322034,80.32796610169493,93.92437288135595,"Connor Phillips",27649,683175
"Colin Rea","CHC",137,86.45738019169329,92.34001944444447,91.85939849624063,,109.67034861840149,86.97597105508872,95.14978102189782,,,93.8403378688096,99.17929171041204,93.90830043207025,"Colin Rea",12317,607067
"Chris Devenski","- - -",7.2,90.29660377358493,77.9,101.828,,93.45200000000001,,116.52271186440679,,,102.42253731343283,94.17895522388062,93.85492537313434,"Chris Devenski",12763,606965
"Robby Snelling","MIA",5,111.9,107.88,,,99.84,106.4,92.67999999999999,,,105.46744186046513,91.39139534883721,93.8506976744186,"Robby Snelling",31893,702281
"Kodai Senga","NYM",61.1,93.49591666666667,84.555,85.2206756756757,,87.2646927742616,72.19,,,116.56715719063546,97.39224644676855,91.68291427549836,93.84765593993026,"Kodai Senga",31838,673540
"Brandon Williamson","CIN",52.2,94.86134969325153,90.48236842105263,98.26312292358804,,127.51346938775508,105.77850000000001,85.36825396825397,,,98.16421930386123,93.65651361572479,93.83306940640895,"Brandon Williamson",25463,682227
"Yuki Matsui","SDP",64,96.04657004830914,94.3393548387097,,115.8741637010676,103.01578947368422,,,,,103.38413983440668,90.52386384544617,93.82401103955843,"Yuki Matsui",33826,673513
"Mason Adams","COL",29,91.08122448979591,100.5761344537815,76.96482758620688,,93.59548387096774,94.95272727272727,80.22260869565217,,,93.18483940042827,100.48017130620984,93.80680942184155,"Mason Adams",31663,690279
"Ryan Borucki","SFG",23.2,,97.36902255639099,85.60888888888888,99.55160000000002,100.07474860335196,,,,,98.37368421052632,91.84031578947369,93.78747368421052,"Ryan Borucki",16350,621366
"Seth Lugo","KCR",172.1,92.04564102564105,82.05713261648748,90.30553846153849,,94.47351629502572,100.29300639658851,69.60568093385214,,,89.86313025210086,103.20736694677868,93.78509103641461,"Seth Lugo",12447,607625
"Luinder Avila","KCR",70,93.57851190476192,106.62418079096045,,,104.38041013824885,97.58852631578947,95.88105263157895,,,100.29332208004537,90.4930728958553,93.76613146564728,"Luinder Avila",24452,679883
"Garrett Stallings","MIL",14,88.32333333333334,93.3992156862745,86.71411764705883,,96.81,98.53600000000002,83.85475000000001,,,87.81333333333335,101.87197916666665,93.74322916666667,"Garrett Stallings",27485,668831
"Cade Winquest","STL",13.2,95.97908045977012,82.101,74.78463768115944,,,89.015223880597,109.19,,,86.7726530612245,103.09657142857142,93.70669387755099,"Cade Winquest",31850,685464
"Cole Wilcox","SEA",27,84.50373134328356,102.1825641025641,,,104.81142857142858,,109.54357142857144,,,99.26241803278693,94.64926229508195,93.63987704918031,"Cole Wilcox",27481,677961
"Peter Lambert","HOU",155.2,96.92790865384615,93.45644444444444,85.03092936802975,,102.26400000000001,94.64725581395346,80.70623003194889,,,92.43728349370838,100.48476683937818,93.63307920059215,"Peter Lambert",17969,663567
"Hayden Juenger","- - -",16,84.69176470588236,,81.84781250000002,,98.43769991015273,,80.96193548387097,,,86.79069874288291,102.84212948869727,93.61831670330912,"Hayden Juenger",29640,696522
"Mike Paredes","MIN",34.1,85.23872549019609,,92.53270588235294,,112.70909090909092,,89.74907801418439,,,93.58541496332577,97.89742037056008,93.6026775059675,"Mike Paredes",30187,702474
"Jason Adam","SDP",34.1,90.05985074626867,,,,104.60700389105064,,92.53673684210526,,,97.32773747841108,96.7951640759931,93.58576856649397,"Jason Adam",11861,592094
"Kyle Freeland","COL",135.1,86.87739805825244,86.82846511627906,92.10331154684097,,102.68614678899083,,75.6517288135593,95.57847736625514,,89.95547411818598,103.41191937700414,93.58342647732479,"Kyle Freeland",16256,607536
"Mark Leiter Jr.","ATH",33.2,83.53062500000001,85.98805555555559,75.55294117647058,102.35933701657459,95.52857142857144,94.15245283018868,,,,91.78761732851977,99.24801444043322,93.57018050541517,"Mark Leiter Jr.",15551,643410
"Mitch Keller","PIT",115.2,91.02603648424544,86.76223602484471,83.60142857142857,,102.06917012448133,90.15859649122805,81.24284023668639,,,91.61757833244822,101.11758895379714,93.45678173127989,"Mitch Keller",17594,656605
"Andrew Abbott","CIN",166,90.34412549019609,,91.34168421052631,,113.1584476534296,90.28744680851062,85.60161579892281,,,93.87854086285517,98.84723254998245,93.3818379515959,"Andrew Abbott",29911,671096
"Braydon Fisher","TOR",75.2,73.2553658536585,60.949999999999996,88.49400000000001,,114.08453255781852,91.11381720430109,,,,98.50658750973848,96.21683880770988,93.34744876506866,"Braydon Fisher",24609,680755
"Rolddy Muñoz","ATL",2,77.56,77.8,,,103.72,,89.78000000000002,,,93.33020408163266,103.28489795918368,93.30530612244898,"Rolddy Munoz",27407,691548
"Yoendrys Gómez","- - -",67,118.68057915057916,104.85207920792077,91.49621402923178,,124.49040590405902,,88.58553179824558,,,112.85289016565142,81.28741900954894,93.20528756980211,"Yoendrys Gomez",22872,672782
"Cole Sands","MIN",12,87.21686746987953,84.1225,92.52571428571429,87.09058823529412,,111.91555555555554,,,,91.37611374407582,101.15611374407581,93.18132701421804,"Cole Sands",21461,663485
"Chase Lee","TOR",9.2,89.46615384615384,89.7301886792453,,,108.36392156862745,,82.73714285714287,,,95.60208333333331,95.94097222222221,93.16944444444447,"Chase Lee",29574,695445
"Ricky Vanasco","DET",6.1,86.73632183908046,,,,,82.1502564102564,100.04727272727273,,,89.12941176470588,102.17623529411765,93.13235294117646,"Ricky Vanasco",23391,676568
"Rhett Lowder","CIN",133.1,80.79324675324675,84.48348703170029,,,93.59334464555052,98.6176119402985,86.75469565217392,,,87.03504858942304,104.06339935736341,93.10946829896855,"Rhett Lowder",33876,695076
"Chayce McDermott","- - -",7.2,102.06781249999999,,86.81700000000001,125.88571428571427,92.74749999999999,,,,,95.81220084151472,93.02762300140253,93.10722131837306,"Chayce McDermott",29866,694646
"Ryan Weiss","HOU",26,102.14336734693877,80.3730303030303,,,112.58327485380116,96.95794871794872,96.37544303797468,,,101.78544393604442,90.16421222559252,93.06546984730862,"Ryan Weiss",24621,680802
"Jayden Murray","- - -",16.1,93.24283950617283,83.74774193548386,86.828,92.03999999999999,113.03733333333332,,68.27391304347826,,,94.80367018616282,100.48183606557377,93.04623006390665,"Jayden Murray",26482,681151
"Welinton Herrera","COL",2.1,83.21857142857142,,,,106.758,,99.18857142857142,,,90.93377777777778,100.20000000000002,93.00311111111112,"Welinton Herrera",29318,700327
"Dylan Smith","SFG",39.2,101.44965174129355,96.9306896551724,,110.2647619047619,113.6408917197452,86.45818181818184,,,,103.37432239657636,89.57962910128387,92.86339514978602,"Dylan Smith",30145,681916
"Mason Black","KCR",31.1,110.92525423728814,95.18597222222223,75.55608695652174,,87.63287958115184,96.70666666666668,72.9391304347826,,,93.52176258992802,96.24201438848921,92.81262589928062,"Mason Black",30171,696131
"Cam Sanders","- - -",29.1,99.5972,96.66375,,,106.75530824923214,,94.02579710144929,,,101.57082453111248,89.06580523393593,92.78354137043806,"Cam Sanders",23479,676742
"Cody Bradford","TEX",44,80.4991891891892,98.56000000000002,,,86.36123321123321,86.78161764705884,96.57017857142856,,,86.64301465400816,109.91569952004374,92.73607721405871,"Cody Bradford",27597,674003
"Bradley Blalock","MIA",11.1,103.56148148148148,100.45529411764706,107.41090909090909,107.32571428571428,105.52786885245901,100.84758620689655,,,,104.24240000000002,91.0027,92.7237,"Bradley Blalock",26419,687134
"Gabriel Hughes","COL",64,83.79514084507042,80.56789915966387,,,94.16231578947371,82.32333333333332,79.54614173228347,,,84.54061355129873,107.02094352846782,92.72139718262655,"Gabriel Hughes",31614,687312
"Mike Burrows","HOU",94.2,98.40263982102907,92.45009433962265,,,94.84451199414026,95.91814159292035,87.56816037735848,,,93.74458065148733,97.9417817889142,92.69675097134774,"Mike Burrows",24728,681347
"Kendry Rojas","MIN",29.2,102.5970796460177,98.08,,,105.90861111111111,,108.11236842105264,,,103.74412794979635,87.66157435487054,92.6864674183451,"Kendry Rojas",29423,696070
"Tanner Gordon","COL",103.2,81.72276712328767,77.39789473684212,77.38,,85.6481856731783,96.11134060216443,90.70269841269842,,,85.58856053086588,108.91114504462891,92.68179508284747,"Tanner Gordon",27669,685299
"Andrew Hoffmann","ARI",11.2,73.8542857142857,,,,95.50217391304348,,114.62156250000001,,,90.6565254237288,100.58728813559321,92.59381355932204,"Andrew Hoffmann",29633,694851
"Brandon Sproat","MIL",97,88.56466200466201,96.7291517857143,98.65928571428574,,134.89097142857142,117.50878060413358,83.30132352941176,,,99.9488767243251,93.30460077810643,92.58060280688038,"Brandon Sproat",33850,687075
"Kody Funderburk","MIN",51,,107.75578947368422,95.08353697749193,,109.78549763033173,,91.08470588235295,,,102.74288990825697,89.48646788990827,92.51701834862384,"Kody Funderburk",24993,681892
"Nick Davila","SEA",27.1,78.67489361702128,86.1981308411215,,,97.4973103448276,,,,,92.75733634311514,99.91968397291198,92.47069977426636,"Nick Davila",27741,689546
"Danny Coulombe","BOS",22,78.21538461538462,81.9178947368421,97.31636363636362,,112.61272727272726,,,121.33083333333333,,95.02874999999999,90.46916666666664,92.43156250000003,"Danny Coulombe",13293,543056
"Albert Suárez","BAL",63,79.48664092664093,,94.35617647058825,,,97.60956521739132,82.13769230769232,,,84.74060041407868,106.47590062111804,92.4084886128364,"Albert Suarez",6175,544150
"Ryan Feltner","COL",123.1,89.96381443298966,99.314375,,,88.58259847180122,91.61050377882694,97.0844094488189,,,92.27160806270996,97.41255048753176,92.28022388222759,"Ryan Feltner",21446,663372
"Spencer Arrighetti","- - -",110.2,104.0175824175824,100.51186274509804,95.21709923664123,,95.84049792531121,107.10492264058969,66.78425806451614,,,100.13332235691165,89.4495498161839,92.24143302900914,"Spencer Arrighetti",29921,681293
"Hunter Barco","PIT",17.2,106.3816923076923,95.1391304347826,,110.732,108.44728971962617,,82.59866666666667,,,102.9369142857143,88.78371428571427,92.19365714285715,"Hunter Barco",33174,682995
"Angel Chivilli","NYY",16.2,96.2528813559322,,,,96.74301886792453,,91.60319327731091,,,94.48753521126761,92.92204225352114,92.02042253521127,"Angel Chivilli",26790,683409
"Nick Lodolo","CIN",108.2,102.64825335892516,105.11567901234568,,,,119.2430303030303,91.32419580419581,,,104.7726388154416,89.05443680592276,91.99792702273928,"Nick Lodolo",26378,666157
"Brandon Eisert","- - -",44,83.3185852090032,87.81423076923078,,,83.69511065644278,,78.40201840736293,,,82.85245094424452,104.11580683003126,91.87431604776418,"Brandon Eisert",27668,685126
"Connor Seabold","- - -",24,90.26886178861788,,99.9391304347826,,91.94718899521531,,89.5194,,,91.26975394368274,101.22679596048948,91.79973831637918,"Connor Seabold",19695,657756
"Anthony Banda","MIN",34.1,99.17610062893081,101.4380124223603,,,109.43767068273092,,89.88564102564104,,,103.41744680851069,88.54461538461534,91.7734860883797,"Anthony Banda",14706,607455
"Isaac Mattson","PIT",38.2,98.84834307992203,,,,96.98241134751771,,101.04351351351352,,,98.63538050734313,96.98931909212286,91.70510013351132,"Isaac Mattson",20385,676755
"Seth Halvorsen","- - -",29,97.42203821656051,114.86399999999999,,94.48723404255318,123.25801324503311,,,,,105.10565851209867,86.07707439506626,91.67557911774952,"Seth Halvorsen",33294,678020
"Joey Cantillo","CLE",159,88.40037777777779,,77.53142857142856,,83.20446428571428,95.87145791328318,104.98783258594916,,,93.61514397159097,96.00807836626153,91.67405060748882,"Joey Cantillo",23335,676282
"Slade Cecconi","CLE",121,97.30561338289964,93.4108188585608,90.95255360623783,87.42,98.24587861271675,95.72587837837841,91.88048780487804,,,94.62456623312652,101.11880375380292,91.63845859537463,"Slade Cecconi",27500,677944
"JP Sears","SDP",32.2,86.83318681318681,85.60410256410258,82.12222222222222,,110.69066666666666,,76.74854545454545,,,91.24114467998919,99.25190858763163,91.60510953956252,"JP Sears",23429,676664
"Blade Tidwell","SFG",56.2,93.49498432601881,87.03089820359281,,,113.90509200603317,111.54954887218047,100.85952380952382,,,101.79018823424552,91.86737879124836,91.5901118974245,"Blade Tidwell",31701,694918
"Carlos Carrasco","ATL",16.2,78.28709677419356,84.0244776119403,81.51105263157895,,76.29823529411765,,84.0621052631579,,,81.5479674796748,107.52951219512195,91.50243902439024,"Carlos Carrasco",6632,471911
"Matt Gage","SFG",27.1,81.0571264367816,81.21853658536585,,,101.80017094017096,,107.03573333333334,,,94.11655172413788,94.7434865900383,91.38141762452108,"Matt Gage",17381,657424
"Jalen Beeks","TEX",26,87.29265700483093,,102.87135135135135,,,,87.19398773006135,,,88.71192118226602,100.64650246305412,91.32014778325122,"Jalen Beeks",17192,656222
"Tim Herrin","CLE",56.2,84.82441025641026,107.8135864978903,,,101.41131147540989,104.73447811447812,82.37,,,100.54199796126403,91.499266055046,91.30994903160038,"Tim Herrin",25139,682120
"Wilkin Ramos","SFG",2,91.96153846153847,92.10162162162163,79.69,,,103.73500000000001,,,,94.4470588235294,97.19852941176472,91.29235294117647,"Wilkin Ramos",23988,678576
"Nick Mears","KCR",19.1,99.81824000000002,88.95121951219512,,,103.36108695652175,77.66173913043477,130.49111111111108,,,99.74884955752215,91.62200589970502,91.26401179941003,"Nick Mears",25376,683232
"Shane Bieber","TOR",55.2,93.1724705882353,82.42341463414634,82.0175221238938,,99.98817204301076,,86.39637426900585,90.07872093023256,,90.21894510226052,95.90047362755651,91.17698600645855,"Shane Bieber",19427,669456
"Shane Smith","CHW",8.1,105.20027027027027,99.08375000000001,,,88.33840000000001,86.16603773584906,103.23463414634146,,,97.6061607142857,91.61526785714285,91.10312499999998,"Shane Smith",31687,681343
"Julian Garcia","CIN",46,87.85953917050692,,,,89.0319595959596,,,,,88.6746348314607,101.67882022471908,91.04764044943823,"Julian Garcia",22362,670062
"Carlos Hernández","CLE",3,93.26857142857143,,,124.30999999999999,103.556,,,85.28,,102.43294117647059,86.29333333333334,91.02156862745097,"Carlos Hernandez",22713,672578
"Jack Sinclair","WSN",11,91.31882352941174,102.18761904761905,,,111.28227272727273,,80.88571428571427,,,102.7679041916168,86.32491017964074,90.90838323353294,"Jack Sinclair",29945,695378
"Griffin Canning","SDP",88.2,84.82291777188328,96.84776315789475,86.148,,97.6037656065559,,91.97989637305699,83.94406015037595,,91.16633451289962,96.50553519039408,90.88576299791312,"Griffin Canning",19867,656288
"Carson Seymour","SFG",31.2,88.7229213483146,110.24033707865168,95.67775862068966,107.36,119.96558563931299,133.56,,,,105.79931090106204,82.18083281632055,90.68839859859125,"Carson Seymour",30084,693313
"Jack Kochanowicz","LAA",64,81.24677551020407,101.03179245283017,,,96.01000000000002,,96.1892607003891,,,94.69702898550722,92.63949275362319,90.62175724637683,"Jack Kochanowicz",27688,686799
"Kolby Allard","CLE",8.2,92.27266666666667,103.244,96.625,,,92.4975,86.38787878787879,,,93.42926553672316,103.71457627118644,90.61627118644068,"Kolby Allard",18694,663465
"Beck Way","KCR",23.1,84.25163636363636,88.874375,98.67012195121953,,127.96950819672132,,101.74,,,98.91115681233934,91.49028277634962,90.56817480719793,"Beck Way",27877,694360
"Blas Castaño","COL",27.1,87.97403508771929,88.49502702702702,97.72666666666666,,103.0885185185185,,70.45021276595746,,,91.35925764192142,102.27100436681218,90.53838427947599,"Blas Castano",26117,680604
"Owen Murphy","ATL",12,96.74963636363636,82.53999999999999,,,88.264,90.07939393939394,90.40619047619049,,,93.31990566037736,100.98009433962265,90.42830188679243,"Owen Murphy",31761,702566
"Jack Anderson","- - -",12.1,62.605999999999995,,,110.94761904761906,101.04411764705883,106.48800000000001,,,,90.83725983693728,100.52061680255227,90.40270294221907,"Jack Anderson",30086,681252
"Jovani Morán","BOS",65.2,96.72356626506021,96.77812376563526,96.45258064516129,,114.0923404255319,81.34,105.12106666666664,,,100.39354133517814,88.24774887582154,90.35298420385107,"Jovani Moran",20422,663558
"Nate Pearson","- - -",46,99.85420289855071,104.38534653465346,,,106.73013824884794,110.12434782608695,120.11411764705883,,,104.05336260847487,84.72214410539048,90.34677943570668,"Nate Pearson",20160,663878
"Jake Eder","LAD",4,80.01529411764704,,,,109.67263157894737,119.82,102.14,,,91.89428571428572,97.21642857142857,90.23785714285715,"Jake Eder",27590,671109
"Clarke Schmidt","NYY",0.2,112.56,114.64,90.4,,85.76,,,115.06,,96.83,91.26666666666667,90.21833333333332,"Clarke Schmidt",19899,657376
"Grant Holmes","ATL",151.2,83.148588410104,85.3603367003367,77.98804123711339,,94.81712201363986,96.48220617797784,80.45976878612717,,,88.0791296921549,99.32746931479649,90.19144240685571,"Grant Holmes",16944,656550
"Spencer Strider","ATL",39,96.35422492401216,,,,98.19473684210524,94.3996,98.04422535211266,,,96.75165217391304,93.96284057971015,90.08739130434783,"Spencer Strider",27498,675911
"Marco Raya","MIN",6,77.57422222222223,,85.82,,98.12222222222223,103.67,95.90352941176471,,,88.9302,95.30320000000002,90.08120000000001,"Marco Raya",30166,694397
"Martín Pérez","ATL",142,75.25387755102042,86.02110831234256,92.48813765182187,,,83.13123456790123,81.95206896551724,,,85.50626825536122,101.26710352598523,90.0743052629467,"Martin Perez",6902,527048
"Logan Allen","CLE",16.2,109.26954545454547,94.24377358490567,95.10519480519481,,102.066875,,76.79674418604651,,,97.6588163666121,96.36191729405347,90.07143087834152,"Logan Allen",27589,671106
"Peter Strzelecki","STL",14,94.61241379310344,91.88909090909091,,,84.9585185185185,109.6336231884058,85.03555555555556,,,95.5989641434263,93.61737051792831,89.99338645418327,"Peter Strzelecki",21367,657265
"Marco Gonzales","TEX",6.2,96.59684210526316,76.076,82.624,,,92.666,98.22,,,92.62700854700856,99.2374358974359,89.89760683760687,"Marco Gonzales",15467,594835
"Vince Velasquez","CHC",3.1,100.4657142857143,67.53999999999999,84.58999999999999,,87.06,,79.06,78.73666666666666,,90.7060465116279,101.22883720930233,89.83255813953488,"Vince Velasquez",11189,592826
"Nick Sandlin","LAA",8.2,107.06380952380952,90.32285714285713,,72.58702702702703,110.30258823529414,,,,,99.1767088607595,86.45506329113923,89.81556962025317,"Nick Sandlin",20517,680704
"Jose Corniell","TEX",4.1,93.92666666666666,107.54222222222222,83.34,,104.9776,,77.30074074074074,,,92.06156862745098,95.70196078431371,89.7870588235294,"Jose Corniell",27984,692030
"Clayton Beeter","WSN",48,89.34111675126903,,,,111.38423940149625,,,,,100.49200504413619,88.66058007566205,89.78017654476672,"Clayton Beeter",27494,690925
"River Ryan","DET",4.1,102.23625000000001,101.1275,92.05333333333334,,100.74666666666666,114.18499999999999,91.04400000000001,,,100.53878048780489,84.60463414634145,89.77463414634147,"River Ryan",29514,689981
"Ryan Johnson","LAA",100,,82.13150684931507,103.70159159159158,74.41638418079097,106.09118290246113,,,,,94.56515593674617,94.40726331099795,89.7396856106495,"Ryan Johnson",35325,696270
"Mark Manfredi","COL",17.2,86.36146892655368,97.65,,,106.12721649484538,,94.93285714285712,,,93.53744966442953,96.28201342281878,89.62322147651007,"Mark Manfredi",33603,815081
"Eric Lauer","- - -",108.1,83.04387351778657,,95.34954216867469,,102.28504864864867,93.28202732297424,78.23159851301114,,,88.13123246667428,103.85013894436283,89.59773514617258,"Eric Lauer",19316,641778
"Zach Agnos","COL",91,85.46048517520217,85.38116504854368,88.35105590062109,92.90122699386504,94.46444375573923,,,,,89.63964357071272,98.69248427715148,89.5897575921098,"Zach Agnos",31552,688642
"Michael Lorenzen","- - -",127.1,84.15735682819385,87.7085596707819,82.37406976744185,,95.28878760798334,85.21162055335968,88.00507157464213,,,87.23640515854774,100.15173566176472,89.57975204120707,"Michael Lorenzen",14843,547179
"Juan Mejia","COL",70,82.09360912981454,95.06163742690062,,,117.30707238636582,,77.18444444444442,,,96.77259891107077,95.66574329501918,89.53340270215769,"Juan Mejia",23237,675848
"Fernando Cruz","NYY",54.2,85.26199335548174,81.33428571428571,,107.6263223140496,94.32378787878791,,,,,97.89186440677966,88.94328389830511,89.49527542372888,"Fernando Cruz",7048,518585
"Shawn Armstrong","CLE",35.1,92.83804123711343,102.11084112149535,88.42370860927151,,121.1940909090909,,,,,101.35712460063903,90.21869009584664,89.4715335463259,"Shawn Armstrong",12857,542888
"Bobby Miller","LAD",7.1,86.64000000000001,91.19368421052631,,,116.46285714285715,111.47017543859648,115.13600000000001,,,100.6932394366197,93.0950704225352,89.28478873239436,"Bobby Miller",27483,676272
"Kumar Rocker","TEX",148,82.77782608695654,98.38418478260873,82.98159090909091,79.99499999999999,94.55860624622662,,72.46518518518519,,,91.45615397563886,95.59953028930606,89.13422014199737,"Kumar Rocker",31843,677958
"Bryan Abreu","HOU",62.2,98.96981210855948,,92.03371900826451,,105.61399585921323,,44.400000000000006,,,101.26945722171111,86.03302667893283,89.1125482980681,"Bryan Abreu",16609,650556
"Reynaldo López","ATL",79.1,87.36378890392423,,,,92.13540928012071,93.45891891891893,90.80736842105263,,,89.64141369318827,99.00176446689174,89.09046444121591,"Reynaldo Lopez",16400,625643
"Trevor Richards","- - -",83,79.83403166869672,85.52,,,92.9128205128205,,111.30406685236764,,,89.69415118457906,102.86910827660444,89.04768785320587,"Trevor Richards",19309,670950
"Tomoyuki Sugano","COL",154.1,86.19876447876447,82.08364016736401,81.99505535055349,72.63560150375942,87.20295145631069,85.00855721393036,,,,82.23192200557104,103.21712693991243,89.02283326701152,"Tomoyuki Sugano",35321,608372
"Brad Lord","WSN",83.1,90.02955719557194,87.09160762942778,,,106.1624623538736,,78.90323529411766,,,94.19480742596286,99.08883385583071,88.99522392388037,"Brad Lord",31972,695418
"Kevin Herget","NYM",1,47.68,,80.06,,,,89.76,,,71.81272727272727,118.00181818181818,88.98181818181818,"Kevin Herget",15369,643361
"Philip Abner","- - -",19,86.22068965517242,92.94,,,106.12326923076922,86.82539682539682,88.87391304347827,,,89.8511182108626,95.93782747603835,88.9803833865815,"Philip Abner",33821,691769
"Yunior Tur","ATH",12.2,91.00581395348838,,84.48423076923076,115.33499999999998,78.9311111111111,,,,,96.3509152542373,88.15857627118642,88.90277966101695,"Yunior Tur",33026,814305
"Bailey Ober","MIN",131,79.86872727272726,76.58149253731345,,,99.61917691287043,86.65466666666667,97.4107183908046,,,91.74639045721486,94.62206227855215,88.86612534334328,"Bailey Ober",21224,641927
"Jaden Hill","COL",39.2,86.55472727272729,81.61943661971829,,,113.63478260869567,,105.78593103448277,,,96.79086956521745,92.98205797101447,88.85188405797099,"Jaden Hill",30250,677955
"Ty Johnson","TBR",7.2,109.45011494252873,,,,96.66722222222221,,,,,103.66163522012579,85.29911949685535,88.84691823899371,"Ty Johnson",33862,694494
"Jonah Tong","NYM",30.2,109.26536585365854,,87.03636363636363,,,87.4750563204005,82.58352941176472,,,96.18035952920852,91.41436259583197,88.81767299427709,"Jonah Tong",32157,804636
"Geoff Hartlieb","ATH",28,84.94028169014085,97.60400000000003,84.6876056338028,,100.86394736842105,,,,,92.56663594470044,94.66866359447003,88.80216589861749,"Geoff Hartlieb",19558,664129
"Kohl Drake","ARI",20.2,90.97078787878787,,89.44954545454544,,104.82685714285715,96.73138461538461,93.74109589041096,,,93.5911811023622,95.67685039370078,88.7875065616798,"Kohl Drake",32070,684442
"Jose Espada","BAL",1,76.58,,,75.92,104.32,,,,,91.33066666666667,98.16266666666667,88.756,"Jose Espada",21131,664744
"Jake Meyers","HOU",1,,,,,,,,,,61.580000000000005,139.04,88.7,"Jake Meyers",20308,676694
"Burch Smith","DET",17,106.39008,80.99000000000001,91.30966666666664,,,85.96684137383362,98.30000000000001,,,97.14468089958822,87.95181476084893,88.63558441558439,"Burch Smith",12784,572143
"Ron Marinaccio","- - -",57.2,98.05990990990992,,90.60046082949307,,103.05250035942932,,88.37323943661974,,,94.33442211460194,93.92496550870429,88.57734297322322,"Ron Marinaccio",23488,676760
"Patrick Monteverde","MIA",4,73.86,75.76,88.64,89.14,101.36,90.64,,,,87.34861538461539,98.31507692307693,88.52123076923078,"Patrick Monteverde",29564,687287
"Shaun Anderson","LAA",20,90.24595744680852,86.84384615384614,,,82.70557142857139,,88.64711111111112,,,86.47556818181816,96.13198863636363,88.41062499999998,"Shaun Anderson",19453,641312
"Richard Lovelady","- - -",35,88.8392857142857,99.43724867724868,,,96.7888974713031,,,,,95.82978976885755,92.56705231931653,88.39259444451535,"Richard Lovelady",19337,663992
"Cade Povich","BAL",37,98.93792857142857,97.35499999999999,,,99.44450000000002,103.54014598540147,94.29870967741935,,,99.47136616803374,89.45604583869867,88.37119799164641,"Cade Povich",30055,700249
"PJ Poulin","WSN",36.2,93.63005291005292,93.41156462585035,,,100.28726491862565,,81.11066666666666,,,94.44482989410808,95.36311946782514,88.26549117567203,"PJ Poulin",23394,676571
"Joey Estes","ATH",7.1,92.94372093023256,71.22,94.19,,103.72935294117647,,79.53,,,93.89264,97.33376000000001,88.25216,"Joey Estes",26257,683155
"Justin Verlander","DET",9,82.7512676056338,,,,110.00355555555555,113.51199999999999,93.196,,,96.96129411764706,92.15164705882353,88.21682352941177,"Justin Verlander",8700,434378
"Randy Dobnak","KCR",74.1,67.16196721311475,77.44885245901638,,,89.92906666666667,,82.6058781362007,,,81.35802947950151,105.64155931045103,88.16199738288384,"Randy Dobnak",23798,677976
"Luke Murphy","LAA",20,89.36095693779906,,92.66814814814813,,111.76903225806448,,90.85379310344827,,,93.82513089005238,95.67994764397906,88.14387434554973,"Luke Murphy",29952,684665
"Tanner Andrews","TOR",3,74.32124999999999,,,97.46000000000001,91.41333333333334,,,,,87.5846511627907,88.43906976744185,88.10790697674419,"Tanner Andrews",24698,681084
"Drey Jameson","ARI",19.1,89.08806451612904,85.48259259259258,,,105.07190476190478,,95.11593750000002,,,96.29411764705884,90.35803921568628,88.10248366013076,"Drey Jameson",26260,686753
"Dean Kremer","- - -",90.1,94.6612756264237,78.239896373057,95.05011406844106,97.08535135135135,102.22,79.57539025801597,,,,91.387508875849,95.57066127633183,87.9952846913765,"Dean Kremer",19350,665152
"Jimmy Herget","COL",53.2,89.74770242103577,80.44899521531103,,,108.92743101957645,,73.32192771084337,,,97.94765498375149,91.72116165146286,87.9693500068786,"Jimmy Herget",17556,623474
"Victor Mederos","ATL",34.1,99.80710144927536,96.25552631578948,101.00308823529411,100.19435897435898,124.6558620689655,,,,,100.79744107744106,87.98468013468013,87.91989898989898,"Victor Mederos",31533,682989
"James Karinchak","ATL",9.2,86.36489795918368,,,,,107.3396875,,,,94.68944099378882,91.76074534161492,87.80099378881987,"James Karinchak",20151,675916
"Yilber Díaz","- - -",6,96.06941176470588,,,,107.17108108108108,,,113.68,,102.17876712328767,90.55890410958904,87.71657534246576,"Yilber Diaz",29271,700270
"Dennis Santana","- - -",56.2,88.95429718875502,88.3273103448276,85.27980392156864,,98.94350399179672,,77.68806201550387,,,90.51695398002555,97.77300643334067,87.67828282404693,"Dennis Santana",17878,642701
"Carson Whisenhunt","SFG",34.2,89.27209302325582,90.73107142857144,,,93.96141414141414,92.333,99.50148148148148,,,93.83597444089457,90.86693290734826,87.66230031948882,"Carson Whisenhunt",31676,687931
"Brandon Leibrandt","CIN",6,78.47999999999999,81.86,,,89.39200000000001,79.28,99.2,,,88.10824742268042,94.13835051546391,87.51505154639176,"Brandon Leibrandt",16135,605335
"Brycen Mautz","STL",15.1,99.74793103448275,125.16772727272728,,,100.94800000000001,105.19645951035783,88.42,,,104.77769930741621,79.96343612557504,87.51163085789393,"Brycen Mautz",31910,802408
"Khristian Curtis","PIT",21,100.08181818181818,,85.60410714285715,,101.89333333333335,91.828,96.03225806451613,,,94.72954022988507,89.37614942528735,87.25402298850575,"Khristian Curtis",33865,694753
"Sam Hentges","SFG",36.2,95.10874458874459,98.31206521739132,,,94.80727272727273,108.33897435897431,,,,98.12598540145981,87.97579562043796,87.0261897810219,"Sam Hentges",18548,656529
"Kirby Yates","- - -",42.1,89.78314465408805,,,82.61483050847457,108.97692307692306,,,,,87.82376139012499,100.33408702408703,86.8731485013303,"Kirby Yates",9073,489446
"Yunior Marte","SFG",24.1,75.29717647058825,,,107.32641509433961,85.82734177215191,,,,,84.99853931302066,96.18260869565216,86.86292137395868,"Yunior Marte",31097,805074
"Sam Aldegheri","LAA",33.2,80.6561111111111,,104.25220338983051,,98.88124223602485,92.53668825161888,95.94211640211641,,,89.58789529349552,96.29448651507138,86.77822210470649,"Sam Aldegheri",26443,691951
"Bailey Falter","- - -",13,90.58449999999999,80.015,,79.79600000000002,86.0217857142857,87.42117647058822,,,,87.96462828271612,94.10417744711566,86.71332185886402,"Bailey Falter",20070,663559
"Tayler Saucedo","LAA",21.1,102.4032,102.43017543859649,,,102.49741293532338,,82.2064705882353,,,100.31501466275658,84.47478005865102,86.67753665689152,"Tayler Saucedo",17888,642048
"Parker Mushinski","COL",6.2,89.00500000000001,91.9542857142857,96.62909090909089,,114.54849999999999,108.10260869565218,93.684,,,101.57333333333332,83.8768115942029,86.62492753623188,"Parker Mushinski",21324,656786
"Antoine Kelly","CHC",1.1,89.74,107.02,,,136.86,,,,,116.70444444444443,65.25,86.52444444444444,"Antoine Kelly",25611,681520
"Luis Gil","NYY",27.1,104.99422924901188,93.7022222222222,,,102.33425742574256,,82.28969072164948,,,98.99546449205583,84.70488613384688,86.49655789600384,"Luis Gil",21052,661563
"Winston Santos","TEX",2,92.84,,,,113.23999999999998,,91.86,,,98.87333333333332,91.72363636363637,86.4921212121212,"Winston Santos",28489,692437
"Peyton Pallette","CLE",20.2,84.00926406926408,,,,100.79676767676769,102.11056603773586,84.05,,,92.1138775510204,95.91641723356008,86.42612244897958,"Peyton Pallette",31865,688883
"Gerardo Carrillo","ARI",17.1,95.91823529411764,92.29264705882353,97.2854347826087,109.40913580246912,103.35842105263157,,,,,99.71917460317462,85.87066666666664,86.38044444444449,"Gerardo Carrillo",22754,672629
"Robbie Ray","- - -",165.2,105.53896976483762,86.99331797235024,,,95.6051732705076,,80.52230188679243,90.73375757575758,,94.03505435772531,89.85019947282301,86.33818993222194,"Robbie Ray",11486,592662
"Brady Singer","CIN",157,95.49333333333334,97.90045197740113,76.09187499999999,,85.28779243623568,,,,,91.2073970640888,95.16063730755467,86.32965270318653,"Brady Singer",25377,663903
"Jason Alexander","HOU",18.1,85.368115942029,86.25028571428571,89.22545454545455,,100.69745845552298,,90.71409523809525,,,89.86256363636363,96.05287878787877,86.2443212121212,"Jason Alexander",19666,669920
"Germán Márquez","SDP",53,76.05645714285714,78.4734375,,,94.72544537815128,,79.81172413793104,102.1235616438356,,87.21518051191224,98.73843606810262,86.19440215962977,"German Marquez",15038,608566
"Lyon Richardson","- - -",3.1,86.58500000000001,85.67833333333334,,,101,,84.05857142857144,,,86.92058823529412,92.73382352941177,86.16,"Lyon Richardson",24581,680689
"Ricky Tiedemann","TOR",6,94.98553191489363,,83.74000000000001,,115.64354838709677,,90.06,,,104.73512195121951,80.68731707317072,86.14536585365855,"Ricky Tiedemann",30165,694357
"Jose Quintana","COL",48,76.82839826839827,84.73878787878789,,,,85.23584313725492,77.22072727272729,,,81.19156596794082,103.89524044389644,86.12951911220718,"Jose Quintana",11423,500779
"Travis Adams","MIN",59,91.5335064935065,92.3709090909091,94.79553299492386,,96.88329004329005,,90.59347639484979,,,93.34703273495249,91.87338965153114,86.12302006335796,"Travis Adams",30180,701519
"Carl Edwards Jr.","NYM",6,87.66377358490567,,,,,92.87599999999999,81.0925,,,88.18121212121213,94.8539393939394,86.0880808080808,"Carl Edwards Jr.",13607,605218
"Zack Littell","- - -",124.1,82.38908730158731,79.32762237762238,,89.88192982456141,80.88162872539638,,,,,83.12379930076855,100.83728679472716,86.0597050310793,"Zack Littell",15823,641793
"Nick Raquet","BAL",3.2,,97.908,93.67333333333333,,100.4921568627451,,85.68,,,99.3328,87.39626666666668,86.0472,"Nick Raquet",20333,675919
"Simeon Woods Richardson","- - -",66,83.73126984126984,74.74000000000001,,87.95930313588849,93.8142141950519,87.94289221938776,,,,87.40969129187127,94.26198496993138,86.02598869532795,"Simeon Woods Richardson",24494,680573
"Mitch Bratt","ARI",44,87.59562130177515,84.80947368421052,,,92.80375,95.45056410256409,83.26366197183097,,,89.53214384508992,95.36882434301523,86.01662517289076,"Mitch Bratt",30003,683352
"Kade Morris","ATH",17.1,95.9013559322034,86.08661157024792,,,102.61667209378054,100.6964705882353,80.03285714285714,,,92.09144925769728,93.27364423100362,85.98369030496575,"Kade Morris",33787,695034
"Jackson Kent","WSN",36.1,91.17471698113206,84.25494252873563,,,87.7295104895105,91.0106759751773,81.93366906474822,,,87.63003577440045,95.14959102352081,85.95810915854096,"Jackson Kent",35462,800600
"Jared Shuster","STL",9,90.7404081632653,95.48095238095237,78.73785714285714,,92.77058823529413,,91.16999999999999,,,89.81939759036146,85.14132530120482,85.91819277108435,"Jared Shuster",27472,694363
"Jose Franco","CIN",20.1,88.12725,,,,104.03716312056737,,82.73391304347825,,,93.81781609195401,90.00494252873563,85.85206896551725,"Jose Franco",27014,683742
"Garrett Acton","MIN",11,94.13327586206896,,,82.07,102.46409638554218,,,,,97.30177339901479,88.99290640394088,85.85073891625618,"Garrett Acton",27583,670183
"Austin Peterson","CLE",7,90.18,98.29714285714284,88.1992,,99.39083333333333,76.63333333333333,79.18444444444445,,,91.72057142857143,92.33123809523808,85.79752380952381,"Austin Peterson",31994,804926
"Corbin Martin","CHC",5,84.72000000000001,98.845,,,110.27625,101.47333333333333,91.9225,,,93.50702702702705,89.07513513513514,85.66558558558556,"Corbin Martin",19884,656686
"Eli Morgan","KCR",19.1,79.21222222222224,,,,90.11100000000002,,119.51500000000001,,,95.79147928994085,90.3598224852071,85.66224852071007,"Eli Morgan",20203,669212
"Riley Cornelio","WSN",36.2,101.93386454183269,,87.0359595959596,,107.48977906008989,,,,,102.52840246359592,83.47206233286342,85.64147121991543,"Riley Cornelio",31953,683000
"Tatsuya Imai","HOU",76.2,82.78314152410577,83.29967213114753,,83.97666666666666,90.75347748331937,76.25,79.96593406593406,,,86.52816658951201,96.83740537055066,85.55672627688018,"Tatsuya Imai",37124,837227
"Osvaldo Bido","- - -",18.2,88.4767391304348,96.95692307692308,,,110.5039420849421,,72.199,,,99.0085994819596,89.14949925814607,85.53407909346296,"Osvaldo Bido",23150,674370
"Domingo Gonzalez","SEA",7.2,99.83279999999999,93.71483870967741,,,91.93333333333334,,84.09,,,95.32796874999997,84.4315625,85.50203125,"Domingo Gonzalez",25241,682445
"Christian Roa","HOU",8.2,78.94,90.86842105263158,,,116.36590163934426,,100.63285714285715,,,97.39536723163842,88.80960451977401,85.4735593220339,"Christian Roa",27662,685005
"Ty Madden","DET",47,84.74510121457492,82.51878048780486,90.76452830188678,92.47634615384617,93.3266848231935,,,73.04666666666667,,88.49249636524424,96.20511249006998,85.46110459103379,"Ty Madden",30140,680744
"Dietrich Enns","BAL",16,93.91499999999999,,107.1806896551724,,101.97481481481482,100.32625,111.04610169491524,,,99.80948096885815,86.25031141868511,85.42415224913495,"Dietrich Enns",13932,608650
"Luis Morales","ATH",16,88.15645569620253,95.7323076923077,,,117.19949152542374,,81.64484848484848,,,98.28815028901734,85.95260115606936,85.38497109826591,"Luis Morales",32227,806960
"Brendan Beck","NYY",12.2,82.0433628318584,83.19250000000001,75.92,108.03217391304347,90.49232876712328,87.67157894736843,,,,87.440081300813,98.86252032520326,85.3651219512195,"Brendan Beck",33043,694341
"Troy Taylor","SEA",3,93.59812500000001,,,,102.23999999999998,,,,,96.81764705882354,84.80196078431372,85.23607843137255,"Troy Taylor",31883,700187
"Tony Santillan","CIN",40.2,90.83052391799544,,,,94.72915254237284,88.1725,,,,90.29607503607498,93.26124098124097,85.1973448773449,"Tony Santillan",19926,663574
"Kai-Wei Teng","HOU",73.2,93.05084057971015,86.96331753554502,,,103.08788912579958,105.95362068965518,79.54303999999999,,,95.5801421800948,89.08194312796208,85.0978672985782,"Kai-Wei Teng",24282,678906
"Cody Laweryson","MIN",16.2,90.51950738916256,,106.53559999999999,,,,87.37162790697676,,,92.76763513513514,93.07567567567568,85.062972972973,"Cody Laweryson",26429,689520
"Josh Hendrickson","HOU",2.2,112.68142857142857,,91.68,,,92.316,,,,99.795,78.51388888888891,85.01666666666667,"Josh Hendrickson",26163,681973
"Justin Lawrence","- - -",34.1,120.05526881720428,94.095,,,104.44861529774573,,,,,102.09468886424168,82.07651427499921,84.80516856308446,"Justin Lawrence",17639,664875
"Davis Martin","CHW",146,92.34888168557536,85.97048951048954,86.09333333333333,,93.800633273373,94.07666666666667,85.36750000000002,,,89.76150038519151,93.38256208283968,84.68247061621345,"Davis Martin",21448,663436
"Drew Rom","- - -",17.2,89.31628415300545,90.73347826086957,,83.27888888888889,92.44507142857144,,,,,88.92857210144926,92.75681268115943,84.6042438405797,"Drew Rom",24602,680723
"Michael Fulmer","- - -",13.2,97.54518518518519,99.133,92.51570093457944,,121.03777777777776,101.245,84.604375,,,100.04861341783217,90.08019085081584,84.54569274475524,"Michael Fulmer",13218,605242
"Xzavion Curry","NYM",21.1,83.11515151515152,73.14814814814815,,88.24452830188682,92.45378487848784,89.09621621621622,,,,86.59576410450964,94.13013927298503,84.38546509190019,"Xzavion Curry",25595,675540
"Cole Henry","WSN",13.2,86.12941176470589,98.50785714285713,85.19619047619047,,110.19959183673467,146.44,,,,96.00192170818504,90.28733096085409,84.344768683274,"Cole Henry",27570,669371
"Nolan Hoffman","- - -",15,84.77448275862069,109.30999999999999,89.92633333333333,,106.32166666666666,104.73272727272727,84.68499999999999,,,95.33669199018964,86.91213854160434,84.27568523060359,"Nolan Hoffman",23381,676510
"Max Kranick","WSN",18.1,87.97086614173227,78.45,,,100.32295081967216,93.27853658536586,,,,93.46961651917405,90.15321533923304,84.24802359882005,"Max Kranick",22175,668820
"Evan Sisk","PIT",44.2,95.43305555555557,98.86898437500004,,,129.4627536231884,107.29656108597287,90.79675675675676,,,104.87439229843557,78.58483754512635,83.99220216606498,"Evan Sisk",24995,681895
"Jonathan Heasley","TBR",4,75.12,,,,96.02,89.78000000000002,121.44,,,92.0371875,93.63593750000001,83.8646875,"Jonathan Heasley",22224,669169
"Nick Frasso","COL",21.2,96.18230414746542,,94.4348148148148,,109.75565217391303,,92.60625,,,95.8521649484536,91.90355670103094,83.7932474226804,"Nick Frasso",27861,693308
"Matt Pushard","STL",7,85.35074074074073,87,,,104.78099999999999,108.31066666666666,103.85777777777778,,,96.32932203389831,90.39559322033898,83.77288135593221,"Matt Pushard",31870,690155
"Trevor Williams","- - -",28.2,100.4521782178218,77.8942168674699,,,98.051888177053,,72.5471186440678,,,92.90446925008973,91.19134398443663,83.70040872648961,"Trevor Williams",16977,592866
"Jacob Waguespack","DET",47,92.96071684587815,,81.32736363636364,,,92.32198529411764,106.57263157894738,,,91.94836600570828,92.82062753492565,83.68639946672674,"Jacob Waguespack",18318,621097
"Joey Lucchesi","LAA",3.1,84.9625,101.5821052631579,,121.16000000000001,,99.82333333333334,,,,100.15369369369371,83.24720720720721,83.5100900900901,"Joey Lucchesi",19320,664192
"Max Rajcic","STL",9,92.74545454545454,97.89999999999999,,,102.73652173913042,100.28095238095239,98.25263157894737,,,97.25490683229812,87.53068322981368,83.3655900621118,"Max Rajcic",31873,691008
"George Klassen","LAA",27,101.69475935828878,99.77511111111112,,,99.86571428571429,92.50285714285715,94.07166666666667,,,99.24786150712832,81.45283095723016,83.28187372708759,"George Klassen",33464,691946
"Aaron Bummer","- - -",16.2,100.63925925925926,105.57370078740156,91.51757575757576,,104.76572589382448,105.4299208791209,,,,103.5463881340823,80.8270164434468,83.2472372646525,"Aaron Bummer",16258,607481
"Woo-Suk Go","MIN",4,79.52176470588235,,,77,80.87103448275863,95.03999999999999,,,,82.02930232558143,93.91930232558138,82.92976744186045,"Woo-Suk Go",33827,808970
"Cameron Foster","BAL",9,101.67999999999999,,92.89315789473686,,112.94975609756099,,,,,102.35809523809525,80.25269841269841,82.92560846560846,"Cameron Foster",31942,671382
"Andre Granillo","WSN",9.1,81.84897959183674,91.99307692307693,,,106.01282051282051,,81.33200000000001,,,97.64867346938773,80.62357142857141,82.56357142857142,"Andre Granillo",29542,701552
"Tommy Kahnle","BOS",9,87.53019607843137,,,,89.1309090909091,,91.60792452830188,,,90.20785714285712,91.53178571428572,82.51630952380953,"Tommy Kahnle",11384,592454
"Michael Kelly","ATH",5,83.8851851851852,88.98181818181818,,,109.10780487804878,,92.86,,,101.51570247933884,81.1196694214876,82.42578512396695,"Michael Kelly",12791,547184
"Taijuan Walker","PHI",22.2,91.32619047619048,90.38520833333332,91.33880952380953,73.78591836734694,101.0508,93.92148148148148,,,,88.5737189257371,93.05105021811111,82.40158012298313,"Taijuan Walker",11836,592836
"Paul Gervase","LAD",7.2,92.58945454545454,,77.58105263157894,,83.47291666666668,,76.4,,,86.74129032258062,89.3241935483871,82.33709677419354,"Paul Gervase",31571,801434
"Codi Heuer","CLE",9.2,93.63654320987655,106.24,,,106.82163934426231,,92.09043478260871,,,97.58243386243387,84.32349206349205,82.28984126984128,"Codi Heuer",23293,676051
"Lucas Giolito","SDP",29.2,74.28751091703056,,,,88.7276595744681,93.00486486486487,100.06680628272251,,,86.93123617861556,90.60035878661596,82.13301688513071,"Lucas Giolito",15474,608337
"Ian Hamilton","ATL",4.2,82.712,86.902,,,99.8242105263158,,,,,93.7695652173913,84.3286956521739,81.75717391304349,"Ian Hamilton",19261,641656
"Taylor Rashi","- - -",5.2,75.57135135135135,,,98.55866666666667,86.32695652173913,95.62307692307692,,,,85.26295454545455,94.48931818181818,81.44,"Taylor Rashi",26344,688497
"Sean Sullivan","COL",22.1,71.68571428571428,80.7925,84.15483870967742,,88.16972222222222,,95.72523076923078,,,80.76597087378642,100.12800970873788,81.347427184466,"Sean Sullivan",33502,807743
"Hunter Bigge","TBR",19.1,92.35353658536584,,,136.1211764705882,101.4757251908397,129.78571428571428,,,,99.28459119496857,77.84861635220125,80.95339622641507,"Hunter Bigge",26259,685801
"Emiliano Teodo","TEX",1.2,,111.42,,,98.62000000000002,,100.24,,,106.17488372093024,74.62418604651162,80.94093023255815,"Emiliano Teodo",27999,693713
"Zach McCambley","CIN",13.1,94.27060240963856,83.78,97.45038461538462,,102.4152,,,,,97.19564853556486,86.42008368200835,80.82108786610878,"Zach McCambley",27666,685112
"Ken Waldichuk","WSN",9.1,96.83999999999999,,96.5,,91.292,104.77147540983606,84.92,,,99.4096644295302,80.7296644295302,80.45369127516776,"Ken Waldichuk",27681,686610
"Jordan Romano","- - -",33.2,92.8307116104869,,,92.02222222222223,87.93253405994548,,,,,89.98416717431657,90.05876286604403,80.31723732176918,"Jordan Romano",16122,605447
"Eiberson Castellano","COL",3,83.64,83.62,,,,101.61999999999999,76.78,,,89.92171428571429,87.33999999999999,80.28342857142857,"Eiberson Castellano",28040,682769
"Cody Ponce","TOR",2.1,106.68,,,,81.06,105.36,97.04,,,94.78340425531914,83.71361702127659,80.25106382978724,"Cody Ponce",17920,664074
"Jose Cabrera","ARI",28.1,85.86466666666665,87.5741176470588,82.89944954128441,,97.04643849716933,112.70501831501832,76.38593750000001,,,88.6114781510107,87.8801701843044,80.25022393975426,"Jose Cabrera",30412,703615
"Austin Voth","- - -",10,94.56222222222223,72.23357142857142,86.87529411764704,74,101.62849999999999,101.46705882352941,,,,91.40381395348837,85.07665116279071,79.89088372093023,"Austin Voth",15047,608723
"Mitch Farris","LAA",60,85.92923433874708,,76.53046357615895,,90.63654135338346,,112.84644897959183,,,91.98907949790794,87.4985355648535,79.70520920502086,"Mitch Farris",33628,815083
"Austin Hedges","CLE",4.1,,,,,,,62.918666666666674,,,66.66654545454546,109.09999999999998,79.52763636363636,"Austin Hedges",12976,595978
"Lucas Sims","CHW",10,81.41410256410256,62.46,,106.34500000000001,117.26128205128207,111.91833333333334,,,,100.22219653179188,79.48393063583816,79.47248554913295,"Lucas Sims",13470,608371
"Zak Kent","- - -",16.1,82.05344537815127,80.88000000000001,,,97.72854700854703,102.74653846153848,,,,91.92755102040816,85.29142857142857,79.39000000000001,"Zak Kent",25703,687849
"Elmer Rodríguez","NYY",26.2,81.24978723404256,93.97633187772925,80.12,,110.68395833333335,99.14361111111111,92.0728205128205,,,95.12247191011235,84.31546816479403,78.7590262172285,"Elmer Rodriguez",31811,695684
"Mitch Spence","KCR",9.1,,83.46235294117646,92.86526315789474,,91.029,95.05151515151515,70.06,,,89.499568,84.167328,78.669364,"Mitch Spence",27707,687765
"Dylan Ross","NYM",1,87.92,,,104.54,84.08,,,,,98.14727272727274,74.45818181818181,78.37090909090908,"Dylan Ross",35309,697811
"Tony Gonsolin","KCR",2.2,71.92,,,110.78,109.48,125.84,,,,88.27047619047619,86.15904761904763,77.74920634920636,"Tony Gonsolin",19388,664062
"Andrew Wantz","- - -",3.2,99.71000000000001,95.18666666666667,96.1,,143.46599999999998,87.96,99.99333333333334,,,102.86913580246913,78.98864197530865,77.41506172839506,"Andrew Wantz",24933,681806
"Yunior Marte","CIN",0.1,117.78000000000002,110.59999999999998,,,129.46,,,,,123.42857142857143,70.56000000000002,77.31714285714285,"Yunior Marte",14416,628708
"Carson Kelly","CHC",3,,,,,,,,,,40.80758620689655,131.4351724137931,77.10275862068964,"Carson Kelly",13620,608348
"Jeff Criswell","COL",4,71.2630303030303,,,,91.1464864864865,,70.74666666666667,,,80.51670886075951,87.88708860759493,76.76354430379746,"Jeff Criswell",27608,676105
"Jared Koenig","MIL",7,133.38,110.27012987012986,98.32372093023255,,,138.0225,85.68903225806451,,,103.88582278481013,75.42227848101265,76.65379746835444,"Jared Koenig",27517,657649
"Jonathan Cannon","CHW",3,102.61090909090909,88.48,129.96,,107.24666666666667,,98.52000000000001,,,103.24175,76.73825000000001,76.58175,"Jonathan Cannon",31730,686563
"Lazaro Estrada","TOR",13,92.56574257425741,,87.61333333333334,100.65285714285713,91.4038888888889,104.31459459459461,,,,94.53342222222223,84.15368888888884,76.29751111111109,"Lazaro Estrada",24914,681751
"John Klein","- - -",8.1,88.56970588235293,,94.66285714285713,,111.048,86.16999999999999,107.70750000000001,,,95.57783783783785,83.35378378378377,76.15797297297298,"John Klein",32155,804619
"Grant Holman","PHI",0.1,88.8,,,112.87999999999998,100.5,,,,,100.11176470588235,77.68529411764706,76.07117647058824,"Grant Holman",30002,680880
"Braxton Garrett","- - -",9.1,73.53027027027026,95.9766037735849,,,85.40233766233766,,95.14250000000001,,,87.97167333333334,79.09545333333334,74.80759333333333,"Braxton Garrett",21844,666129
"Kyle Nicolas","CIN",7.1,95.77333333333333,95.50999999999999,,,84.90757575757576,109.87875000000001,,,,94.42575757575759,73.32838383838383,74.63242424242425,"Kyle Nicolas",27775,693312
"Valente Bellozo","COL",10.2,74.25,79.62105263157896,81.61500000000001,,102.15428571428572,84.22,91.00193548387095,,,85.92082840236685,86.81278106508877,74.49538461538461,"Valente Bellozo",23899,678368
"Matt Krook","- - -",8.1,,105.79923076923077,98.25142857142858,,121.52126021505376,,81.53999999999999,,,113.34287723698213,64.7220750261785,74.10642228153392,"Matt Krook",19315,640454
"Carlos Rodriguez","MIL",9.1,100.05673469387754,,86.21142857142857,,110.22235294117647,102.36,69.60985074626865,,,86.32437158469945,83.14546448087431,74.0463387978142,"Carlos Rodriguez",30161,692230
"Scott Barlow","ATH",33.1,83.12999999999997,73.3012987012987,,,96.84441558441563,95.87226130653265,,,,91.5854794520548,80.67318493150688,73.95863013698629,"Scott Barlow",14993,605130
"Charlie Barnes","- - -",13,73.47402985074628,73.49906976744185,,,91.11963636363636,,63.17388888888888,,,76.46298507462687,91.30228855721393,73.75701492537313,"Charlie Barnes",19865,656212
"Lou Trivino III","- - -",6,75.97142857142856,92.12,85.75466666666667,,105.7025,,80.67200000000001,,,89.63489883401922,81.32732681755832,73.4576989026063,"Lou Trivino III",15043,642152
"Hurston Waldrep","ATL",10.2,,85.97012048192772,80.58588235294118,110.15170731707316,82.57096774193548,92.52153846153846,,,,90.0963826239579,73.5150832236361,72.79186953342109,"Hurston Waldrep",33527,694462
"Noah Murdock","PIT",3.1,94.42,104.47142857142856,90.63111111111111,,76.8,117.37727272727273,,,,106.0831746031746,68.49682539682539,72.32761904761905,"Noah Murdock",27908,668716
"Matt Seelinger","NYM",2,112.03999999999999,,98.04,,,,,84.86,,100.89000000000001,70.84846153846154,70.85384615384615,"Matt Seelinger",23563,676910
"Jackson Rutledge","WSN",1.1,,76.08,93.36,100.42,,,,,,90.57272727272726,75.79272727272729,70.74181818181818,"Jackson Rutledge",26215,671131
"Carter Baumler","TEX",5.2,104.10461538461537,106.43749999999999,,,86.54142857142857,103.08642857142857,,,,101.6752136752137,66.69504273504273,70.7348717948718,"Carter Baumler",30231,691945
"Kent Emanuel","CIN",5,,78.34000000000002,,,98.36434782608696,,75.62,,,87.28333333333335,87.29083333333334,70.51104166666667,"Kent Emanuel",15849,592288
"J.P. France","HOU",6.2,90.7969230769231,86.92,90.70666666666666,,115.41714285714286,110.76787878787879,72.31777777777778,,,94.84017094017092,74.15692307692306,70.37401709401709,"J.P. France",21212,641585
"Guillo Zuñiga","NYM",1,99.48,82.22,,,158.06,,88.02,,,106.43,68.53222222222222,69.82555555555555,"Guillo Zuniga",19588,670871
"Julian Fernández","WSN",4,78.32047619047619,,,,,,109.1606896551724,,,90.91718309859156,74.36028169014084,69.41521126760563,"Julian Fernandez",18341,642759
"Roddery Muñoz","HOU",4,80.93241379310345,98.9276923076923,93.18,,84.65521739130436,,79.256,,,86.55303571428571,79.15285714285714,69.20196428571428,"Roddery Munoz",25311,682610
"Cooper Hjerpe","STL",12.1,86.78227272727273,,81.34416666666668,,115.57344827586208,,81.131,,,91.9528346456693,81.82669291338583,69.11007874015748,"Cooper Hjerpe",31853,687309
"Tanner Rainey","DET",7,96.62225806451613,,,,102.13102040816327,104.43866666666666,89.98,,,99.61858267716535,64.1532283464567,68.97937007874015,"Tanner Rainey",17610,663432
"Cole Irvin","LAD",6,90.7,82.76,94.8,,,111.42,80.34,,,89.26274509803923,82.32019607843137,68.78019607843137,"Cole Irvin",19244,608344
"Hancel Rincon","STL",2.1,79.3309090909091,,,,84.92666666666668,,110.47999999999999,,,90.73448275862069,72.5844827586207,68.03724137931034,"Hancel Rincon",27144,684516
"José Buttó","SFG",2,89.4775,95.32959999999999,,,98.31066666666668,79.36,74.6775,,,91.78953846153847,68.82092307692307,67.684,"Jose Butto",23313,676130
"Aaron Brooks","TBR",0.1,66.25999999999999,82.78,,,97.76,,82.4,,,81.4235294117647,81.64588235294116,67.33176470588235,"Aaron Brooks",12272,605156
"Ben Bowden","ATH",1,84.67999999999999,,,,93.4,85.32,78.66,,,83.7775,76.37700000000001,66.6455,"Ben Bowden",20198,641386
"Luke Maile","KCR",1,,,,,,,,,,24.92,125.34,66.53999999999999,"Luke Maile",13355,571912
"Zach Brzykcy","MIA",3,79.65391304347825,,,,96.29,96.09666666666668,88.72,,,87.19041666666668,80.00375,66.28375000000001,"Zach Brzykcy",27783,694350
"Cameron Weston","BAL",1,,87.78,,,87.36500000000001,,,,89.48,88.00947368421053,78.25684210526316,65.46526315789474,"Cameron Weston",31696,687721
"Pedro Pagés","STL",2,,,,,24.118181818181814,15.879999999999995,30.480000000000004,,,22.456249999999997,139.0825,64.75375,"Pedro Pages",25782,686780
"Jhonny Pereda","SEA",0.1,84.2,,,,,,,,,34.074999999999996,117.07249999999999,63.5525,"Jhonny Pereda",19802,640902
"Bryan Torres","STL",2,,,,,,,,,,27.900000000000006,113.68,63.18,"Bryan Torres",21464,663494
"Doug Nikhazy","CHW",2,55.4,59.28,,,82.12499999999999,65.52000000000001,67.98,,,63.67384615384615,80.23948717948717,62.48666666666668,"Doug Nikhazy",30142,680951
"Félix Bautista","BAL",1.2,,88.90461538461538,,73.34999999999998,97.26,,,,,82.69243243243243,77.06108108108108,62.351351351351354,"Felix Bautista",20666,642585
"Alek Manoah","LAA",7.1,63.83789473684211,67.58214285714287,,,74.86,,63.404761904761905,,,66.47555555555554,83.70765432098767,61.374691358024684,"Alek Manoah",26410,666201
"Manuel Rodríguez","TBR",6.2,94.09727272727272,97.43333333333334,,,95.50861538461541,,,,,96.00919708029197,59.859854014598525,61.027299270072994,"Manuel Rodriguez",20794,655889
"Jared Simpson","WSN",4.1,88.25945945945946,108.225625,,108.65142857142858,109.5,,,,,101.42424215642953,52.5279334217116,58.034962439239955,"Jared Simpson",33458,688692
"Rodolfo Durán","SDP",3,,,,,,68.82,,,,50.991379310344826,88.77517241379309,58.03172413793103,"Rodolfo Duran",20958,660710
"Kade Strowd","ARI",2.2,118.28000000000002,95.57666666666667,93.5145,,,92.86,,,,94.64633333333333,50.783666666666676,57.86300000000001,"Kade Strowd",26191,669704
"Blake Adams","COL",1,81.14,69.14,92.61999999999999,,131.78,84.62,,,,85.71513513513514,74.48756756756757,56.5745945945946,"Blake Adams",31492,687060
"Wyatt Mills","LAD",6.1,102.49666666666668,102.77349999999998,,,94.41373134328357,,,,,98.89878378378378,55.22702702702702,56.37459459459458,"Wyatt Mills",20010,670090
"Adrian Del Castillo","ARI",1.2,,,,,,,,,,0.1037499999999989,147.70875,55.46625,"Adrian Del Castillo",29554,680728
"Miguel Rojas","LAD",4,,,,,,,,,,36.12452830188679,104.53811320754718,55.34377358490566,"Miguel Rojas",7802,500743
"Carlos Duran","KCR",1.1,91.36153846153844,79.98769230769231,,,112.47500000000001,,109.88,,,92.63176470588236,56.34941176470587,53.79764705882354,"Carlos Duran",24458,679922
"Orlando Arcia","MIN",1,,,,,,,,,,40.714285714285715,97.98285714285716,53.26857142857143,"Orlando Arcia",13185,606115
"Nicky Lopez","TEX",1,,,,,,,,,,14.154999999999996,120.77499999999999,52.1875,"Nicky Lopez",19339,670032
"Joe Rock","- - -",10.1,94.12307692307692,95.05619047619048,,,105.42936708860759,,83.68857142857142,,,98.1029383886256,51.30644549763032,51.996777251184824,"Joe Rock",30016,697812
"Tyler Tolbert","KCR",4.2,,,,,,,,,,44.534039735099334,105.36900662251655,50.172317880794694,"Tyler Tolbert",25779,686475
"Carlos Cortes","ATH",9.1,,,,,,,,,,58.84239669421488,84.32396694214877,47.29628099173554,"Carlos Cortes",21842,666126
"Christian Koss","SFG",2,,,,,,,,,,16.86642857142857,119.76214285714286,46.996428571428574,"Christian Koss",27653,683766
"Carlos Estévez","KCR",0.1,74.82,,,,93.5,,80.2,,,80.16666666666667,61.62666666666667,45.99111111111111,"Carlos Estevez",14542,608032
"César Salazar","HOU",1,,,,,,,,,,25.08,103.64000000000001,45.22,"Cesar Salazar",21587,663967
"Garrett Stubbs","PHI",4.2,,,,,,,,,,41.18827586206897,94.06827586206897,44.57896551724138,"Garrett Stubbs",18067,596117
"Jose Trevino","CIN",9,,,,,,,,,,33.37555555555555,105.62682539682541,43.96603174603175,"Jose Trevino",16725,624431
"Josh Rojas","KCR",1,,,,,,,,,,29.849230769230772,116.50307692307692,43.87846153846154,"Josh Rojas",19734,668942
"Enrique Hernández","LAD",1,,,,,,,,,,48.31,89.56750000000001,42.50749999999999,"Enrique Hernandez",10472,571771
"P.J. Higgins","CIN",1,,,,,23.5,,24.019999999999996,,,23.967999999999996,110.124,42.004000000000005,"P.J. Higgins",18433,664731
"Blake Burkhalter","ATL",1,92.36,,97.3,,,99.83999999999999,,,,95.60000000000001,38.003478260869564,41.66608695652174,"Blake Burkhalter",31809,686628
"Kyle Higashioka","TEX",3,,,,,,,,,,32.12470588235294,100.97529411764705,40.67921568627452,"Kyle Higashioka",5517,543309
"Luisangel Acuña","CHW",2.1,,,,,46.96333333333333,38.738749999999996,,,,40.04,90.21813953488372,39.68000000000001,"Luisangel Acuna",26548,682668
"Javier Sanoja","MIA",4.2,,,,,,,,,,49.72410958904109,85.15452054794521,39.51506849315068,"Javier Sanoja",28253,691594
"Brett Sullivan","COL",7.2,,,,,,,,,,22.38163742690059,101.03625730994152,39.399181286549705,"Brett Sullivan",18217,664954
"Adam Frazier","LAA",2,,,,,,3.539999999999992,,,,37.136842105263156,94.23842105263158,39.18131578947368,"Adam Frazier",15223,624428
"Rafael Flores Jr.","PIT",1,,,,,34.53999999999999,11.980000000000004,,,,31.71999999999999,95.7575,38.24249999999999,"Rafael Flores Jr.",31991,804668
"Eric Cerantola","KCR",5.1,80.07061224489796,,75.32137931034482,,104.42333333333335,,,,,88.63950413223141,42.17256198347106,37.471239669421486,"Eric Cerantola",30128,672021
"Andruw Monasterio","BOS",0.2,,,,,35.379999999999995,36.5,,,,35.419999999999995,96.03999999999999,36.500714285714295,"Andruw Monasterio",19455,655316
"Nolan Kingham","TEX",1,84.42,110.24,,,88.12,,87.08,,,88.85545454545455,35.7690909090909,36.26181818181818,"Nolan Kingham",21573,663884
"Ben Williamson","TBR",5,,,,,,,,,,29.802025316455705,90.59620253164557,35.14658227848101,"Ben Williamson",33197,810938
"Troy Johnston","COL",2,,,,,51.959999999999994,,56.876,,,54.76914285714285,89.48114285714286,34.85142857142857,"Troy Johnston",26143,687859
"Jake Rogers","DET",2.1,,,,,,,,,,31.353023255813948,84.25534883720931,34.5506976744186,"Jake Rogers",19452,668670
"Jorge Mateo","ATL",2.1,,,,,,,,,,15.953953488372083,99.40883720930232,34.15302325581395,"Jorge Mateo",17273,622761
"José Tena","WSN",1,,,,,,,,,,47.199999999999996,86.28,34.06,"Jose Tena",23691,677588
"Josh White","MIA",0.2,71.64,,,85.82,93.66,99.02,,,,83.45813953488371,52.458604651162794,33.34046511627907,"Josh White",31738,687985
"Ildemaro Vargas","ARI",3.2,,,,,,,,,,44.66083333333333,80.57541666666665,32.43333333333333,"Ildemaro Vargas",13324,545121
"Victor Robles","SEA",1,87.1,,,,,31.219999999999995,,,,54.86153846153846,70.68615384615384,31.845384615384603,"Victor Robles",18363,645302
"Gary Sánchez","MIL",2,70.74,,,,41.644999999999996,,,,,23.62867924528302,101.62566037735849,31.695849056603777,"Gary Sanchez",11442,596142
"James McCann","ARI",4,,,,,,26.480000000000004,,,,45.38675324675325,81.19636363636363,31.18493506493507,"James McCann",12859,543510
"Tyler Callihan","PIT",3,,,,,45.903333333333336,33.86,40.7,,,41.063396226415094,74.75811320754717,30.288301886792446,"Tyler Callihan",27497,682997
"Weston Wilson","- - -",3.1,,,,,,,,,,30.949099999999998,92.22278333333334,28.724949999999996,"Weston Wilson",19358,642215
"Max Schuemann","NYY",1,,,,,,,,,,40.607142857142854,86.81857142857143,27.714285714285715,"Max Schuemann",24488,680474
"Leo Rivas","SEA",1,,,,,,,,,,29.379999999999995,84.36,26.060000000000006,"Leo Rivas",21009,660844
"Andrew Vaughn","MIL",3,,,,,57.38,,,,,46.234698795180734,75.43686746987952,25.330602409638555,"Andrew Vaughn",26197,683734
"Jorbit Vivas","WSN",4,,,,,,,,,,20.846792452830186,83.66037735849055,22.030943396226412,"Jorbit Vivas",23917,678391
"Tyler Heineman","- - -",5.1,,,,,,,,,,9.099062499999999,103.01500000000001,21.328437500000003,"Tyler Heineman",13897,623168
"Myles Straw","TOR",4,,,,,19.17125,9.084444444444447,,,,16.005,96.26071428571429,20.028095238095233,"Myles Straw",17620,664702
"Tanner McDougal","CHW",0.1,75.36,,,,68.06,144.88,83.4,,,80.6592,31.356800000000003,17.784799999999997,"Tanner McDougal",29887,701780
"Alex Jackson","MIN",2,,,,,,,,,,26.73512195121952,74.72292682926829,16.295121951219514,"Alex Jackson",17276,656577
"LaMonte Wade Jr.","HOU",1,,,,,,,,,,22.596363636363634,95.02545454545456,15.281818181818187,"LaMonte Wade Jr.",18126,664774
"Zack Short","NYM",1,,,,,,,,,,23.070000000000004,106.934,12.108,"Zack Short",19562,670097
"Chadwick Tromp","BAL",1,,,,,,,,,,33.155,69.325,8.242500000000003,"Chadwick Tromp",16953,644433
"Joey Wiemer","WSN",2,,,,,38.3,8.200000000000003,-24.80000000000001,,,36.223255813953486,62.29023255813953,7.7469767441860435,"Joey Wiemer",27690,686894
"Dylan Moore","PHI",1.2,,,,,21.340000000000003,,,,,13.323000000000004,76.721,5.774000000000008,"Dylan Moore",18042,664238
"Luis Torrens","NYM",2.1,,,,,,,,,,-1.9318181818181765,81.16363636363636,1.3154545454545448,"Luis Torrens",15905,620443
"Buddy Kennedy","SFG",1,,,,,,,,,,11.746666666666664,81.67435897435898,1.126666666666668,"Buddy Kennedy",22505,671083
"Reese McGuire","CHW",1,,,,,,,,,,13.340000000000003,81.72,-10.679999999999993,"Reese McGuire",15674,624512
"Zach McKinstry","DET",2,,,,,,,,,,3.865263157894734,54.31263157894736,-29.218596491228066,"Zach McKinstry",19392,656716
"Sam Haggerty","TEX",1,,,,,,,,,,-15.959999999999994,71.72,-48.079999999999984,"Sam Haggerty",18054,664059