Name,Team,IP,Stf+ FA,Stf+ SI,Stf+ FC,Stf+ FS,Stf+ SL,Stf+ CU,Stf+ CH,Stf+ KC,Stf+ FO,botStf FA,botStf SI,botStf FC,botStf FS,botStf SL,botStf CU,botStf CH,botStf KC,Stuff+,Location+,Pitching+,botStf,botCmd,botOvr,NameASCII,PlayerId,MLBAMID
Jacob Misiorowski,MIL,139,131.1078045112782,NA,118.3976,NA,122.86262008733624,133.08672727272727,97.90214285714286,NA,NA,69.7333484661654,NA,80,NA,66.48875445414848,76.74088481818183,59.22783535714286,NA,128.33314676123177,101.64202055094283,130.36866222470803,65.58413524220626,55.828289438848934,64.2978044940048,Jacob Misiorowski,31623,694819
Cristopher Sánchez,PHI,155.2,NA,116.14785228377065,NA,NA,108.80637931034484,NA,123.23819196428572,NA,NA,NA,57.535638464528674,NA,NA,55.61526267241379,NA,56.768083537946424,NA,117.37891736029027,96.98387376331544,114.17502802281247,57.30011325659271,55.16665360820427,58.01745613227291,Cristopher Sanchez,20778,650911
Cam Schlittler,NYY,152,117.6958183538316,109.96151260504202,107.08591869918699,NA,111.72238095238093,108.80038095238096,NA,NA,NA,58.812148540218466,62.08889749460043,65.1126629,NA,55.702456956521736,62.807555441176476,NA,NA,112.53851660368642,103.98394287384505,115.10224193442873,56.28960552323057,54.97862573165436,57.69441105514548,Cameron Schlittler,32095,693645
Dylan Cease,TOR,137.2,113.64783815028902,91.99238578680203,NA,NA,107.11442205323193,NA,109.30691449814128,89.50160000000002,NA,61.5501298034682,48.643038527918776,NA,NA,57.48149166032952,NA,55.263919293680296,48.80336933333334,106.81278380179374,98.34230259866051,105.46926993974712,56.885433696763194,51.783634974446336,54.128598224020436,Dylan Cease,18525,656302
Chris Sale,ATL,129,112.97508771929823,127.32788235294119,NA,NA,128.90043956043957,NA,93.35854077253221,NA,NA,51.71600817543859,76.933414,NA,NA,54.264629401709406,NA,50.11061669527898,NA,118.22966043681528,109.58451683060949,121.80522673469886,54.3827570692974,60.154496549566886,60.46258948026949,Chris Sale,10603,519242
Jesús Luzardo,PHI,150.1,98.10998368678631,109.86063781321184,NA,NA,122.32547239527392,NA,103.31569230769232,NA,NA,55.3185364274062,60.37879047835991,NA,NA,57.71522706766918,NA,57.95272742857143,NA,110.50670894396775,102.79449694467762,111.39856171785982,57.91401950779327,53.39624602132895,57.366606000820354,Jesus Luzardo,19959,666200
Chase Burns,CIN,131,105.87605985037405,NA,NA,NA,124.87255189255191,89.53999999999999,89.39765765765765,NA,NA,65.15183516209476,NA,NA,NA,59.681143186813195,49.81952,54.92084234234235,NA,112.2863410001035,102.075966556313,114.80065783991233,60.641111832239915,52.69033146204312,59.44804751640112,Chase Burns,35333,695505
Paul Skenes,PIT,134.2,94.75607717041801,97.35049999999998,NA,84.92047244094489,119.38786596958175,122.14000000000001,84.56606451612903,NA,NA,48.678123815648455,54.51237041666668,NA,52.19528972440945,55.50769536121672,51.708363000000006,51.21352406451614,NA,98.48201557205543,107.8222087013342,105.64156766806165,52.25979243730752,56.855216546414425,56.091736889573255,Paul Skenes,33677,694973
Drew Rasmussen,TBR,129.1,114.3594845360825,114.92066079295157,101.515,NA,112.67584905660378,84.26769230769231,110.49876543209876,NA,NA,54.31156566371681,54.63583641379311,62.674148671454205,NA,48.14094734693878,45.79099616438355,59.02687581589957,NA,109.02167594590067,106.6642788203801,113.40270514603135,54.147077451797806,55.80218804585721,59.962585440333505,Drew Rasmussen,25385,656876
Yoshinobu Yamamoto,LAD,145.1,105.63758203799652,103.865641025641,94.92529230769233,103.73764298093587,102.87632352941178,101.30133333333333,NA,NA,NA,52.802327772020725,47.64962879120879,53.382016584615386,56.91632017331023,52.83652139705882,54.38981585185186,NA,NA,102.59507233093623,107.1219761747038,110.38373590073789,53.73485069842739,59.06036389454207,58.28045548566141,Yoshinobu Yamamoto,33825,808967
Parker Messick,CLE,142.1,97.50804733727809,89.10365122615804,93.98710144927536,NA,95.82935779816512,99.74717488789238,100.78213333333335,NA,NA,53.30579449704141,35.16316836512262,38.39454862595421,NA,44.114413738317744,50.10384372197309,58.260064000000014,NA,96.81544326333517,105.17220295657546,104.37594831230872,50.08577354619566,53.66346280797102,53.2528815896739,Parker Messick,31986,800048
Reid Detmers,LAA,143,101.90340909090908,100.39034482758623,NA,NA,109.58339165545088,101.17468749999999,101.15734513274337,NA,NA,52.03603712121212,47.312798965517246,NA,NA,51.003043324360704,48.019716914062506,45.83852791855204,NA,104.20104132153939,108.42174597623517,109.3090563781459,50.48118919117647,57.384198923010366,56.031112296712806,Reid Detmers,27468,672282
Ranger Suarez,BOS,108,83.85181585677749,95.62414999999997,91.26884507042251,NA,115.56125,107.12252631578947,92.49688311688313,NA,NA,47.0695736061381,45.61517717499999,38.08660157746478,NA,45.471332580645154,42.6969512631579,41.40419168831168,NA,94.27442159922896,106.8717211895348,101.32143807547554,45.084957148640825,55.47564870445344,52.91741298438404,Ranger Suarez,17277,624133
Tarik Skubal,2 Tms,113.2,117.55834437086094,118.24793201133146,NA,NA,108.71217021276594,116.81653333333333,121.67492273730686,NA,NA,62.43566390728478,56.708635864022654,NA,NA,51.54880689361702,49.784756133333325,64.16720154525387,NA,117.56240164989333,106.04681897568192,121.49838961596005,57.62435863451482,60.05533357931436,61.0933194131319,Tarik Skubal,22267,669373
Zack Wheeler,PHI,115.1,112.44694316436251,109.50568421052633,83.3209,87.72176870748298,102.50725868725868,122.3648407643312,NA,NA,NA,58.530948801843316,58.52886845614034,67.88119699999999,51.63233887755103,63.95935382239382,67.01629751592357,NA,NA,104.38771811858851,106.18153432885542,111.93997246793913,58.02317658179848,55.473297540628394,58.785934756229686,Zack Wheeler,10310,554430
Mason Miller,SDP,51.1,106.71781250000002,122.42,NA,NA,131.46874418604648,NA,109.6157894736842,NA,NA,67.87628111979166,80,NA,NA,65.78810080378251,NA,60.02480111111112,NA,119.63374671691219,102.11594610026269,118.71851718625102,65.63220324940049,49.394595419664256,58.22020238609112,Mason Miller,31757,695243
Sandy Alcantara,MIA,170.2,96.10393574297191,101.65315789473681,102.28320000000001,NA,110.75915503043319,88.64644444444444,96.30477099236643,NA,NA,52.316828413654626,51.139799385964906,60.37603039603962,NA,48.619504711779456,45.553449743589745,56.28982782442746,NA,100.5574556993494,102.74708131382116,102.80512852889593,52.90615945525291,56.48806501167315,57.057700420233466,Sandy Alcantara,18684,645261
Bryan Woo,SEA,138.1,111.57117999999998,105.38967418546366,NA,NA,112.40615322904128,118.63411764705882,84.03068702290078,NA,NA,53.478676740000004,61.593356641604,NA,NA,53.535305216606496,51.33644352941177,55.77211290076336,NA,109.02417158179193,108.31375498612495,113.70493684353492,53.20681640396413,60.411973029730994,59.731471415762144,Bryan Woo,30279,693433
Payton Tolle,BOS,115,123.30239401496259,100.72932614555255,103.77359756097559,NA,NA,126.14714285714285,106.09310344827587,NA,NA,62.19865756857856,55.57882727762802,71.64779859756098,NA,NA,55.81149519480518,63.79564120689656,NA,114.37709897556606,99.189673628131,111.19327116321998,56.49858247518972,58.39934634559253,59.97395926444833,Payton Tolle,35466,801139
Casey Mize,2 Tms,102,98.4892537313433,92.54658536585367,NA,86.8128108108108,76.3018439716312,88.04929577464789,NA,NA,NA,48.89696886194031,32.83368170731708,NA,47.48018240540541,44.2560990070922,55.241940704225364,NA,NA,88.63346040305463,107.43451701908472,98.3647097288659,48.09285393222507,54.92207638746803,50.793126106138104,Casey Mize,20492,663554
Sean Burke,CHW,140,119.25065398335316,88.259012345679,89.02364583333332,NA,88.5682262210797,NA,83.36124999999998,85.95376623376625,NA,57.400180110429446,40.105402567567566,55.668639766081874,NA,49.75307210526314,NA,48.28376195652172,46.04995909930715,99.2859862892414,101.09904016013031,99.56311310116192,50.42654841372913,54.292052592764385,53.50784562152135,Sean Burke,29878,680732
Jacob deGrom,TEX,120.2,107.91567757009345,103.66181818181818,NA,NA,111.18276797829036,105.05292307692307,106.89743190661478,NA,NA,59.029491647196274,58.77804659090908,NA,NA,56.89718390773406,49.87812107692309,62.36701727626458,NA,108.69215407946369,108.25486020297642,117.67373624553751,57.48016681481482,59.2199142962963,61.39803568888889,Jacob deGrom,10954,594798
Shane Baz,BAL,139.1,101.7162210796915,90.44245989304814,96.42460704607045,NA,NA,NA,81.15255102040817,102.82207547169811,NA,52.15456816195373,40.88610198895028,62.263596937669355,NA,NA,NA,43.92681433673471,58.781184865229115,98.47567769127542,102.83784959259792,102.78668249362212,52.45160290294247,54.06027581027668,52.162606912604296,Shane Baz,22264,669358
Shohei Ohtani,LAD,85.2,106.19830564784054,105.29478260869566,91.90222222222222,115.14192982456142,129.9777450980392,108.86421052631577,NA,NA,NA,63.647944568106304,71.59048536231884,62.5253911111111,62.101328157894734,64.04505958333334,47.17221661654135,NA,NA,114.35199077651095,97.7811901978904,111.64115199321907,60.275661617977526,52.255061265917604,58.069460779026215,Shohei Ohtani,19755,660271
Logan Webb,SFG,134,96.30309433962265,110.79326086956526,84.34860215053763,NA,95.70516795865633,NA,97.97391129032258,NA,NA,41.499204377358495,50.21093777173913,52.07625648745519,NA,57.02769467700258,NA,50.37768754032259,NA,98.96228618603143,105.73270513002144,105.82223224834189,52.59045571717173,58.67788557575757,57.28114165151514,Logan Webb,17995,657277
Braxton Ashcraft,PIT,141.1,91.6043438914027,103.86720779220778,NA,87.32775510204083,103.16898550724638,131.47869565217388,NA,NA,NA,51.7721767269985,63.773645649350634,NA,41.07342122448979,50.114356563147,53.38072074275364,NA,NA,106.33650148302638,107.11890216218914,109.76957079849916,51.5205130513308,58.56350207224335,57.54244174429658,Braxton Ashcraft,23793,677952
Kevin Gausman,2 Tms,139,97.41252305113157,NA,NA,101.09728776185221,89.75563318777294,NA,NA,NA,NA,49.220745314333605,NA,NA,54.662456912899685,45.77184310043669,NA,NA,NA,98.08870746630741,107.79908562078612,105.44176728939308,51.57429781021899,59.71713120223272,59.4814028166595,Kevin Gausman,14107,592332
Logan Gilbert,SEA,145.1,101.55011312217192,102.92999999999999,91.88112676056336,142.832523364486,109.51152137798417,95.45333333333333,106.38152046783624,NA,NA,52.69512859728506,67.2776475,55.05304570422536,73.3302969470405,52.68183063360882,67.54575333333334,67.15712408536585,NA,109.56577409237677,103.93011702089156,111.88781531674026,57.406237589720874,57.537585361098806,59.54564747895436,Logan Gilbert,22250,669302
Cade Cavalli,WSN,136.2,95.49978695073236,96.54623376623378,95.37177419354839,NA,114.7687542087542,NA,92.82045454545454,111.07667774086381,NA,52.33948760319575,57.669371525974015,50.9962449484536,NA,53.73466016835017,NA,62.36334198863638,49.85179661129568,102.06235406472125,97.53243966882441,98.13880301718255,52.17497973032715,50.96292970380195,51.424812409372244,Cade Cavalli,27473,676917
Gavin Williams,CLE,149,106.69489075630251,94.645664160401,82.44792452830188,NA,117.4088358208955,102.11384615384617,NA,NA,NA,54.24378910924371,52.83875471177945,54.477039056603765,NA,65.1062005074627,56.64814783037476,NA,NA,104.96449597807275,104.69581208678365,108.90410405885021,56.907410948750524,55.409915684032185,56.60586699703516,Gavin Williams,30122,668909
Joe Ryan,MIN,125.2,113.61105981112279,106.79273631840796,NA,78.23435114503818,98.23353042436942,NA,NA,121.6388429752066,NA,50.80265921301155,47.625124079601996,NA,42.63640473282443,54.548640440835264,NA,NA,59.7305049122807,106.41027915498604,107.46242553913497,110.60578367988367,51.14146520325203,59.636471109516975,57.86124930176949,Joe Ryan,21390,657746
Dustin May,2 Tms,122,101.17165668662675,114.57821839080458,88.85861915367484,NA,112.12151761517616,101.40421874999998,85.72338235294117,NA,NA,51.64478205588822,66.1783658045977,50.33151187082405,NA,66.04180631436313,64.594488828125,56.63971272058822,NA,101.74985096789531,101.50226414042102,103.61617411197824,57.15286471014493,50.539576961697726,54.99874307971014,Dustin May,19716,669160
Max Fried,NYY,80,102.83394495412844,109.62342007434943,101.77595588235296,NA,112.0701768707483,117.81947712418301,101.0235761589404,NA,NA,51.09841701834863,56.03700275092937,44.946913235294126,NA,54.32881156462585,61.21911392156862,50.146237615894044,NA,106.88017369324474,101.37263324554513,110.27148828042432,53.04320176033058,50.685383760330566,52.78674952066116,Max Fried,13743,608331
Sonny Gray,BOS,132.2,88.968504398827,103.06431372549021,84.29738419618528,NA,128.11682702901211,103.6359375,83.17291666666667,NA,NA,61.802493841642224,36.21319816176471,57.84805149863761,NA,56.0264777892031,53.727151937500004,40.71248614583333,NA,101.20036622963697,97.59108672069523,102.12745910326488,52.560104664586596,54.60314618304733,55.78189768070724,Sonny Gray,12768,543243
Trevor Rogers,BAL,125.2,103.77134903640255,102.58656716417909,101.79681592039803,NA,120.48857142857142,NA,84.3456351039261,NA,NA,54.864439164882235,46.02415945273631,59.02344552238808,NA,48.99132560311285,NA,54.694509556541014,NA,101.71301788784626,105.02546360366605,103.92663468702413,52.748495701071086,58.89437702531645,57.843729776046736,Trevor Rogers,22286,669432
Nolan McLean,NYM,136.2,101.84646934460889,113.16687585266028,99.93166666666666,NA,93.6660281690141,117.96123839009287,103.09342857142857,NA,NA,62.371413298097266,56.88778523874489,56.787325219298246,NA,60.30214236619719,76.76167006191949,57.37475214285714,NA,106.37955130168122,96.61581341869831,106.06257004876954,59.564690296854245,50.29521949047408,54.72740966326983,Nolan McLean,33703,690997
Noah Cameron,KCR,138.1,89.26010452961673,91.77612903225808,90.032244008714585,NA,102.6967041198502,107.35856041131106,102.80020876826724,NA,NA,45.7177044076655,45.90548744444444,41.09111507625273,NA,44.36264441947565,49.3980370437018,56.18378954070981,NA,97.08539960496653,104.72164043655349,104.0864226779347,49.268458063660475,52.37377428824049,51.197684031830235,Noah Cameron,30184,702070
Louis Varland,TOR,64.1,118.22093827160502,107.66153846153846,NA,NA,98.3360975609756,NA,98.85956043956045,125.69980830670924,NA,67.62509476543211,79.39986807692307,NA,NA,50.966172073170725,NA,66.4360379120879,74.34425159744409,115.1067759937308,106.17448707872036,120.37384898598327,64.13710818452383,55.51811124999999,60.924580793650804,Louie Varland,27691,686973
MacKenzie Gore,TEX,139.2,95.98959053685168,106.39878787878787,93.55402298850575,NA,100.7721008403361,106.87714932126698,94.95922535211267,NA,NA,56.34240948134667,52.27951409090909,53.979363275862056,NA,49.796452815126045,54.09673728506788,44.73319542253521,NA,98.7656315521992,101.04295147737731,99.56604141914391,51.76145054430379,53.3475545400844,52.57011057383966,MacKenzie Gore,22201,669022
Davis Martin,CHW,125,93.06697416974168,85.48820652173912,86.5292607003891,NA,94.17125925925926,93.98785964912283,86.10448398576514,NA,NA,50.82818125461256,42.94055646739131,49.51268953307393,NA,44.08428725925926,50.44895301754386,54.82395014234875,NA,90.1697929771293,93.81081053136226,85.0387340490216,49.12329782309582,50.3784688058968,48.64843669287468,Davis Martin,21448,663436
Michael Soroka,ARI,92,94.13411016949154,95.01557046979863,92.99282352941177,NA,141.476,97.81209503239741,82.83519125683061,NA,NA,52.854600275423735,56.80940832214765,46.49427082352941,NA,55.736188000000006,46.17620030237581,50.971528251366124,NA,94.16590426970345,105.76346894624564,97.94758601003575,48.368640912232216,55.019624187975126,53.80088741534208,Michael Soroka,18383,647336
Eduardo Rodriguez,ARI,149.1,92.13699680511183,94.86303921568626,94.07137254901961,NA,NA,90.51847176079734,88.89745571658617,NA,NA,42.38573216187432,37.413370539215684,40.3364770261438,NA,NA,41.99835900332225,48.3570547342995,NA,91.55821357922684,109.58477587354265,102.96588988574551,44.64879081787521,59.077535303541296,53.43568766020236,Eduardo Rodriguez,13164,593958
Ryan Weathers,NYY,134,100.0904016064257,95.8581981981982,NA,NA,109.50925044024194,NA,101.63210714285715,NA,NA,59.86559377510041,48.005179504504504,NA,NA,49.97111753541077,NA,42.79647283928571,NA,102.6478498806676,107.72192085517707,109.47461589361426,51.860203268447265,54.47573999094614,55.23755167949298,Ryan Weathers,23796,677960
Eury Pérez,MIA,122.2,123.68005161290321,105.56984894259817,NA,NA,120.50992242833051,106.10649122807017,83.7382222222222,NA,NA,71.9657717032258,55.73223978851964,NA,NA,56.68734424957842,51.16929833333334,52.503106277777775,NA,115.12491431163846,93.19466348381867,105.522679470363,59.66548784677016,50.48723923885829,57.02359862293441,Eury Perez,27768,691587
Max Meyer,MIA,111,97.00451162790698,92.22543352601156,NA,NA,100.72699291954646,NA,87.32939890710382,NA,NA,54.39326990697674,44.38675184971099,NA,NA,61.19207070787636,NA,50.20884032786885,NA,97.64780118809482,104.8622549799678,105.11429765835636,59.12143050809604,52.91519954773869,55.2888975656058,Max Meyer,27474,676974
Adrian Morejon,SDP,66.1,126.37520000000004,129.40645569620253,NA,NA,127.37259668508284,NA,131.31862068965518,NA,NA,68.81009379999999,77.46906786919835,NA,NA,61.3148459116022,NA,70.86979588744589,NA,129.0329396778041,106.07185715617591,132.87730070184998,65.92317894026975,59.15782808285165,67.35623282273603,Adrian Morejon,20039,670970
Nick Martinez,TBR,138,93.48889867841409,100.65222602739726,87.47682619647355,NA,93.9440579710145,87.55663366336631,109.24699808795411,NA,NA,46.3421481938326,44.49933280821918,36.691723551637274,NA,41.70105333333333,40.85881128712871,49.24027734225621,NA,98.44679164762603,106.92193284616022,104.78452263647442,47.46752892218718,61.29150912197687,56.37600324395374,Nick Martinez,12730,607259
Michael Wacha,KCR,150.2,93.62916802610114,89.96288288288288,74.01688622754493,NA,87.21938144329896,85.64763157894738,129.9525673249551,NA,NA,42.44139197389887,25.34172435435436,33.97740646706586,NA,38.888427061855666,48.24056991228071,62.637222657091556,NA,97.80144029606005,100.95683458239114,98.77718921759764,46.971583960176986,56.58973800884956,52.07980911946904,Michael Wacha,14078,608379
Keider Montero,DET,128.2,92.83929701230231,101.91253012048192,NA,NA,98.84195530726254,NA,81.50599221789884,92.13298804780877,NA,49.517422829525486,57.43448460240963,NA,NA,48.50557893854748,NA,44.769960505836586,43.743896454183265,94.34871215418843,100.88232426654622,94.53922049016629,49.499761717990275,55.801559735278225,53.52560768233388,Keider Montero,22630,672456
Shane McClanahan,TBR,99,86.14426116838486,NA,NA,NA,112.78578231292518,102.04327272727274,134.05042128603105,NA,NA,50.141748694158075,NA,NA,NA,53.16389020408164,50.578096227272724,67.8522958314856,NA,107.48387360782857,94.27415111712102,102.00704316341363,55.42881484809309,51.98044700711054,53.36331961215255,Shane McClanahan,21483,663556
José Soriano,2 Tms,133.2,95.1335922330097,104.29951140065147,NA,100.06466666666668,95.70772277227722,NA,NA,91.57694444444446,NA,57.455427106796115,55.86997685667753,NA,52.620813023809525,49.4039499009901,NA,NA,67.75365060763889,97.69388650307415,104.07695617423202,104.2824315500665,56.32036936237091,50.77893844185002,54.792910130220015,Jose Soriano,22100,667755
Landen Roupp,SFG,129.1,96.95851239669422,95.0224040920716,91.53530201342282,NA,NA,117.18769485903816,85.60371607515658,NA,NA,24.83988842975207,41.007591099744246,49.98180684563758,NA,NA,53.20742461028193,48.5481530480167,NA,98.57497530475833,105.28629158135564,104.41184550007532,47.828246774617064,54.61661421006565,52.973807763676156,Landen Roupp,30076,694738
Jhoan Duran,PHI,43.1,101.83768421052632,NA,NA,127.98654545454546,139.9422857142857,NA,128.6853658536585,130.84478873239436,NA,58.034290423280424,NA,NA,48.766051776315805,62.24726279411765,NA,64.63974708333333,64.33379521739131,122.37922615589258,98.30893901650992,122.88963581390482,55.23106442857142,46.83992897142858,51.591940085714285,Jhoan Duran,21029,661395
Trevor Megill,MIL,48,103.6635,NA,NA,NA,NA,NA,NA,132.33909836065573,NA,67.3146953409091,NA,NA,NA,NA,NA,NA,72.84861848360659,113.89520050125314,98.21178780284045,109.24281119465329,62.62585580409357,55.415702236842094,62.995348771929834,Trevor Megill,17722,656730
Andre Pallante,STL,130,96.36195266272189,107.58677165354328,NA,96.78068965517242,90.94803827751197,NA,NA,98.85667560321714,NA,50.839128491124264,53.94946832020996,NA,45.275692,45.83318543859649,NA,NA,46.288424289544245,97.22607390556387,104.14092877651906,102.77423521407698,48.836059858156034,53.544390184397166,51.60870683687942,Andre Pallante,26108,669467
Kyle Harrison,MIL,93.1,108.32568965517243,106.25090909090909,NA,NA,NA,101.63620758483033,108.46324675324674,NA,NA,63.03350452586207,51.44089848484849,NA,NA,NA,62.01594724550897,61.13864941558441,NA,106.23102435835182,114.06202078348993,116.57655618535696,58.11198662956092,57.514533432282015,61.19276016079159,Kyle Harrison,27758,690986
Jacob Latz,TEX,56,116.261288981289,NA,NA,NA,105.55792682926831,120.27257142857142,105.85163636363636,NA,NA,64.11702087318088,NA,NA,NA,49.67775521212122,49.82178371428571,48.95880321212122,NA,112.64472789115648,101.13691609977323,109.67967120181407,55.42882404761905,52.504533639455786,55.62202096371883,Jacob Latz,21306,656641
George Kirby,SEA,136.2,91.17685950413224,112.73977678571428,84.55484848484849,90.52799999999999,104.56195199999999,NA,84.28480519480517,107.02788177339903,NA,46.009614545454554,65.61256453125,49.569735483870964,43.87231,60.31285011199999,NA,51.087762077922086,51.89389472906404,100.8081309611336,110.91870066130734,110.67808017065468,54.823620792220126,59.106975341555966,57.91538666508539,George Kirby,25436,669923
Kyle Leahy,STL,117.1,87.3807335907336,105.31039682539682,NA,NA,90.8636634551791,90.2812658227848,92.83402985074626,NA,NA,47.862264536679525,50.82308595238095,NA,NA,52.489081163194456,54.21040427215189,56.232732462686556,NA,91.99556351123731,105.42549447848201,100.45309731937112,52.28546018106571,53.22807259182618,51.938054687015004,Kyle Leahy,24763,681517
Peter Lambert,HOU,118.2,97.54025848142165,91.71377551020407,83.45970000000001,NA,102.04842105263157,88.25446808510641,79.9857330415755,NA,NA,46.3082691276252,44.9648462244898,32.6508474,NA,50.233898110047846,45.48018734042554,37.56126332603938,NA,92.35913113699075,100.05153033351371,93.37044019434728,46.56031777442093,55.542670936555886,51.10810912890231,Peter Lambert,17969,663567
Ben Brown,CHC,68,87.55428571428573,100.44009661835749,NA,NA,NA,NA,100.46533333333333,116.40994535519125,NA,49.058384797843665,53.67904623188405,NA,NA,NA,NA,51.89378033333334,49.42360385245902,101.52012837538733,98.649203187251,99.44117160985687,48.553516015936246,50.68720954183267,51.16060762948208,Ben Brown,23590,676962
Gerrit Cole,NYY,86.2,103.83952978056428,90.820350877193,NA,NA,104.09312252964429,NA,93.74694736842105,104.74383233532934,NA,55.19146943573668,47.8855601754386,NA,NA,50.06945774703558,NA,51.33932926315789,47.61055467065868,101.92143172114747,105.26077283630244,104.46452222442782,51.577329880149804,56.40120987265918,55.91266232958801,Gerrit Cole,13125,543037
Kyle Bradish,BAL,133,85.88067885117495,95.86154639175257,NA,NA,112.8829181494662,104.82461215932915,73.5,NA,NA,58.5020407310705,44.94078300257732,NA,NA,59.534441672597865,55.609767756813405,38.75938,NA,100.38005410230176,98.87405369736393,101.16371737323122,53.283539936421434,50.83835288374205,51.420966771117165,Kyle Bradish,24586,680694
Shane Drohan,MIL,98.1,99.73448430493275,97.22583333333334,87.71197860962566,NA,108.30788461538461,98.23682692307693,92.45813333333332,NA,NA,50.82044984018264,41.986624352159474,46.658150847457634,NA,55.28756477124185,51.849778669950744,42.89487561643836,NA,98.92273640986907,100.64979693393629,98.65628906813005,49.888275640854474,55.12141493324432,53.518551088117476,Shane Drohan,27814,675660
Brent Headrick,NYY,61.1,101.84017204301072,107.70400000000004,NA,107.13073170731708,106.12127388535038,NA,NA,NA,NA,56.35832877777777,50.746005000000004,NA,53.62347060975608,47.05322993506495,NA,NA,NA,104.24266424619933,98.31333993218112,100.18208214145105,51.867879698924725,56.45507034408603,56.29187730107528,Brent Headrick,27702,687396
Emerson Hancock,SEA,128,91.95834605597966,97.98101265822785,100.06096069868997,NA,124.36719033232626,131.55186046511625,81.8898,NA,NA,44.88688894402036,54.59129004219409,56.75106934497818,NA,54.711467643504555,45.85154263888889,49.867355800000006,NA,100.88293229377403,105.88894369230836,101.26878834136623,49.484873457897365,56.0886607922272,55.70861735924264,Emerson Hancock,27470,676106
Jake Bennett,BOS,80.2,86.68623762376237,102.49724637681159,73.13791666666667,NA,99.50658227848103,109.8915,88.11841059602648,NA,NA,47.289760841584155,51.72864981884058,60.30007645833333,NA,54.77334479999998,55.013926000000005,40.42777655629139,NA,91.98705431638295,111.79754722477321,102.62255782875934,48.27697408695652,57.40516282608696,53.523246486956516,Jake Bennett,31959,687562
Christian Scott,NYM,84.2,103.50632432432431,85.12275862068965,96.2452205882353,111.22039215686274,119.98349588816839,122.72941176470589,NA,NA,NA,56.39577175213677,54.56866,64.8521108984375,52.637905102040826,63.75127665680472,61.14771911111111,NA,NA,107.21191099357993,100.18237110130498,104.48918889482879,57.83863405479452,54.46700428767124,58.53511380821919,Christian Scott,30107,681035
Walbert Ureña,LAA,107.2,73.35462686567165,109.44729824561404,NA,NA,120.30093862815885,NA,97.26020236087692,NA,NA,42.23699974226804,58.935711821561355,NA,NA,52.70376575645756,NA,54.3728791507799,NA,99.2584234939843,102.98735945905914,104.83586549437793,52.929735994366204,50.506390016901406,52.23308974084508,Walbert Urena,29357,700712
Grant Taylor,CHW,64,108.24459627329193,108.19830188679245,113.76499999999999,NA,108.54132450331127,101.95335689045937,NA,NA,NA,61.048150372670804,65.46153542857145,80,NA,67.79699079470198,69.63362024734982,NA,NA,106.57309508481093,110.71210698698171,117.59697937698938,61.55449860759492,55.27570353456669,59.680917098344686,Grant Taylor,33927,691799
Michael King,SDP,142.1,98.95575620767497,94.60123456790124,NA,NA,107.85380230098541,NA,82.13640552995392,NA,NA,55.84210306997742,47.31379975308643,NA,NA,49.6977784330986,NA,42.270309646697385,NA,95.1686233997887,101.29768500764887,97.72022170426646,50.22382671861472,53.36293241125541,51.163740051948054,Michael King,19853,650633
Joey Cantillo,CLE,125.2,88.82609986504723,NA,75.10480620155039,NA,83.46144144144144,98.72575899843504,106.87532374100721,NA,NA,46.943361443994604,NA,49.00091785714285,NA,47.08787550458715,65.28852860719876,47.947891097122294,NA,95.20735549049078,97.35563617699054,93.85403367404402,53.167294791188624,48.31107168425884,48.7638034465351,Joey Cantillo,23335,676282
Cade Smith,CLE,55,114.3557595993322,NA,NA,108.48570212765954,115.31833333333334,NA,NA,NA,NA,59.79337766277126,NA,NA,74.21780855319149,55.71027008333332,NA,NA,NA,112.98792294904683,103.08269671324638,115.02688847020266,59.756279699792955,53.97230646997928,60.863166407867496,Cade Smith,27867,671922
Taj Bradley,MIN,135.2,106.22448339483394,NA,113.40014209591476,109.10231263383295,NA,111.16657407407409,NA,NA,NA,58.8565974907749,NA,69.46918321492008,48.45563799107144,NA,45.583124212962964,NA,NA,109.07339082985182,92.07261887182148,101.12454404526277,54.7634936078936,50.88593404976405,51.293884414414414,Taj Bradley,22543,671737
Dylan Lee,ATL,56.1,116.24954198473284,NA,NA,NA,117.9832967032967,NA,91.91219178082191,NA,NA,59.863441412213746,NA,NA,NA,48.61614927472528,NA,40.17681102739726,NA,113.06981095679014,101.04812860082303,111.60387847222222,52.727896006944455,57.5211401388889,57.39595511574074,Dylan Lee,19996,669276
Bubba Chandler,PIT,121.1,104.14421674876847,99.66136363636363,NA,NA,106.98392177902615,113.31594594594596,89.2188957055215,NA,NA,63.2743776945813,52.20671085271319,NA,NA,58.222919943074004,58.70438067567569,62.320676380368106,NA,102.68668347516395,101.8097056635615,106.01822034634151,59.16497774193549,53.456968454501684,57.764051742898396,Bubba Chandler,29868,696149
Brandon Young,BAL,113.2,97.73120331950209,90.47363265306122,NA,95.02651810584959,106.15079136690647,91.3032075471698,NA,NA,NA,47.54469456431534,51.52989542857143,NA,47.47414685236769,41.19313125899279,47.93406698113207,NA,NA,96.76239571115629,104.86235866414907,100.49914376992386,47.22895361034672,54.99186759493671,53.402886114474406,Brandon Young,27819,687064
Justin Wrobleski,LAD,126.1,93.7300742311771,90.37716216216216,93.6775,NA,106.41241779108212,79.83118279569892,89.85235294117646,NA,NA,58.48668507953339,49.777279729729734,51.69747500000002,NA,45.34708410865874,39.922869784946236,45.434304901960786,NA,96.57649144779734,113.23383597756364,107.70218735433285,50.75335669821241,59.48269338065196,58.64985303364879,Justin Wrobleski,31204,680736
Foster Griffin,2 Tms,138.1,98.67329670329671,91.26991304347827,96.9298891966759,111.84736842105262,104.10218749999999,100.94009049773757,83.66365957446807,NA,NA,43.27997634615385,35.71478939130434,42.45893688365651,25.276623834586466,45.868321937499985,45.55349099547512,48.76110178723405,NA,97.55620120856355,102.32260194202186,98.340475995869,46.310657350696005,52.817107507858104,51.267945536596315,Foster Griffin,16432,656492
Andrew Alvarez,WSN,75,84.41685714285714,100.59062146892656,NA,NA,93.85351916376307,105.69764705882352,90.56833333333331,NA,NA,51.306964657142856,59.17924717514124,NA,NA,55.785184250871076,62.138036657754014,48.34105041666667,NA,95.61030265912817,99.50737908340155,99.32727305878373,55.518203236245945,49.36250588996763,50.90424972491909,Andrew Alvarez,29914,674841
Troy Melton,DET,84.1,100.9735172413793,102.21019230769231,95.73292857142857,NA,101.09287128712874,98.3838202247191,105.0909090909091,NA,NA,51.811709379310344,56.66395721153846,54.1950975,NA,50.99276212871287,56.13126775280899,68.41817,NA,100.6054573906909,99.73436379656123,101.78973276734594,53.07953192954363,54.09768326661329,53.57523208967175,Troy Melton,31807,675512
Didier Fuentes,ATL,53.2,115.3478288431062,NA,NA,85.99509433962264,116.67637209302326,91.01,NA,NA,NA,59.62254987321713,NA,NA,46.99639301886794,54.79696883720929,61.04366,NA,NA,113.84285099337748,103.77128504415012,115.4650910596027,55.121389944812364,57.1002791169978,57.935690419426074,Didier Fuentes,30661,800311
Seth Lugo,KCR,139.1,91.39180790960454,82.04119733924614,88.71083798882682,NA,92.94126777131271,99.29388716824185,70.1203015075377,NA,NA,40.56471384180791,33.28335427937916,30.10224162011173,NA,43.21258829157175,49.87008086387434,43.49874422110553,NA,89.16462281605119,103.87609875879694,94.02521237324405,43.81701482389657,56.039991404369154,51.648268212215775,Seth Lugo,12447,607625
J.T. Ginn,ATH,127.1,80.78902953586498,108.53303496503496,78.17837837837838,NA,95.3877564102564,NA,81.56581907090464,NA,NA,46.128751729957806,48.55497595804196,49.1039212012012,NA,50.55140750000001,NA,42.45277237163815,NA,92.67656619542969,101.33737225729602,98.65622917086698,49.53012177114427,48.41174250248756,47.94872087064677,J.T. Ginn,27889,669372
Nathan Eovaldi,TEX,132.2,88.99396363636363,101.72084507042253,93.85684754521964,94.51248303934868,91.45529411764704,101.11541202672602,NA,NA,NA,38.96914854545455,50.09284112676056,41.2290903875969,58.112452632293085,35.4,41.01598501113586,NA,NA,95.62656062769949,106.56819804980782,104.8493847662348,49.575975969108114,54.9937870951669,52.71702315396114,Nathan Eovaldi,9132,543135
Andrew Abbott,CIN,133,90.55228406909788,NA,92.83407407407407,NA,113.39785867237688,90.7718831168831,87.16995391705069,NA,NA,49.65894833013435,NA,54.30571660377358,NA,62.55295960612692,50.02679370129869,39.81084117511521,NA,94.61463506526903,98.34372295846956,93.01174296659389,50.79042753454232,52.16531833333334,49.94838772020725,Andrew Abbott,29911,671096
Garrett Whitlock,BOS,44,NA,93.97227665706053,NA,NA,103.69857142857141,NA,107.25886792452827,NA,NA,NA,45.987722766570606,NA,NA,49.35310666666667,NA,62.301662358490574,NA,98.86848452317052,111.10761316872428,107.86672034353192,51.48330209339775,59.021058582930735,57.71640130434784,Garrett Whitlock,20191,676477
Logan Henderson,MIL,63.1,111.54688372093024,NA,94.31655172413794,NA,111.53250000000001,NA,98.21485342019542,NA,NA,48.636625511627905,NA,44.01382522988506,NA,46.8387803125,NA,60.26777534201954,NA,104.07122154484574,106.65351036547466,106.94392099613287,52.16634603393426,59.40748237539767,58.62538841993637,Logan Henderson,31475,701656
Tanner Scott,LAD,49,118.40973134328364,NA,NA,NA,122.02600508905847,NA,NA,NA,NA,71.25120149253732,NA,NA,NA,51.34731628498727,NA,NA,NA,120.39330880230875,104.90725544338702,119.78064554451399,59.337302101648355,61.009506730769225,63.48492256868131,Tanner Scott,17586,656945
Sean Newcomb,CHW,68,98.5321914357683,104.28151260504201,93.78666666666668,NA,NA,114.6642708333333,82.76666666666667,NA,NA,51.95015909319899,62.19559804255317,45.39633,NA,NA,59.87711268229168,38.39910733333334,NA,105.10612042362689,97.08840289102811,100.98309769984678,53.08613791353383,52.27395583646617,53.32605486842106,Sean Newcomb,16943,656794
Aaron Ashby,MIL,69,88.25333333333336,120.01873065015484,NA,NA,133.60764705882352,116.90167330677289,114.71248226950354,NA,NA,50.486448888888894,65.64247078947369,NA,NA,61.04513423529411,63.170883665338636,42.738483714285714,NA,119.90201952891434,93.36644694166017,116.15101439160803,58.381296815235004,49.886541102106975,54.97887463533226,Aaron Ashby,23550,676879
Brandon Pfaadt,ARI,92.2,98.25011494252875,98.88735177865613,87.79889570552147,NA,112.78727262363172,95.57583333333335,70.86070796460176,NA,NA,52.37413244252874,47.2115,43.224455705521464,NA,54.60447845303868,48.57881398148149,46.5890521238938,NA,94.42119579507107,102.60935092577576,98.54513045939797,49.83967357606345,57.96175025234319,55.85366831290555,Brandon Pfaadt,27782,694297
Juan Morillo,ARI,49.1,109.12206896551722,117.88617886178861,NA,NA,115.14035087719297,NA,94.4825,NA,NA,62.13771668435013,70.28630105691056,NA,NA,49.31366464912281,NA,50.907253095238104,NA,108.27119416673126,102.21572140845795,108.98250032292229,56.27479352941175,53.86162883631715,57.016639667519165,Juan Morillo,21924,666661
Ian Seymour,TBR,96.1,98.60905213270141,92.75416267942585,91.87818181818183,NA,122.33261382269558,99.78,94.77210855949896,NA,NA,45.00339973871734,52.97755548076922,42.62476909090909,NA,49.11926473557693,43.124507142857134,48.79225656903765,NA,103.04061075832482,99.47692569662598,100.69708987937426,50.31571925710595,53.92731999354004,52.30840687338502,Ian Seymour,27932,693855
Spencer Miles,TOR,78,96.43481481481481,97.06082031250001,NA,NA,103.27761194029848,107.0624203821656,94.8,NA,NA,52.284374550264545,51.5919331640625,NA,NA,55.132176069651734,57.6849697133758,42.58029,NA,100.53387506957284,109.35756937265634,107.41007562964474,52.44765340983608,58.795973573770496,56.90167124590162,Spencer Miles,31621,693686
David Bednar,NYY,54.1,106.22605898123328,NA,NA,103.46451086956519,NA,97.72784090909092,NA,NA,NA,57.561350522193194,NA,NA,54.459409402173904,NA,44.80390295454545,NA,NA,103.51140898272283,106.0119743155083,108.24146148182398,53.08117148867314,52.86088966558792,55.44095683926647,David Bednar,19569,670280
Michael McGreevy,STL,132,72.94710280373832,87.11417366946779,80.08286852589642,NA,88.91403846153845,84.56784615384618,79.38071428571429,NA,NA,35.79659413084113,40.00712703081233,48.60047844621514,NA,47.96096487179487,47.2128385,49.00689538095238,NA,81.16793438312506,111.42310179260703,95.18110399639,45.79422669320844,56.16417751756439,51.28619503512882,Michael McGreevy,29869,700241
Framber Valdez,DET,133,64.9290909090909,97.11418143899897,NA,NA,123.15352941176471,115.30677471636953,95.19477157360404,NA,NA,33.44916545454546,45.669046871741394,NA,NA,48.64299336633663,58.29224768233387,39.82360598984772,NA,102.47038129140388,97.16326013049506,101.38764046749124,49.168192464788746,52.66034321596244,51.35124909859154,Framber Valdez,17295,664285
Josh Hader,HOU,30,NA,118.25824561403508,NA,NA,114.37859649122805,NA,NA,NA,NA,NA,67.54184778947369,NA,NA,58.685902923976606,NA,NA,NA,116.86557814992022,111.00324960127593,124.48781499202549,60.56878291666668,57.493121447368445,62.63047934210527,Josh Hader,14212,623352
Bradgley Rodriguez,SDP,56,109.01612334801762,100.38412556053817,NA,NA,117.68029850746267,NA,94.21864583333335,NA,NA,64.45021959999998,63.13193914798206,NA,NA,55.95029952380953,NA,58.83124071808512,NA,102.44948209438088,105.1868335013415,107.21238949209904,59.31893417314096,55.74018854605994,57.040609256381806,Bradgley Rodriguez,29107,699134
Carmen Mlodzinski,PIT,99.2,80.39377398720683,95.64208053691276,84.08113207547169,98.21999999999998,97.39739999999999,95.73508021390374,NA,NA,NA,33.820811897654586,49.413861610738266,44.88767186046512,45.165253858447485,46.57982457627119,51.533027914438506,NA,NA,92.01168142355262,104.57640049495313,96.18271656085548,45.812335636792454,54.90862923349057,50.62446573113207,Carmen Mlodzinski,27572,669387
Trey Yesavage,TOR,93.2,91.16950138504156,NA,NA,136.7795067264574,105.81364829396325,NA,NA,NA,NA,56.84695206371192,NA,NA,60.769391434977585,39.42276538057743,NA,NA,NA,107.87601520642363,89.87588575030293,96.74068035473597,53.50743207230471,47.09550418979987,49.545895358295674,Trey Yesavage,35456,702056
Tyler Mahle,2 Tms,106.2,94.12145369284879,76.5494117647059,80.01328903654486,82.20168103448276,84.33875,NA,NA,NA,NA,47.58927548651817,22.74588705882353,45.225248538205975,41.53170696120689,49.431289748475606,NA,NA,NA,87.71662806258227,109.16638075900528,100.2196151581914,47.431069535410764,59.28470202832861,53.74756800566571,Tyler Mahle,16358,641816
Walker Buehler,SDP,114.1,90.15447028423772,97.23327913279131,92.38020449897752,NA,100.82851250533504,NA,87.4994923857868,107.92595505617977,NA,42.21945780361757,41.21546615176152,42.4544563803681,NA,46.85716983098592,NA,57.591017106599,44.07609134831461,95.30203473731731,99.0096138637814,96.54728872075636,47.63561864878543,52.44004597165991,50.36557955465588,Walker Buehler,19374,621111
Kyle Freeland,COL,120.2,87.58559829059828,88.25709090909089,92.43784688995214,NA,103.00845070422535,NA,76.51269961977185,96.83307506053269,NA,45.61358965811965,46.501403333333336,48.318785861244024,NA,49.715878254716976,NA,32.924357072243346,51.33740784503632,90.83082518705868,103.17033211729715,93.80699829195547,48.01333778350515,53.85265965463918,49.697300298969076,Kyle Freeland,16256,607536
Gage Jump,ATH,78,101.36113029827317,87.04285714285716,NA,NA,115.94382387982385,125.22,92.9153846153846,NA,NA,58.01439224489795,40.089011320754715,NA,NA,52.390231186868675,52.41324366013072,44.49575085470086,NA,106.93657678236376,97.88163407272388,102.28240082309448,53.06432040470934,52.37750167034584,54.61767822663724,Gage Jump,35418,695611
Will Warren,NYY,118,110.04749326145553,103.18542750929367,NA,NA,96.5541052631579,105.27450980392157,96.13111111111111,NA,NA,62.09454406162465,53.509728327137545,NA,NA,62.30949239473686,57.122293235294116,52.70942588477366,NA,103.70494057097179,105.03069147976825,110.48181380391713,56.817275590433475,57.403952202291975,58.97346613353263,Will Warren,30182,701542
Clay Holmes,2 Tms,63.1,72.44000000000001,95.66207739307536,99.24848484848485,NA,104.87298055347794,129.7324050632911,94.5761379310345,NA,NA,22.27479,50.14286130346232,63.21507257575757,NA,51.388722251308906,53.85694164556963,50.325664137931035,NA,100.00534980727635,100.64053083493069,99.02978835672525,51.795675470347646,51.614245460122696,54.89533768916156,Clay Holmes,13649,605280
Shota Imanaga,CHC,137.1,94.68476190476191,78.75957746478872,NA,89.40214386459802,98.44495341614908,90.935593220339,NA,NA,NA,50.587337449584815,36.49777193548386,NA,40.04502423021582,48.79298991666668,44.2718354237288,NA,NA,92.45018121167895,110.22172115425766,102.75134298007683,47.998195422670506,53.034251210374634,52.22189012007686,Shota Imanaga,33829,684007
Jack Flaherty,DET,86.1,105.81129032258066,76.76027397260275,NA,NA,90.32881612090681,NA,74.99190476190476,104.9567601246106,NA,43.93386222084367,51.39141273972602,NA,NA,43.726658513853906,NA,43.048917380952375,38.45921199376947,99.83762672794673,94.70336204064243,94.23676113343811,43.533435710799274,51.54388505796217,47.13527364246491,Jack Flaherty,17479,656427
Bryan Hudson,CHW,51.2,108.59423008849556,95.68857142857144,93.85538461538461,NA,106.4774774774775,NA,NA,NA,NA,53.151103469750886,55.55843476190476,59.26621583333334,NA,60.67702288288288,NA,NA,NA,107.17599851343793,93.2334590852001,98.09888905488012,53.388134561611366,59.51690468009479,57.83974908767773,Bryan Hudson,19924,663542
Steven Okert,HOU,61.2,93.34279069767442,90.54857142857144,NA,NA,125.19083202511779,NA,76.28999999999999,NA,NA,45.098495310077524,53.513263255813946,NA,NA,51.76824459968602,NA,NA,NA,114.58371791487288,106.2694427747543,116.66702562748759,52.426213938753946,56.05772480464627,58.32157274551214,Steven Okert,13580,595345
Mason Montgomery,PIT,48.1,109.46672566371683,107.14038095238095,NA,NA,114.08705035971222,122.88114754098362,81.3695652173913,NA,NA,69.13182205752214,64.08068333333333,NA,NA,67.41863604316546,70.25948892561982,43.98661826086957,NA,111.02423745024038,105.34173518844023,116.28205390839065,63.34043703923903,51.862980023781205,59.57101933412603,Mason Montgomery,29770,682254
Aroldis Chapman,BOS,40.2,105.74691666666668,114.44703862660947,NA,136.0235135135135,126.34551724137933,NA,NA,NA,NA,68.073934625,67.08407901287553,NA,67.85219013513513,62.5288,NA,NA,NA,115.7690247721656,107.59195694315726,120.18746271624963,61.971284292168676,54.697606280120475,62.33816555722893,Aroldis Chapman,10233,547973
Kumar Rocker,TEX,116,81.37300813008127,100.23873462214412,82.08427046263346,81.14470588235294,94.53617765814268,NA,72.46370370370371,NA,NA,35.65595020325203,50.8489460456942,46.92326548042704,38.437985,46.87822433378196,NA,37.95195444444444,NA,91.63876847052447,96.3365220929838,90.67594378085941,48.51366642783505,49.41813468556701,47.71283569587629,Kumar Rocker,31843,677958
Janson Junk,MIA,87.2,97.54027777777779,89.55099999999999,NA,NA,104.92283333333334,93.6387878787879,103.24679841897236,NA,NA,51.52260099206349,48.7619594,NA,NA,49.294328895833345,44.95533919191919,65.56929754940711,NA,100.51821716890164,108.961300421625,108.40505022580221,53.033503550465284,59.594907043665,58.83859340014318,Janson Junk,23301,676083
Brandon Woodruff,MIL,45.1,100.25758007117437,94.61430894308944,87.85476923076924,NA,115.376,90.67357142857144,88.17558823529413,NA,NA,43.57934309608542,40.96629894308943,35.27903815384615,NA,48.842854,40.14755928571429,55.164060441176474,NA,95.01164595415634,104.86660775108166,99.07171131363343,45.68580685446009,59.36529302034429,53.2115897339593,Brandon Woodruff,16162,605540
Bryan Baker,TBR,47.1,105.42640826873384,NA,NA,NA,118.43307692307692,NA,130.40516516516516,NA,NA,63.72799903141361,NA,NA,NA,48.58197615384615,NA,70.17527758409786,NA,117.02324119441617,106.60740373948416,119.16770800591658,63.104019319727875,60.48835787755101,63.64022576870748,Bryan Baker,19804,641329
Chad Patrick,MIL,87.2,97.29435754189943,91.19042944785276,106.6723305785124,NA,NA,104.47419354838709,82.595,NA,NA,41.033348240223454,43.69061714723927,34.58515259504131,NA,NA,45.49836717741935,42.1380725,NA,100.44261621486204,98.64984521242269,99.47169014222311,43.328138457746476,47.08231749295775,45.21387792957747,Chad Patrick,30113,694477
Bryce Miller,SEA,85,108.54414048059148,84.31119999999997,93.1390476190476,112.69963302752294,106.81371980676326,NA,NA,115.25127272727273,NA,58.70291911275417,45.755433200000006,54.34952219512195,50.167133119266055,50.67718333333333,NA,NA,44.42530654545453,107.42416499833031,111.05707219407181,116.15492808923916,53.73775099369086,58.08729901419557,59.930342712933744,Bryce Miller,29837,682243
Luke Weaver,2 Tms,47,104.34097421203438,NA,94.36259999999999,NA,93.28,NA,101.30902953586495,NA,NA,58.64445042641229,NA,41.13889420869565,NA,39.08789,NA,51.19351538209096,NA,101.80561572535989,106.74069172203764,109.61890448504982,53.49701100857629,58.014787630510654,56.9987143863853,Luke Weaver,16918,596133
David Peterson,2 Tms,111,80.43173814898421,96.7044927536232,NA,NA,87.85716346153846,88.16231578947368,88.14480349344977,NA,NA,54.845431467268625,51.00465682971015,NA,NA,48.45838115384616,57.638320105263155,48.008574585152836,NA,88.8063181534452,101.40128594499724,94.23969627996986,51.4313402618658,50.86813201854882,50.080861456628476,David Peterson,20302,656849
Bryce Elder,ATL,137.2,80.91393939393937,86.22229965156794,81.80250000000001,NA,88.2289344262295,NA,84.44088105726873,NA,NA,41.604801818181805,38.762605034843205,35.78456682692307,NA,42.80052370901639,NA,38.38246845814979,NA,84.6257279630551,105.44401190091072,94.16792921471355,43.785161870155044,54.45400447674419,48.79097045058139,Bryce Elder,27779,693821
Rhett Lowder,CIN,94.1,80.41528700906345,83.69314655172413,NA,NA,92.10733333333334,89.38896551724137,86.47664634146342,NA,NA,39.78054716012084,34.45843831896551,NA,NA,48.482659844444456,52.332006666666665,50.8177893597561,NA,86.04136589547169,103.70884507556099,92.23207940056272,46.60311499376559,55.65865008728179,51.812602861596005,Rhett Lowder,33876,695076
Jeff Hoffman,2 Tms,53,117.14192052980133,103.7930612244898,NA,96.66122065727698,103.97140142517816,NA,NA,NA,NA,60.53806586092716,55.922908415110726,NA,53.45370122065728,57.83535693586699,NA,NA,NA,106.46401260006822,97.8818849541542,104.05875500090286,58.880731654822334,48.162675218274096,53.09677439593908,Jeff Hoffman,17432,656546
Connor Prielipp,MIN,87.2,85.23524249422633,95.30362745098039,NA,NA,111.36607142857143,127.5317054263566,98.02208588957055,NA,NA,51.05498457274827,39.607327205882356,NA,NA,58.56850236607143,59.663466124031,47.14959754601227,NA,103.01090196888784,103.49829954107193,103.33424140453546,53.76275772395488,53.63497846715327,54.17627414731255,Connor Prielipp,31857,687570
Martín Pérez,ATL,106.1,76.14099999999999,88.0057848324515,92.50233695652172,NA,NA,84.64887096774191,82.07363999999998,NA,NA,38.784297,33.45261201058201,32.56355644021739,NA,NA,41.031169274193545,35.904592320000006,NA,86.38023852354846,101.85810591730053,91.41105021132478,41.55655759609518,56.132947834045154,47.376387492373404,Martin Perez,6902,527048
Samy Natera Jr.,LAA,27,107.77759358288772,NA,NA,88.828,124.11277108433738,NA,NA,NA,NA,66.90231791443851,NA,NA,37.526266,54.03322397590362,NA,NA,NA,110.51304885590598,91.67345392702536,103.04265615337044,59.15243383116883,51.02288021645022,54.47974281385281,Samuel Natera,31936,696519
Freddy Peralta,2 Tms,128,95.35277378097523,NA,NA,NA,111.25698437021146,98.34688741721855,83.89504950495049,NA,NA,60.042198752997614,NA,NA,NA,52.55697346613546,48.60964341059603,56.78926455445543,NA,95.73956395623713,103.68004251381133,100.26551931404234,54.80154913638307,50.068081094484825,51.25103768704575,Freddy Peralta,18679,642547
Tyler Rogers,TOR,57.1,NA,139.0898734177215,NA,NA,130.81010638297874,NA,NA,NA,NA,NA,53.924273006329116,NA,NA,48.19864478723404,NA,NA,NA,137.14581594589058,98.80504652592744,125.56492477966798,51.20106146341463,57.48891064634147,61.4911939390244,Tyler Rogers,15541,643511
Griffin Jax,TBR,91.2,108.45047999999998,98.88591065292097,92.9708,NA,105.91937853107345,119.15193798449612,99.67384146341463,NA,NA,59.03731148000001,58.71569714776632,54.6752884,NA,67.13977005649718,66.089957890625,54.03354018292683,NA,104.18176907786666,105.47894974041387,112.11161080136526,60.45822808677099,56.33855485064012,59.67892854907539,Griffin Jax,20253,643377
Tyler Wells,2 Tms,59.1,91.57426356589148,NA,101.61402390438245,NA,98.65057971014495,96.48487804878047,96.71301435406698,NA,NA,52.43445434108529,NA,30.82470960159363,NA,32.617994565217394,39.03011048780488,52.62428693779904,NA,96.94095916280612,108.46926160241001,104.89720239650065,46.703044236343366,58.052024303233004,54.053335886287634,Tyler Wells,20000,669330
Tyler Alexander,TEX,53.2,107.39664429530202,105.15751479289938,93.67947916666667,NA,109.49526315789471,NA,87.17653846153846,NA,NA,42.21332644295301,44.105203609467466,42.90246838541666,NA,52.31548197368423,NA,45.024302980769235,NA,99.4515859032079,105.53804928744384,103.12909904717921,48.86709975834291,59.05701310701957,55.29774882623704,Tyler Alexander,17735,641302
Abner Uribe,MIL,48.1,99.92,100.12104821802934,NA,NA,123.79003584229393,NA,NA,NA,NA,48.56842,59.60149773584905,NA,NA,65.15017372759856,NA,NA,NA,108.79988395677246,98.55149278722655,105.13589238023759,59.92715252631577,51.69973119736842,56.017543526315784,Abner Uribe,25327,682842
Tyler Glasnow,LAD,39.2,105.25344827586208,100.80749999999999,NA,NA,95.541875,154.5248,NA,92.32425196850394,NA,60.887546321839075,59.19356578947369,NA,NA,54.48524354166667,68.98352919999999,NA,51.64242348837209,103.9749798046398,95.27197785103785,101.36859164835164,57.37929365,51.17791630000001,52.28540121666666,Tyler Glasnow,14374,607192
Kevin Kelly,TBR,55.2,123.70325581395346,117.65546539379474,86.47333333333331,NA,114.73843750000003,NA,107.86852631578945,NA,NA,55.90405349999999,62.47591658536585,50.54558666666667,NA,62.87278190476191,NA,52.344270918918916,NA,115.03771491228068,93.62580680868838,105.85440100250625,56.91699555555555,56.584398091168076,60.83772454415954,Kevin Kelly,25679,687330
Jonathan Bowlan,PHI,44.2,115.51367088607594,114.82120481927713,NA,NA,117.21109249563699,106.7,88.11046728971964,NA,NA,64.60070275316455,63.01243180722892,NA,NA,57.74423869109946,49.69939125,57.14214953271027,NA,111.61226344698849,102.90559600596359,114.68901111771898,59.09367676553673,50.15124122881357,56.248439449152556,Jonathan Bowlan,24607,680742
Tanner Bibee,CLE,150.1,92.09364839319471,102.61284644194758,103.81242582897033,NA,116.08982758620688,93.03872000000001,122.04310850439884,NA,NA,42.02739879017014,43.67933397003745,63.633276178010476,NA,53.86420973451327,50.586930760000016,55.41466964809384,NA,103.0130936205087,100.73658549433394,101.97526908039123,50.4607773410158,55.7492934869825,54.907706594110124,Tanner Bibee,30134,676440
Michael Petersen,MIA,51.1,112.78115163147793,105.32,NA,NA,117.45636363636366,NA,98.5626168224299,NA,NA,68.6815761612284,63.13192,NA,NA,54.45962177339901,NA,58.54754831775702,NA,112.36047764822369,101.97164695555782,112.91820985798414,60.441963220930226,51.798926162790686,58.7847466511628,Michael Petersen,20827,656848
Andrew Morris,MIN,58.1,100.60708423326135,93.96495726495725,113.79555555555554,NA,133.8551923076923,103.39764705882354,107.17965517241382,NA,NA,49.56813336933046,42.369395897435915,57.04895373737374,NA,56.95874192307691,39.825981176470584,50.238006896551724,NA,106.6302213603035,99.54844317883979,104.01307570531372,50.240080767716535,56.07122198818897,52.56897612204725,Andrew Morris,31891,702193
Gregory Soto,PIT,51.2,111.1305128205128,104.22119760479046,NA,90.38,119.95209950248756,NA,NA,NA,NA,55.59024564102562,58.719039131736544,NA,40.46698,58.28062480099506,NA,NA,NA,112.5020201665118,90.24802266737959,97.99789067222481,57.37383265397537,48.45856330347144,52.43301115341545,Gregory Soto,19677,642397
Bailey Ober,MIN,99,81.25239436619715,75.47090909090907,NA,NA,97.69853039543577,82.95120000000001,97.99867424242426,NA,NA,36.122056156941646,40.39450590909092,NA,NA,40.45890509049773,46.591013200000006,54.65734767045455,NA,91.60894259481167,92.94341144120988,87.32267999834943,46.68324181640625,52.67351421223959,47.83911593098958,Bailey Ober,21224,641927
Jared Jones,PIT,64,92.12087499999998,NA,NA,NA,110.14333333333333,113.73783783783784,98.49374999999999,NA,NA,58.08634204166667,NA,NA,NA,59.93969169398907,61.49780567567568,51.250849843750004,NA,100.71371288670147,106.71750286259542,110.10492043742465,57.817781030534356,53.819556507633585,56.48452825381679,Jared Jones,27863,683003
Mitch Keller,PIT,115.2,91.0236815920398,86.75931677018635,83.59628571428573,NA,102.06746887966807,90.15426900584794,81.24142011834319,NA,NA,45.12697474295191,42.515979378881994,48.50151731343284,NA,53.721984688796674,46.94241222222222,46.17806792899408,NA,91.61403127234465,101.1856440221819,93.47493687655346,48.54479040783898,54.14408007944915,52.192573448093206,Mitch Keller,17594,656605
Antonio Senzatela,2 Tms,57,96.36103343465044,101.49421874999999,112.39410909090913,NA,118.96857142857141,105.64714285714284,89.72226415094339,NA,NA,52.94288662613982,60.750525429267476,47.24215961473769,NA,39.2580285,44.48578928571428,45.895314339622644,NA,103.1919886936442,107.40982608205908,107.63102026484749,49.688970584269654,56.46726315730337,55.75618313483146,Antonio Senzatela,15488,622608
Luis Castillo,2 Tms,110.2,96.99915592028138,93.61009063444108,86.2,NA,104.48401590457256,NA,84.62952755905512,NA,NA,43.5983672098476,52.88826577039276,23.36551,NA,49.70139926441351,NA,55.84799358267717,NA,96.72555478272392,108.24830369626825,102.22778538053487,48.55967670957776,57.96235964469619,54.07422711637487,Luis Castillo,15689,622491
Anthony Kay,CHW,121.1,94.50153846153844,110.40320000000001,102.0945108695652,NA,109.74363305553848,NA,102.7742765273312,NA,NA,54.536740332640335,58.69633824,47.31609467796611,NA,49.25605800648298,NA,54.206920353697754,NA,104.24470165521613,102.37517678447179,107.35417060106657,53.23377786710037,52.39627302044609,54.791301974907064,Anthony Kay,20387,641743
Edgardo Henriquez,LAD,49,120.91612648221344,132.55657407407404,118.00914285714288,NA,136.72847457627117,112.38097560975609,NA,NA,NA,65.42694652173915,72.73374037037037,74.20150866666665,NA,58.59695677966102,58.58967424242424,NA,NA,126.59119809032973,80.1888310470091,106.49641023388602,61.287835006289306,47.64667710691823,54.75241871698114,Edgardo Henriquez,26944,683618
Carlos Rodón,NYY,46.1,106.99277173913042,106.11606837606837,NA,NA,112.83611940298506,93.82461538461537,106.79317829457364,NA,NA,61.04484839673913,55.07903786324787,NA,NA,53.89211079601991,45.93537,51.840274341085276,NA,108.05750768555116,84.38834776334778,91.8422407302842,55.41719670289855,44.3526586352657,48.047500471014494,Carlos Rodon,16137,607074
Andrés Muñoz,SEA,45.1,106.53626666666668,107.91213114754099,NA,NA,130.02686486486496,NA,119.52444444444444,NA,NA,66.19909756666665,71.62810766666666,NA,NA,55.540731540540555,NA,72.55137083333334,NA,118.69827473943444,89.77949510891527,106.69117119177777,60.59843748370272,46.944639282920456,52.90671597131682,Andres Munoz,20373,662253
Emmet Sheehan,LAD,95.1,101.71030303030304,NA,NA,NA,98.1217254901961,91.47494623655912,104.23862318840578,NA,NA,52.73557150137741,NA,NA,NA,50.33451949019608,46.77607951612904,63.15926916666666,NA,99.91968474994775,106.46245510276256,107.60219334673262,52.68178931176472,51.63982812352942,52.1079209882353,Emmet Sheehan,29839,686218
Brooks Raley,2 Tms,46.1,NA,93.84093959731545,96.94921568627451,NA,133.24012213740457,NA,92.8290909090909,NA,NA,NA,56.87152053840418,51.485584328431386,NA,57.570664047912935,NA,47.269323316666664,NA,109.33271390534547,92.84602906434486,100.62232871159188,56.70725970955896,49.46618038155265,55.0065057904342,Brooks Raley,10061,548384
Yennier Cano,BAL,41.1,79.14533333333334,108.21377906976747,NA,103.49017341040462,123.76315217391303,NA,NA,NA,NA,38.287483333333334,54.37593136627907,NA,46.33871064705884,53.79034340659342,NA,NA,NA,108.70338353602892,109.85205675826099,118.96609617110833,52.149585872274145,54.801525373831765,57.38841517133955,Yennier Cano,25911,666974
Nick Pivetta,SDP,16,107.05775000000001,88.55499999999999,74.11655172413793,NA,120.84108108108107,90.55428571428571,NA,NA,NA,57.549401124999996,40.8397525,42.59325655172414,NA,59.56192351351351,50.426957959183675,NA,NA,102.32233215547703,103.22565371024736,106.50219081272084,52.41561,51.984660494699654,56.04260766784452,Nick Pivetta,15454,601713
Matthew Liberatore,STL,119,85.70288025889968,90.30597701149425,88.23073170731708,117.96666666666664,109.15512195121951,119.72850439882696,84.69795221843005,NA,NA,44.77719126213592,31.68397798850574,47.81196407407407,55.194230000000005,55.81595292682928,61.05179739002932,39.13872641638225,NA,97.72982910830207,100.05374245649767,96.03363735945929,50.35873867164181,52.46745723880598,50.618640810945266,Matthew Liberatore,22294,669461
Robbie Ray,2 Tms,131.2,105.31873825503358,85.57878787878788,NA,NA,96.16381651376146,NA,82.33960975609754,90.08133333333332,NA,53.30578806812712,33.35086545529701,NA,NA,42.013814958612826,NA,30.931833509199826,34.13949827272727,94.61550060611458,90.92293184077296,87.25872346420321,44.33973870641615,47.45192990657035,44.75873827983665,Robbie Ray,11486,592662
Alex Vesia,LAD,42.1,124.31256594724219,NA,NA,NA,105.42753036437247,NA,104.86902654867254,NA,NA,61.342468752997625,NA,NA,NA,48.92460518218624,NA,44.63245380530972,NA,115.48317538317539,91.30216918216922,106.76069966069967,54.11529797940798,50.34917043758044,53.16204639639641,Alex Vesia,25007,681911
Brandyn Garcia,ARI,35.2,NA,104.30871794871796,90.64399999999998,NA,148.29639135919268,NA,NA,NA,NA,NA,61.484881452991445,50.39953053571428,NA,60.50404086092717,NA,NA,NA,116.59585515265007,100.43160097731408,114.66454848324096,58.352919667359664,55.69079609147608,58.565078108108075,Brandyn Garcia,33568,805299
Sean Manaea,NYM,111,97.61403556771546,97.01931398416885,91.76030534351143,NA,119.23641025641024,NA,84.7890909090909,NA,NA,38.71790839945281,54.605786385224285,48.6234648091603,NA,52.42715726495726,NA,44.83136454545453,NA,103.31559889451255,96.99474734583276,96.25278250854305,47.75035625264272,54.40774252642707,53.050632526427066,Sean Manaea,15873,640455
Huascar Brazobán,2 Tms,59.2,107.95178571428572,94.2287048832272,98.79142857142857,NA,120.02,NA,96.49892351274791,NA,NA,51.265670535714285,52.85845876763619,39.81762321428572,NA,NA,NA,48.921919513486884,NA,96.30212690867685,99.72748712504408,97.4034962952492,51.61439636548459,53.653151071784855,52.725186934454484,Huascar Brazoban,6107,623211
Gabriel Hughes,COL,37.2,83.54107648725211,86.4542857142857,NA,NA,98.47322033898305,82.24499999999998,82.26064516129033,NA,NA,52.048246798866856,45.10368857142857,NA,NA,44.84676889830508,49.5453446875,42.234985806451604,NA,86.24419906103286,104.79912237871676,92.22723004694835,47.961150359937406,54.488049906103285,52.905800422535215,Gabriel Hughes,31614,687312
Robert Suarez,ATL,32,118.42325791855203,102.10785714285714,99.5113043478261,NA,NA,NA,99.61162162162165,NA,NA,62.13063162895928,53.90668666666666,58.75285536231884,NA,NA,NA,64.20450148648646,NA,108.6066901720446,102.60958539466884,110.70136232740158,59.04619674518203,57.33692218415419,60.31405066381156,Robert Suarez,30115,663158
Anthony Bender,MIA,34.1,97.83500000000001,95.32842105263158,NA,NA,124.59790736984448,NA,97.12,NA,NA,52.303498749999996,65.54593461988307,NA,NA,58.07940770114942,NA,52.882469166666674,NA,114.29115313258173,101.33127729413442,108.66191665477379,61.01671103896103,56.77493944341374,63.82780419294993,Anthony Bender,19742,669622
Colin Holderman,CLE,49,108.90705882352941,94.39304347826086,127.16,NA,120.23338521400784,132.99285714285713,NA,NA,NA,47.269118235294115,52.378753324808166,57.06987,NA,59.72679202334632,56.98867249999999,NA,NA,108.030945764652,93.76399620821888,96.89705945512817,55.01051260416668,48.39162645833334,53.619164309895844,Colin Holderman,22361,670059
Jacob Webb,CHC,54,102.65480392156866,NA,NA,NA,101.59721922731356,86.06862068965513,95.82119760479044,NA,NA,56.77102683823529,NA,NA,NA,50.56262622641509,42.279755365853646,55.15448173652696,NA,98.83849647856154,106.95127431602121,102.85739136370722,54.07749183222959,57.35869153421633,57.1708495584989,Jacob Webb,19274,657097
Calvin Faucher,MIA,52,90.20210526315788,103.99089552238804,101.7042073170732,NA,107.49433604336043,114.54526315789471,NA,NA,NA,51.231319466666655,50.611795263157894,55.429180548780494,NA,60.01072782786886,65.27730083333334,NA,NA,104.45908780991378,94.08710784893364,99.06783736430674,57.54297513071896,45.48779205882353,53.48383450980391,Calvin Faucher,20116,676534
Roki Sasaki,LAD,111,98.50092731829575,NA,NA,126.96482109227873,108.9992098765432,NA,NA,NA,120.60157894736841,58.16937894736842,NA,NA,75.61930568738228,48.33392039267016,NA,NA,NA,110.90723535532723,99.4573820050941,111.60803329360918,60.76918945416005,52.196562596714365,58.892254345522005,Roki Sasaki,35323,808963
Kris Bubic,KCR,50.1,97.8177245508982,88.49708737864077,NA,NA,90.67603773584905,NA,92.2251851851852,NA,NA,56.94664098802396,51.64205213592233,NA,NA,57.181356226415105,NA,53.41454845679013,NA,93.64518268289244,99.64548170350176,96.68142611806924,55.41096947044336,52.9948125,51.62063561576355,Kris Bubic,21455,663460
Tyron Guerrero,BOS,31,NA,112.01050505050505,NA,111.883,113.56545454545457,NA,NA,NA,NA,NA,59.839739924242416,NA,69.78180333333334,62.132152363636365,NA,NA,NA,112.11413003015078,107.41101403464953,115.6084752112819,56.1850812314225,58.81709503184714,61.815072335456485,Tayron Guerrero,11691,594027
Enyel De Los Santos,HOU,57.1,96.61662468513853,NA,NA,NA,98.19810909090911,NA,87.06725663716813,NA,NA,42.6651707556675,NA,NA,NA,46.317637927272735,NA,51.9661825221239,NA,94.7273112860443,109.1470844528108,103.22791537605887,47.86504589543937,56.95352826473861,52.970958120133474,Enyel De Los Santos,18403,660853
Patrick Sandoval,BOS,34,84.70532258064516,98.35607142857144,NA,NA,111.39894736842106,98.41384615384617,107.88342465753425,NA,NA,45.334792016129036,42.14719098214285,NA,NA,49.74799690058479,48.45470192307692,46.61428787671233,NA,101.67864526728168,96.64597582037996,100.72037491048486,49.06802982728843,52.910138808290164,50.81618601036269,Patrick Sandoval,19447,663776
Jack Dreyer,LAD,50.1,109.52401069518719,NA,NA,NA,100.1110891089109,101.23852459016393,NA,NA,NA,64.70242157333335,NA,NA,NA,52.77398795379539,58.09550549180327,NA,NA,104.65235863687784,103.74633725678734,108.29147833710405,57.444639487500005,52.80066186249999,55.44861182500001,Jack Dreyer,30249,676263
Jakob Junis,TEX,42,84.9885964912281,84.53877192982453,NA,NA,106.6092509363296,NA,77.10365217391305,NA,NA,45.862740789473676,42.31121921052631,NA,NA,45.39527842696629,NA,47.45968713043479,NA,95.28925870292048,107.18067623004505,101.37086461235319,48.3345020819672,59.84166208196721,56.838906508196715,Jakob Junis,13619,596001
Brady Singer,CIN,125.2,95.49259259259259,98.7938068181818,75.44394904458596,NA,86.94848253880266,NA,NA,NA,NA,46.717311481481474,39.31197296401514,49.77052698717949,NA,47.21939757206208,NA,NA,NA,92.08875960867867,96.6774125466757,88.6278163821591,47.08807936405529,53.70225899539171,50.340804036866366,Brady Singer,25377,663903
Slade Cecconi,CLE,110,97.05688888888889,93.12471502590675,89.98552462526766,87.42,97.15979863221884,95.16254545454548,91.87658536585366,NA,NA,44.29370292929293,34.33522367875648,46.371769079229125,NA,47.11456063829786,44.22679618181818,45.07983853658537,NA,94.0401831833959,100.42319513198723,90.59802317547788,44.64168609374999,54.843611621767245,50.16751007543103,Slade Cecconi,27500,677944
Robert Gasser,MIL,73.1,112.48682926829268,101.66496402877698,89.96361990950224,NA,121.02313479623824,NA,81.81333333333332,NA,NA,49.52180588850174,46.52607485611511,54.00006348416291,NA,60.26511601880879,NA,51.13113990990992,NA,105.37937638739625,94.53012306950524,95.33894432309737,53.7151938569079,55.77430428453949,54.71779824835526,Robert Gasser,29812,688107
Devin Williams,NYM,38.2,104.01020942408377,NA,102.92,NA,NA,NA,116.47560830860533,NA,NA,53.381775267379695,NA,50.921985,NA,NA,NA,78.41658555891242,NA,109.71433465679621,99.17482621224933,109.03827921651,62.02435207282912,55.37969039215686,58.847652352941196,Devin Williams,15816,642207
Brennan Bernardino,COL,50.2,98.25644444444447,90.72515151515152,83.50729166666665,NA,118.29777777777778,96.43610486891384,75.84448275862069,NA,NA,29.712837419354834,43.780348878787876,42.25599842105263,NA,42.06876,42.713488014981266,37.163941551724136,NA,91.42833365375137,104.96414593050156,93.92054608824577,42.93308551552794,51.4866533167702,49.19276267080743,Brennan Bernardino,16835,657514
Raisel Iglesias,ATL,45.2,104.66354243542433,95.43125,NA,NA,127.50476190476192,NA,82.16141176470587,NA,NA,47.7566008487085,51.866525104895096,NA,NA,57.72335761904761,NA,41.279679372549005,NA,96.08455008488966,105.51075416451364,100.04786484092419,47.98399806451614,61.986461486676035,56.24835509116409,Raisel Iglesias,17130,628452
Hunter Greene,CIN,27.2,107.28345991561181,99.53857142857143,NA,114.50521739130434,117.57875862068964,NA,NA,NA,NA,59.78448210970464,46.27033642857144,NA,52.12225304347827,52.97424275862069,NA,NA,NA,110.8229336124402,98.29488038277512,108.54410984848485,55.05968802631579,52.96721201754386,55.852096271929824,Hunter Greene,22182,668881
Connelly Early,BOS,91.2,106.09354477611943,95.84763157894734,NA,NA,102.24791562347117,105.31698795180722,103.32609318996415,NA,NA,57.951292369402985,53.60059914473684,NA,NA,54.18603592592593,54.53974777108433,58.62702021505376,NA,102.79623532090781,96.78395972675564,99.81456868765467,54.77728738391105,50.200778665794644,52.82777607586658,Connelly Early,33666,813349
Tim Mayza,PHI,56.1,83.38342857142857,100.86073359073356,NA,87.23565217391304,95.56807017543862,NA,NA,NA,NA,38.96129161764706,47.15125206563705,NA,43.29711857142858,56.9393370877193,NA,NA,NA,97.43639711040665,114.57792585628002,113.46277377513503,50.85437233258931,59.160011406249986,57.298666171874984,Tim Mayza,15042,641835
Yohan Ramírez,PIT,67.1,101.20614785992217,103.56102941176466,NA,NA,120.70441880053913,104.96791366906476,88.16400000000002,NA,NA,61.75711136186771,64.68133419117646,NA,NA,67.00508768867924,61.968233237410054,53.974136,NA,109.69354333344018,93.14625070844474,100.20057949377002,62.85504373746581,48.65606845943482,54.70664693710117,Yohan Ramirez,19444,670990
Daniel Lynch IV,KCR,50,98.98434782608696,111.83744493392068,NA,NA,114.14249999999998,NA,98.80388888888885,89.95333333333333,NA,54.07812304347826,60.65304286343615,NA,NA,47.666354147727276,NA,50.59408638888889,42.2358805882353,105.75680672268903,96.65834131783556,105.61427314851176,52.91625070761015,51.9590247129506,53.15621931909213,Daniel Lynch IV,21537,663738
Aaron Nola,PHI,130,106.98608058608058,103.37729216152019,91.08895705521472,NA,89.44666666666667,NA,66.32882191780821,124.20589333333336,NA,51.58671250915752,42.17900166270784,54.19692975460123,NA,46.60956571428572,NA,44.40489150684931,57.199670853333345,104.15853024239749,103.01722622456558,106.48908103769733,50.60153233348038,57.267711671812975,55.60334425231584,Aaron Nola,16149,605400
Matthew Boyd,CHC,85,87.228664495114,100.78333333333335,NA,NA,108.61343434343434,106.70542168674697,98.65400576368877,NA,NA,41.15638509771988,53.154583333333335,NA,NA,51.91248267676767,46.572772710843374,48.29179553314122,NA,95.82402625504012,107.7656189806085,100.65486269807148,46.23040989481593,55.78586126220886,52.3317341472577,Matthew Boyd,15440,571510
Randy Vásquez,SDP,111,102.53999999999999,88.41969696969696,96.07694760820046,NA,107.19977475351374,96.56800000000001,81.32841379310345,NA,NA,45.7369709540636,46.2778346969697,49.066801207289295,NA,53.778904889867846,56.2511024,55.50785248275862,NA,97.2284764194873,102.56733520908261,96.77837500810931,50.10028285242291,57.12123068281938,55.099459889867845,Randy Vasquez,24719,681190
Will Klein,LAD,41.2,96.08067010309277,NA,NA,NA,93.34669322709165,94.39333333333333,NA,NA,NA,53.904266005154646,NA,NA,NA,68.3701423505976,59.062137398373984,NA,NA,94.78583755474837,103.47139056418258,101.00413907510787,58.34886451443569,50.64401072178478,53.71268832020996,Will Klein,27787,694361
Yusei Kikuchi,LAA,31,106.91270833333334,NA,75.71230769230769,105.07984126984127,87.09925373134328,91.98359999999998,NA,NA,NA,62.7494015625,NA,52.674401538461545,39.76692304347826,52.95160947761194,50.6637496,NA,NA,98.04885307740639,102.4273645197311,102.22007427785776,54.441130211640214,52.24301502645503,51.805015731922396,Yusei Kikuchi,20633,579328
Zac Thornton,NYM,45.1,93.710875,92.77420289855073,99.10806451612905,NA,97.02877005347594,112.44857142857144,92.92869565217391,NA,NA,46.29545643750001,33.660165652173916,48.27637252688172,NA,42.80190823529412,46.64759428571428,44.09340826086956,NA,96.52055967416571,92.67994977106052,90.23323617463811,47.203702140625,50.06760964062501,50.63705671875,Zachary Thornton,33891,804267
Trevor McDonald,SFG,70.1,82.6309090909091,106.17407633587787,72.08444444444444,NA,90.4824406779661,NA,89.40586826347305,NA,NA,34.25402333333333,45.431475572519076,52.133900000000004,NA,60.006414610169486,NA,47.30973401197604,NA,99.12465028299667,100.41382108967149,99.29734562364344,51.79274482425308,54.215760448154654,53.45351748681899,Trevor McDonald,26448,686790
Peyton Gray,TEX,48.1,93.53463722397477,NA,NA,NA,80.94236024844723,NA,95.38691588785048,NA,NA,50.48777602523659,NA,NA,NA,42.997769631901846,NA,59.231877819314626,NA,91.74014882826175,106.06644115417859,98.85734604983689,53.2531645318352,57.80360808988764,56.84611384519349,Peyton Gray,25310,682608
Erik Sabrowski,CLE,34,112.0989705882353,NA,NA,NA,101.85413333333334,107.2650406504065,NA,NA,NA,65.55508977941177,NA,NA,NA,53.769214266666665,54.03246585365853,NA,NA,109.84795379537951,88.91421617161714,96.86476897689766,57.02443707037643,46.982485859247134,52.64022914893616,Erik Sabrowski,24978,681870
Riley O'Brien,STL,49.2,NA,108.45995959595956,NA,NA,106.01762057877812,NA,87.88285714285715,NA,NA,NA,60.9527903030303,NA,NA,55.10104897106108,NA,48.67140400000001,NA,107.29561223393789,97.54349976415128,102.34861547047413,56.83338199261992,50.66205157441574,53.222879643296416,Riley O'Brien,20348,676617
Fernando Cruz,NYY,51.1,84.9418505338078,81.87615384615385,NA,107.64482456140352,94.17779661016952,NA,NA,NA,NA,51.236043892857154,44.57511384615384,NA,54.95814122807018,53.08491703389831,NA,NA,NA,97.82424820687051,90.5910234050585,90.99866138165345,55.30263032842581,43.33822528878822,50.15640525481313,Fernando Cruz,7048,518585
Randy Dobnak,KCR,41.2,67.52969696969697,79.2923076923077,NA,NA,88.97518867924529,NA,80.96392405063291,NA,NA,26.70025742424242,28.58872322344323,NA,NA,41.09846193396226,NA,35.46468715189874,NA,81.54702294863822,108.54379076739781,90.6462473586592,39.94322143864598,52.97914922425952,48.60722559943582,Randy Dobnak,23798,677976
Kyle Hart,SDP,49.1,103.48166666666665,103.95330396475768,NA,109.7101863354037,108.86592261904761,NA,NA,NA,NA,54.2879358108108,44.84056823788546,NA,43.798558695652176,56.336799196428565,46.81879,NA,NA,107.11385847076852,97.65927949150608,105.76474280693428,53.699310817610055,54.52606883018868,56.47540841509434,Kyle Hart,19646,606996
Orion Kerkering,PHI,48.1,96.68271186440678,106.12886075949369,NA,95.09304347826087,120.0979274611399,NA,NA,NA,NA,57.038912271186426,53.445240258064516,NA,40.66343190476191,62.10855909326425,NA,NA,NA,108.52097879521611,97.45597828160541,102.8815547729107,58.00752496045198,53.65561655367231,57.454580384180794,Orion Kerkering,31776,689147
Luis Severino,ATH,62.2,112.05017391304348,103.05173745173745,92.27671111111108,NA,122.02266115391842,NA,88.3979661016949,NA,NA,56.2502195652174,51.71764942084942,46.880370577777775,NA,60.40240309904155,NA,48.042098474576264,NA,107.44848530709424,102.28609100689074,108.24520659800787,55.056370147329645,54.498520303867416,57.74479021178637,Luis Severino,15890,622663
Jonathan Loáisiga,ARI,48.1,97.00595041322312,117.8676470588235,95.22809523809524,NA,NA,113.0090756302521,97.73838095238092,NA,NA,54.518387809523816,59.47649008658009,57.817370285714276,NA,NA,57.43682669642857,47.52603436274511,NA,106.143709654499,115.53989570294806,122.00419512969012,53.22791692198582,58.87149171631206,59.87130687943264,Jonathan Loaisiga,19753,642528
Hunter Brown,HOU,68.2,104.70756892230577,110.90910662824207,NA,NA,88.0860606060606,NA,82.36666666666666,104.89771186440679,NA,55.25400358395991,54.575112074927944,NA,NA,46.95266424242425,NA,51.51818572649573,56.68686572033898,102.98585976627713,93.74524207011687,99.33886477462437,52.159243338898165,47.62609632721202,48.991821185308844,Hunter Brown,25880,686613
Justin Slaten,BOS,31.1,119.7465625,93.352,98.62881516587676,NA,121.43701149425286,112.64352941176469,NA,NA,NA,59.164421874999995,52.76411890624999,53.09220265402844,NA,60.18609827586205,66.7898111764706,NA,NA,107.59047987751532,101.31584120734907,109.29997812773402,55.8061675,53.14159433070864,57.02268966535432,Justin Slaten,25648,686580
Brock Burke,CIN,59.2,99.9753246753247,109.94031250000003,NA,NA,106.56632352941179,NA,112.19781818181815,NA,NA,51.22468316883117,54.22329921259843,NA,NA,52.20382029411764,NA,57.98330660606061,NA,105.32134357125526,93.02691323380442,98.2837287509196,52.973194868559425,53.08636546792851,51.93730172450053,Brock Burke,17968,656271
Mark Leiter Jr.,ATH,33.2,83.52812500000002,85.98541666666671,75.55176470588235,102.35546961325969,86.688,94.14773584905662,NA,NA,NA,41.39922245901639,40.01468756944445,39.9645704,50.40397,34.912076,49.32369254716981,NA,NA,91.80777175697865,99.03236919885921,93.3723941750929,47.9800647368421,51.794217967332116,52.22284319419238,Mark Leiter Jr.,15551,643410
Evan Sisk,PIT,40.2,97.41512195121949,97.97698275862072,NA,NA,130.26710743801652,108.21786666666667,90.2841791044776,NA,NA,45.26261121951218,48.6039232327586,NA,NA,61.95491025000002,60.88926445,50.43820378787878,NA,105.2506410739087,82.6069435063671,87.97799204618715,53.61390165322581,44.91068981182795,45.30465068548386,Evan Sisk,24995,681895
Ryan Gusto,MIA,53.2,99.63413223140493,97.64828828828828,90.03120689655171,NA,98.00271950271951,89.6535593220339,91.51893939393942,NA,NA,49.671047809917354,54.79753081081081,52.691010175438606,NA,47.34318944444444,44.233999322033895,55.14008340909091,NA,95.7554538390902,101.71505474323654,97.65572437663346,50.927043403263404,56.68135517482517,54.98104012820512,Ryan Gusto,26440,687473
Erik Miller,2 Tms,38,99.86310344827585,122.19777777777777,NA,NA,116.7139661016949,NA,101.08285714285712,NA,NA,52.24157568965514,63.87921312312312,NA,NA,68.33399603389832,NA,55.877014857142854,NA,117.21373832639853,92.69665834489136,109.52082981455796,62.85937843273232,50.720185866851594,53.787249348127595,Erik Miller,26252,669062
Mick Abel,MIN,20.1,118.07869281045753,85.13,NA,NA,105.78162790697674,126.64744186046512,93.78825396825397,NA,NA,53.95849248366013,47.75791,NA,NA,55.1999988372093,53.850243023255814,57.122593492063494,NA,110.75439775910364,102.12885154061625,110.38554621848739,54.10519739495798,58.98373890756303,57.9196674789916,Mick Abel,27756,690953
Joe Boyle,TBR,19,101.08025974025975,109.57753846153847,NA,110.54199999999999,111.08997067448682,NA,NA,NA,NA,59.62569194805195,68.55330615384615,NA,70.411698,59.7915724516129,NA,NA,NA,108.50136692888856,86.1544769841888,97.89804346132877,62.41884072046109,46.342144899135455,51.57373959654178,Joe Boyle,29608,671212
Dylan Dodd,ATL,38.1,116.2,112.27713527851462,96.40321951219514,NA,120.59705882352942,NA,NA,NA,NA,80,55.13540748587571,52.3009613432836,NA,48.697952121212126,NA,NA,NA,107.46929319526392,103.97774008989948,107.10645891849168,52.50213769491527,57.51879694915255,56.65342988135593,Dylan Dodd,29928,689266
Eric Orze,MIN,41.1,96.97774011299435,NA,NA,103.68705882352943,74.3257731958763,84.40666666666667,NA,NA,NA,49.74643988700566,NA,NA,61.480630970588244,43.88139278350515,58.606104444444455,NA,NA,95.92712144302988,96.73942482786647,95.49716790540278,56.984879025110786,48.833778035450514,51.8663465435746,Eric Orze,27626,679358
Jack Leiter,TEX,80,105.76434944237919,98.19117647058825,86.38788321167883,NA,105.33850980392155,93.78655737704918,106.55530864197532,NA,NA,58.002789702602236,46.94924852941176,48.12953167883212,NA,52.83217266666666,51.04176581967213,66.15072683127573,NA,102.32257328421534,93.87891614435114,97.78449936274596,55.23791178239083,51.406642820329274,52.16275629921262,Jack Leiter,30146,683004
Juan Mejia,COL,51.1,83.30888888888889,95.07379310344828,NA,NA,119.39338842975211,NA,77.18296296296295,NA,NA,49.801472321428584,53.41071977272727,NA,NA,50.80242085399449,NA,38.21573,NA,97.67813213326015,93.80453132316757,88.7486911166781,49.940858650627604,45.83900640167365,47.92741460251047,Juan Mejia,23237,675848
Jeremiah Estrada,SDP,29.1,103.88446886446886,NA,NA,136.81896103896105,92.90212765957446,NA,NA,NA,NA,63.442084945054965,NA,NA,60.97884071428572,48.73658978723405,NA,NA,NA,113.42929925909333,97.28867132867136,110.78275112896254,58.98166930526313,46.23280658947369,53.90890410526316,Jeremiah Estrada,22210,669093
Reynaldo López,ATL,71.2,88.12650817236256,NA,NA,NA,92.90588859416445,94.14850746268658,93.11581395348836,NA,NA,44.11051280966767,NA,NA,NA,42.139789258241755,45.19981713178295,46.1056419047619,NA,90.414920179704,99.7092949175688,89.93660403946558,43.54258340567612,52.2591090984975,48.02621316360601,Reynaldo Lopez,16400,625643
Grant Wolfram,BAL,37,92.59374149659862,110.99913385826774,95.87333333333332,NA,124.85681094527362,117.67657142857142,NA,NA,NA,52.62829472222222,54.410861220472455,NA,NA,53.698859776119406,58.34265865384616,NA,NA,110.71092100860486,97.77399255133805,105.89263761871763,52.715375639445305,53.10252910631742,53.12448614791987,Grant Wolfram,21623,664991
Michael Lorenzen,COL,115.2,83.72471153846155,87.20104783599089,82.2935691318328,NA,94.13299896800824,85.92567901234567,87.33472527472526,NA,NA,42.82238586538462,34.86651706150342,46.54105710610933,NA,44.95340256965945,47.11226888888889,45.18381789010989,NA,86.73982427951977,100.3893190880447,89.31355235178644,45.8605078976234,52.19472147166364,48.18731981261425,Michael Lorenzen,14843,547179
Cole Sulser,TBR,46.1,97.7087749287749,NA,86.08449438202244,NA,132.12625,NA,97.49927631578949,NA,NA,49.08361141210376,NA,47.35702218390804,NA,58.18007862068966,NA,59.76041347972974,NA,97.72231126495213,104.43275304782895,103.10790452159722,53.65529245729302,54.863865729303534,56.45927253613668,Cole Sulser,15256,642121
Jake Irvin,WSN,71.1,100.10292817679559,94.96552238805971,90.71799999999999,NA,106.56754539951574,102.08894736842105,81.71011494252873,NA,NA,45.51152558011051,44.91063365671641,47.83029078571429,NA,55.699123135593226,52.94288503289474,50.35961356321839,NA,98.32295509870836,99.41148622784445,95.47536183470434,48.55924902267396,54.176284659890555,52.57380724784988,Jake Irvin,21504,663623
Drew Anderson,DET,76.1,91.74694280078894,97.04799999999999,NA,NA,89.33391304347823,85.6349825783972,119.46666666666667,NA,NA,50.55749796844182,57.336992222222214,67.99423,NA,45.3544595652174,48.636476968641134,72.26920397435896,NA,98.82297580591364,99.86897202739206,100.90274420620375,54.64175560534591,50.887075455974845,53.095169622641514,Drew Anderson,15130,623454
Brayan Bello,BOS,83.2,78.98202247191011,101.10483245149908,87.46759615384615,NA,102.69764705882355,96.74156250000001,77.14110236220472,NA,NA,39.26816876404495,47.653108095238096,68.43548350961538,NA,49.15044799999999,50.047606718749996,42.08132897637796,NA,93.04837653107863,105.73879113320017,99.1467465781016,49.99070501477105,55.837550465288025,53.10192349335303,Brayan Bello,23920,678394
José Suarez,3 Tms,58.2,92.07232375979112,95.43627906976745,83.36,NA,94.41794520547946,NA,102.38380566801621,NA,NA,52.5689692167102,51.65280034883721,NA,NA,42.398979212328776,NA,51.901178137651826,NA,95.49297274640239,98.29539685718164,94.77009907005161,50.145746968503936,51.027920570866144,51.21535917322834,Jose Suarez,19911,660761
Cal Quantrill,TEX,70.2,83.41561403508773,85.96386206896553,92.73554817275748,93.0215748031496,NA,92.20313725490196,NA,NA,NA,34.31668763157895,27.72052955172414,51.33833637873753,47.05339027559056,NA,43.36824019607844,NA,NA,89.2068731321813,105.89474369743202,94.93682520000526,44.288470097864774,53.40519193060498,49.715056023131666,Cal Quantrill,19312,615698
Blake Snell,LAD,9,105.29532467532468,NA,NA,NA,109.31000000000002,153.68666666666664,121.72,NA,NA,68.83129610389611,NA,NA,NA,52.510704999999994,64.0771788888889,58.76709499999999,NA,119.52323580034425,100.26503030756567,117.57743919778494,61.084818695652174,52.20790217391305,57.980757391304344,Blake Snell,13543,605483
Jordan Hicks,CHW,36.2,113.89000000000001,112.13673076923074,NA,119.53999999999999,116.58851878044948,NA,NA,NA,NA,53.156534468085106,57.159346217948716,NA,63.29580349999999,55.847864207920786,NA,NA,NA,114.02123090186245,91.47958026168855,101.81110310829936,55.10454466560509,51.400591815286624,52.483468168789805,Jordan Hicks,19618,663855
Taylor Clarke,ARI,55,99.315,91.43374149659866,80.42108108108111,NA,100.1793388429752,NA,90.05196347031963,NA,NA,43.303086666666665,46.362742068965524,30.245961811594206,NA,44.37608957983192,NA,52.04135616822429,NA,91.67212406367474,105.11975918228688,101.35644054678706,49.415312745358094,53.14456331564986,51.350019376657805,Taylor Clarke,17611,664199
Jordan Romano,2 Tms,19.2,96.48831578947367,NA,NA,92.02222222222223,88.88739726027399,NA,NA,NA,NA,52.60911614990006,NA,NA,42.18996,44.086703769724295,NA,NA,NA,92.37403436276641,86.291920400174,78.45714876033058,48.65521818683207,44.62601676661031,45.260187043377364,Jordan Romano,16122,605447
Casey Legumina,2 Tms,53.2,122.24914772727274,113.13455555555556,NA,NA,104.28455974842765,NA,79.81149425287354,NA,NA,55.57655667613637,55.4753043888889,NA,NA,52.306849716981134,NA,55.42455045977011,NA,111.17771627527846,96.00740136418867,104.56221972596511,53.372157573616015,55.622725418138984,58.187368775029455,Casey Legumina,25921,668984
Stephen Kolek,KCR,54,86.56767932489451,102.43054945054944,88.35961165048545,NA,95.82883720930234,NA,77.2308,NA,NA,43.64779957805907,52.49038406593407,53.53772844660193,NA,44.955455906976745,NA,45.156993199999995,NA,91.50250240653108,106.08560001069233,100.25685654644793,48.20220996420048,56.468977136038184,52.8711437470167,Stephen Kolek,21487,663568
Jacob Lopez,ATH,88,92.21864220183485,81.26612903225805,86.87446254071659,NA,113.8504743833017,NA,80.3423188405797,NA,NA,43.32550557798165,52.61257629032258,42.39340248466257,NA,48.35136062618595,NA,45.33435144927535,NA,97.03173337365126,102.33830341676996,98.58913575583642,47.98444685428393,51.17983803627266,50.456684052532836,Jacob Lopez,25098,682052
Kevin Ginkel,ARI,52,82.1133156498674,95.25888888888888,NA,NA,106.37780612244892,NA,NA,NA,NA,48.54325391891893,46.705246857142846,NA,NA,48.92285732467532,NA,NA,NA,94.46978241971178,110.25868004040814,103.21342966356778,49.30789864898989,56.93064046717174,54.858811300505025,Kevin Ginkel,19876,656464
Patrick Corbin,TOR,80,81.32578616352201,86.04819843342038,95.94224299065418,NA,104.16330749354009,88.82,95.06510121457491,NA,NA,38.0770234591195,33.463336475195824,53.65642070093458,NA,44.807620645994824,26.141608,48.52871469635627,NA,93.57123670924412,102.7401102569991,96.96495486917904,46.555017395612175,54.31442183297947,51.42168888888889,Patrick Corbin,9323,571578
Luis Medina,ATH,55,90.6775167785235,102.22626984126984,NA,NA,117.14012903225805,98.6195,119.77647058823528,NA,NA,54.69689946308724,55.58584407114625,NA,NA,56.172232129032245,43.01582883333334,59.88477661870503,NA,103.02320936111225,93.52555943119607,96.9975410327447,52.71602194415718,44.77264479834539,47.90111527404342,Luis Medina,21649,665622
Mason Fluharty,TOR,49.2,NA,NA,105.77651105651101,NA,107.91058139534886,NA,93.89756097560978,NA,NA,NA,NA,54.65589685503686,NA,58.01626665697674,NA,49.250209756097554,NA,105.50755655244555,99.24525646047891,107.09304928287101,58.56193054021609,54.12770770708284,57.16669954381752,Mason Fluharty,31553,689254
Brent Suter,2 Tms,71.1,97.9508280254777,91.9945316455696,NA,NA,101.46310344827585,NA,104.96504249291783,NA,NA,47.838063892182994,35.88702515978609,NA,NA,47.15955641155031,NA,52.21934097925845,NA,98.5153874792145,105.45782160315137,99.9017547191265,47.67618079886757,55.290603279886604,52.17979868650087,Brent Suter,13942,608718
José Alvarado,PHI,44,112.01058823529411,117.07014598540148,112.37112676056339,NA,NA,151.1676923076923,NA,NA,NA,43.332217647058826,61.169948397790044,80,NA,NA,63.815334583333325,NA,NA,116.37375551985073,93.5051056344517,114.66292396599981,60.94212985040275,51.15774139240507,53.53769044879169,Jose Alvarado,17780,621237
Tatsuya Imai,HOU,64.2,82.84825925925927,83.29770491803278,NA,83.97666666666666,90.68110320284697,76.25,81.18344827586208,NA,NA,36.60957772222223,41.29561327868852,NA,41.608641199999994,47.2933809252669,42.338384999999995,38.725446086956524,NA,86.47375684096514,96.43721894513742,85.30366659318528,44.266192812248185,46.85145206285254,43.374841224818695,Tatsuya Imai,37124,837227
Emilio Pagán,CIN,27.1,105.35599999999998,NA,95.62428571428572,113.70096385542166,NA,NA,NA,NA,NA,54.19655585714286,NA,63.863458928571426,53.501640602409644,NA,NA,NA,NA,105.03151785714284,93.96098214285713,95.5639732142857,53.13103302013421,53.032267494407165,54.84035536912752,Emilio Pagan,14771,641941
Ty Madden,DET,34.1,83.64352331606219,81.75875,91.79653846153845,89.63684210526316,91.53302325581394,NA,NA,73.04666666666667,NA,42.61254119170985,33.336279375,60.56772336538461,36.41119105263157,45.498313255813954,NA,NA,30.980201666666662,87.34658391608393,95.98805419580418,83.88150874125876,46.304423461538455,45.81469604895104,43.71504276223777,Ty Madden,30140,680744
Grant Holmes,ATL,117.2,81.54286238532109,83.16648888888888,77.5190588235294,NA,95.80688330871493,94.84805555555555,78.8748275862069,NA,NA,47.95381222846442,44.04384150234742,40.338571358024694,NA,49.603903531202434,50.63952151079137,42.42723955357142,NA,87.52224509494864,100.78397859369379,90.71585961277349,48.92081712876711,52.47783888767123,50.56036061369864,Grant Holmes,16944,656550
Chase Dollander,COL,44,110.9632142857143,103.01550561797752,NA,NA,118.91121621621622,112.39661016949152,101.7397435897436,NA,NA,59.22326725,63.17836280898876,NA,NA,57.25989016666666,55.39382576271186,55.89864628205128,NA,110.02611720228913,95.29579915791206,103.3324920718527,56.56459869448184,50.88914874831764,53.93803339165546,Chase Dollander,33482,801403
Kirby Yates,2 Tms,34,89.52556701030929,NA,NA,84.73347593582888,112.17,NA,NA,NA,NA,41.960771443298974,NA,NA,44.47020518716578,43.321774,NA,NA,NA,88.42730433194535,100.28050493096649,87.939476440938,43.80469603418804,53.60752733333334,50.06964916239316,Kirby Yates,9073,489446
Kyle Hurt,LAD,39.2,87.56540697674417,NA,NA,NA,102.255593220339,NA,104.01542600896862,NA,NA,48.46449447674418,NA,NA,NA,48.39246033898305,NA,60.902323856502235,NA,94.80806481058876,97.59096303057963,92.5839570972159,52.437983801916936,52.65659399361024,53.02532662939298,Kyle Hurt,27514,669165
Ryan Zeferjahn,2 Tms,56,118.53472527472532,99.74248366013072,NA,NA,119.04762669784013,129.94285714285715,NA,NA,NA,60.67940385776974,62.24708228176201,NA,NA,60.197735379132425,51.67831875,32.42916,NA,116.30601684489584,90.29927014304711,107.63714456336616,60.02875336473825,48.53308884254243,54.95304263922404,Ryan Zeferjahn,25420,666171
Blade Tidwell,SFG,27,97.93384615384616,88.37214285714286,NA,NA,116.51200631911532,115.31666666666666,101.46399999999998,NA,NA,47.4429086013986,48.49428964285714,NA,NA,58.665138578199034,47.12963833333333,50.7297828,NA,106.12161304150757,87.25486784103742,89.7168585915233,54.53494574660634,48.18965819004524,50.430054389140274,Blade Tidwell,31701,694918
Paul Blackburn,NYY,68,103.45870967741938,94.13133126934984,93.70975845410634,NA,110.32703333333332,94.99333333333335,78.36000000000001,NA,NA,56.07311387096775,45.40286993769472,45.41863775609756,NA,51.64392237288137,50.70218299999999,39.14477679802956,NA,92.2329625921463,98.96330490079312,94.22196816504574,48.19281781021898,49.77288961418146,48.30247074035454,Paul Blackburn,14739,621112
Matt Festa,CLE,51.1,102.88815920398012,94.97000000000001,101.35698113207548,NA,99.63657630522091,NA,NA,NA,NA,61.614163855721394,43.729541607142856,49.9151186792453,NA,53.187621265060244,NA,NA,NA,101.10568516898508,91.95498920110614,94.43153118380874,55.515563317535545,51.34063177725119,53.9716628199052,Matt Festa,19330,670036
Noah Schultz,CHW,65.1,96.24926640926641,85.56323232323233,102.54290456431536,NA,114.10993301435406,125.24999999999999,81.088,NA,NA,43.37636965250966,48.99727808080808,57.0423279253112,NA,61.839821961722485,54.93500153846154,46.876957345132745,NA,97.25884806975662,97.22495055300419,92.29755759231809,52.183679093286834,52.131950252833484,51.81751919790758,Noah Schultz,32056,702273
Aaron Civale,2 Tms,89.1,95.30185792349725,82.00074074074074,99.29749546279494,73.27139784946237,91.00107142857142,109.73013262599468,NA,NA,NA,30.124697103825135,20,43.80135651542649,34.95305225806452,36.44170807142857,49.753349310344824,NA,NA,96.39973480407136,109.28237287355802,103.69511282597183,41.54086871895425,56.10084265359477,52.26133890849673,Aaron Civale,19479,650644
Cam Booser,TBR,28,109.35751351351352,NA,115.52964285714287,NA,125.75076923076922,NA,128.63714285714286,NA,NA,59.018727891891906,NA,48.85735053571429,NA,45.4392605128205,NA,59.69424857142857,NA,113.86867885292943,101.01978733064544,107.86445597689878,52.767350175438594,55.64205077694234,56.49725912280701,Cam Booser,16061,592155
Trevor Richards,2 Tms,55.1,80.72604823747679,NA,NA,NA,92.05188405797101,NA,111.13838056680162,NA,NA,47.1095015213358,74.18732,NA,NA,39.657096428571435,NA,71.72718076923078,NA,90.43727046783627,102.4418932748538,89.9265701754386,52.06157437426901,53.146123438596504,53.74981938011695,Trevor Richards,19309,670950
Garrett Cleavinger,TBR,36.1,106.34136363636361,98.23976878612719,NA,NA,115.18685286103542,NA,NA,NA,NA,58.00015912087911,61.11965115606936,NA,NA,55.52850065395094,NA,NA,NA,109.3261451027668,93.71239288964532,104.49504272595117,57.838326281645564,50.53584905063291,55.34988262658228,Garrett Cleavinger,17897,664076
Wilber Dotel,PIT,28.2,105.75155555555556,NA,86.17867924528302,NA,110.20854700854701,NA,103.84717948717947,NA,NA,59.27274173333334,NA,59.30556733333334,NA,51.764723760683765,NA,56.69249256410256,NA,102.35217732938817,96.49721208120474,100.02146014879031,55.68766289527721,53.29462301848049,54.47338305954826,Wilber Dotel,28901,696062
Chris Bassitt,BAL,61.2,82.1351724137931,95.02451776649747,87.73108225108226,NA,113.01219512195122,108.08161943319837,74.78472727272727,NA,NA,39.714153793103456,39.34211969543148,36.211309740259736,NA,52.50191670731708,51.65086708502024,45.82650545454545,NA,96.13054487979227,99.50068854921533,95.43970183885067,45.76962667291471,52.73200092783506,51.6420266447985,Chris Bassitt,12304,605135
Graham Ashcraft,CIN,27,NA,NA,82.91731601731603,NA,142.16182648401823,NA,NA,NA,NA,NA,NA,51.11069722943721,NA,60.63461616438356,NA,NA,NA,111.68268148148148,100.35691481481483,110.33878148148149,59.55714091111111,45.23243255555555,57.52439613333335,Graham Ashcraft,27552,668933
Alex Hoppe,2 Tms,32.1,103.16572864321606,116.39445761967502,NA,NA,116.54598290598287,NA,90.88333333333333,NA,NA,59.994006080401995,60.671952828282826,NA,NA,54.78847807692307,NA,51.062041666666666,NA,111.15897127695695,103.23853461405292,112.73184694230528,56.68148163568774,52.113301486988846,57.51472845724906,Alex Hoppe,31880,695380
Tyler Phillips,MIA,98.2,77.31838235294116,87.8236724565757,NA,95.35018766756033,104.65561868686865,105.44764044943818,NA,NA,NA,46.20356095588235,53.58638434243177,NA,51.217197747989275,53.71166441919192,52.23902700374532,NA,NA,95.91619622010424,98.88143872818766,95.56958420924423,53.37405504761905,52.109321612698416,53.87022098412699,Tyler Phillips,20629,663969
Orlando Ribalta,WSN,37,98.92428571428572,102.82403508771931,NA,NA,108.84741035856572,NA,92.11199999999998,NA,NA,59.8452318131868,50.60002087719299,NA,NA,45.092595816733066,NA,54.147595333333335,NA,102.57052514699144,105.97316207084842,107.38454875093852,52.10905496075354,54.3936101098901,54.753586263736274,Orlando Ribalta,26247,687377
Hayden Wesneski,HOU,22.2,81.3265,99.1263492063492,75.28576923076922,NA,111.28978723404256,99.82,84.80600000000001,NA,NA,39.02819825,56.18732793650794,54.12893115384615,NA,56.742693297872336,53.53445,47.377423,NA,93.0484458532122,102.19309707945222,99.17348597404671,51.85945140186916,53.72335193146418,54.20104925233645,Hayden Wesneski,27581,669713
Tejay Antone,CIN,40,97.0095,99.9511475409836,90.35652173913043,NA,105.05364302600472,97.2065909090909,NA,NA,NA,33.17566225,54.959144426229514,50.97417173913045,NA,54.09614117021276,49.41680545454544,28.19332,NA,100.66517932263814,97.10589965463458,94.0714948195187,54.34229651470587,50.59849119117648,53.41630638235294,Tejay Antone,16233,622088
Dylan Smith,SFG,24.1,101.81466666666668,97.18285714285716,NA,104.25615384615384,113.35697478991597,86.32666666666667,NA,NA,NA,57.609204801980184,44.454046250000005,NA,55.23518192307692,54.84258513513514,49.249284800000005,NA,NA,103.84087406573474,92.99933827438471,96.81075929574381,53.91501743073048,48.70696198992444,51.64200440806046,Dylan Smith,30145,681916
Sam Hentges,SFG,29.1,93.3714619883041,96.90444444444444,NA,NA,93.927407407407415,104.95957446808511,NA,NA,NA,46.059252748538015,51.91146845637583,NA,NA,46.02032281481481,57.69250212765957,NA,NA,96.39746492832454,87.64010469633277,85.87103382840654,48.76525763537908,48.057136299638984,45.172035631768956,Sam Hentges,18548,656529
Tomoyuki Sugano,COL,113.2,84.411051212938,81.81601139601139,81.82415458937199,73.30709511568124,86.98075880758807,80.49693548387097,NA,NA,NA,47.41770884097034,39.182341111111114,44.65901956521739,27.399052673521854,44.73804363143632,43.0684720967742,NA,NA,81.50856153840559,103.54415460747903,88.7585986335978,44.143151571113556,54.26244391951489,48.83288902976847,Tomoyuki Sugano,35321,608372
Spencer Arrighetti,HOU,88,102.30103370786514,97.37473684210526,94.95893617021278,NA,94.84134621012585,106.72157790927021,69.06711538461539,NA,NA,55.02906125842697,55.444309539473686,57.674289042553205,NA,58.11811776119403,62.9179739842209,49.46488528846153,NA,99.56063532231471,89.76378834676702,92.27437278603483,56.46715973421927,47.9353353089701,51.418316438538206,Spencer Arrighetti,29921,681293
Enmanuel De Jesus,DET,41,107.36779783393501,101.64682352941176,115.74733944954131,NA,90.23435897435898,NA,89.48555555555555,NA,NA,58.66082552346572,56.940145176470594,62.84014564814815,NA,35.67516179487179,NA,46.611333263888895,NA,103.14731530291165,104.81755735063075,106.18232319177274,53.18479149847095,60.62453582568808,58.284902920489294,Enmanuel De Jesus,18554,646241
Hunter Dobbins,STL,50,87.80632727272726,97.48715596330275,NA,89.56961538461539,106.34705882352942,98.68999999999998,NA,NA,NA,53.22989661818182,53.539471009174314,NA,46.27078221153845,49.063674007352944,43.71350670212765,NA,NA,96.36326990632318,100.41116022638563,96.62317281420766,50.24845300936769,50.93290101873535,51.939606709601875,Hunter Dobbins,30240,690928
Will Dion,2 Tms,27.2,115.35691489361703,75.02571428571427,96.38540540540541,NA,NA,93.773,121.56923076923076,NA,NA,53.90090627659575,35.0212680952381,43.60011081081081,NA,NA,42.491871374999995,52.44806769230769,NA,108.85741007194245,107.83510791366908,113.79952038369306,48.52186455635491,57.59493705035972,56.89054211031175,Will Dion,30061,702021
Drew Sommers,DET,22,125.21796296296296,118.9442774566474,NA,NA,112.70066666666668,NA,86.39090909090909,NA,NA,51.561908240740735,63.82757630057803,NA,NA,61.13370755555556,NA,44.920021,NA,118.32240525793651,97.54245696924603,110.50911842757938,56.00925786458333,53.211222552083335,55.20495520833334,Drew Sommers,32026,805427
Nate Pearson,2 Tms,28.2,100.60608247422681,102.18456140350878,NA,NA,109.23493333333332,111.25307692307693,118.53375,NA,NA,58.06018628865979,61.80588280701755,NA,NA,58.050170800000004,55.81295019230769,53.42923562499999,NA,105.34385940080209,89.48308799245106,96.36129275772588,56.488827600849255,48.11232188959661,51.12715237791932,Nate Pearson,20160,663878
Tommy Nance,2 Tms,45.1,97.17999999999999,87.11346153846154,NA,NA,85.49897610921501,145.49723214285714,NA,NA,NA,27.989410000000003,44.15806634615384,NA,NA,50.0416333447099,64.53413125,NA,NA,104.65161868566217,96.37440181557571,102.05534515484514,54.54430770604395,53.59554351648352,52.7153778021978,Tommy Nance,19178,667297
Garrett Crochet,BOS,30,116.71988505747127,101.15172413793103,103.28578125,98.75500000000001,150.2902702702703,NA,85.40545454545453,NA,NA,60.73586816091954,52.06756275862069,65.6583103125,53.63215,60.855000000000004,NA,38.868061999999995,NA,113.18495231047231,94.61897893949435,104.76879088213187,56.37489140926642,50.02430532818533,54.146954652509656,Garrett Crochet,27463,676979
Taylor Rogers,MIN,45,NA,100.37698996655519,92.99638095238095,NA,113.45221674876845,NA,NA,NA,NA,NA,37.66255454849499,41.447098207547185,NA,48.09794362068965,NA,NA,NA,105.9908103504661,97.37892250601843,98.0016620650756,48.09934231812577,54.62285987669545,52.62019753390876,Taylor Rogers,13449,573124
Will Vest,DET,26.2,99.20523364485985,114.7909333333333,NA,NA,109.215,NA,103.82763636363636,NA,NA,53.03047761682244,53.8841056,NA,NA,56.653225285714285,NA,52.19358745454546,NA,105.02147415477083,106.75714868854504,108.32713516427025,53.59003559917355,57.74300177685951,58.42166632231405,Will Vest,19769,676684
Brady Basso,ATH,20.2,94.47707692307691,106.74857142857142,95.566875,NA,105.5805479452055,99.093125,94.57333333333334,NA,NA,49.940016307692304,59.50652809523809,42.4960028125,NA,46.137571666666666,47.635698906250006,42.156389999999995,NA,99.08890814116741,101.17919035416595,99.21177740663877,47.95873329230769,54.06746861538461,52.54787363076923,Brady Basso,25582,669620
Ryan Rolison,CHC,49,94.4901923076923,111.96914285714287,NA,NA,110.21031390134532,104.19338345864662,88.20666666666666,NA,NA,56.426830416666654,64.126515,NA,NA,54.966779955156944,49.87744172932331,29.210787777777778,NA,102.74092495636998,104.25705933682376,107.0891012216405,53.40471484293193,56.365970759162316,56.66995494764398,Ryan Rolison,22200,669020
Hogan Harris,ATH,54,104.24877813504823,NA,87.97846153846156,NA,115.05,101.86645390070922,104.06839999999997,NA,NA,60.74533485530547,NA,39.141442,NA,42.71314696202532,54.97404563829787,55.178967599999986,NA,104.21637807690738,97.07293066497937,99.22257949953054,53.606444045801524,54.073741354961825,54.295603883587795,Hogan Harris,21520,663687
Luinder Avila,KCR,70,93.57720238095237,106.62316384180791,NA,NA,104.34928571428571,97.58547368421056,95.88090225563911,NA,NA,61.97776741071427,54.18322966101694,NA,NA,54.75892739285714,52.060296031746034,51.19707436090226,NA,100.30050225785203,90.52825148115056,93.76504174861729,54.39949613302398,47.47255733178654,50.062767834493414,Luinder Avila,24452,679883
Matt Brash,SEA,16.2,99.10666666666665,100.44109090909092,NA,NA,105.02025641025641,NA,94.73941176470586,NA,NA,49.612484,58.92788109090909,NA,NA,66.62054064102563,NA,51.67870882352942,NA,102.24260996001455,97.20037804434752,100.04024809160305,64.4492271923077,51.9349301923077,54.10582357692308,Matt Brash,25756,666374
Jack Perkins,ATH,81.2,92.70493723849371,91.04615384615386,86.99183431952662,NA,108.34323677845856,NA,100.28176470588238,NA,NA,48.49255416317991,48.163411764705884,47.7544926627219,NA,57.253897449209944,NA,59.12926720588236,NA,98.17942971508273,102.02559957228702,100.95320508804582,54.636618260869554,55.23901233264321,55.85483133885439,Jackson Perkins,31468,678022
Cody Bradford,TEX,15.1,77.30410714285715,NA,NA,NA,84.49176470588236,85.10000000000001,95.43421686746987,NA,NA,39.782410625000004,NA,NA,NA,35.26143411764706,42.66553928571428,54.63551204819277,NA,85.01706051183926,109.9995527385793,90.80953360440087,45.95423650442477,62.02385539823009,56.931435663716805,Cody Bradford,27597,674003
Daniel Duarte,NYM,19.1,97.3447619047619,82.50526315789473,102.32350515463918,NA,119.44368421052633,NA,83.05257142857143,NA,NA,33.14536928571428,20,44.59237422680412,NA,48.69112934210526,NA,41.41392571428572,NA,101.56085565476191,105.38430183531744,98.06419518849206,45.033530729166664,54.867297951388885,53.42521163194445,Daniel Duarte,17480,650960
Wandy Peralta,SDP,62,98.48530612244896,98.15609137055837,NA,NA,99.24365853658536,NA,106.0363473053892,NA,NA,46.31178153061226,48.297482512690365,NA,NA,47.21138597560975,NA,49.48708769461077,NA,100.71803321376204,104.78668445067879,105.85777288141749,50.34629478830646,54.52738920362902,51.657108024193555,Wandy Peralta,14295,593974
Kendry Rojas,MIN,29.2,102.59495575221239,98.07813333333333,NA,NA,105.90680555555555,NA,108.1107894736842,NA,NA,56.71103699115045,52.970917866666674,NA,NA,50.70820125,NA,49.515536184210525,NA,103.75071413058956,87.67787823511033,92.6699235238427,52.9057289443378,45.915823704414585,48.29167556621881,Kendry Rojas,29423,696070
Colin Rea,CHC,123.2,85.63278422273783,92.5284210526316,92.0233644859813,NA,109.43099009900993,86.76563636363639,95.12485333333333,NA,NA,37.305239454756375,43.49549288235294,55.0155799047619,NA,47.4350131930693,42.03593518181818,53.97324444444445,NA,93.40516813146567,100.46297231754629,94.47330871539329,45.76591786383818,55.83329299950665,51.957316743956575,Colin Rea,12317,607067
Chris Murphy,CHW,30,103.79250000000003,108.23529411764706,NA,NA,111.86570478723402,107.78692913385825,108.4084210526316,NA,NA,59.71893113636365,62.739968235294114,NA,NA,47.12088005319149,48.4817074015748,57.65297210526317,NA,107.96672750820757,90.45267431703861,96.9428089515376,51.51755675521821,49.37470658444025,50.75036514231498,Chris Murphy,26214,669684
Blake Weiman,LAA,5,82.26,88.80000000000001,NA,NA,99.49473684210528,NA,86.30799999999999,NA,NA,55.884854999999995,40.860803636363634,NA,NA,51.68748109589041,NA,34.564368,NA,96.46481464530893,126.16116247139588,123.22144622425631,54.07306368421053,65.20297515789474,63.319308842105265,Blake Weiman,20257,676620
Isaac Mattson,PIT,34.2,97.97786026200873,NA,NA,NA,96.93417322834644,NA,100.29238095238095,NA,NA,50.35490111353713,NA,NA,NA,46.67742661016948,NA,49.550551111111105,NA,97.9287345390214,96.01803759406418,90.56315431004988,47.82434191358024,49.52331021604939,50.936117731481474,Isaac Mattson,20385,676755
Blake Treinen,LAD,23,90.42093023255815,104.8310144927536,94.50742857142856,NA,117.62589743589743,NA,74.02,NA,NA,48.12957095238096,55.910536739130436,39.74411457142857,NA,51.27079173076922,NA,NA,NA,107.42414973262034,104.528743315508,106.82681105169341,52.460280534759356,55.15943045454546,56.08279211229946,Blake Treinen,12572,595014
Victor Mederos,ATL,19.2,102.46556962025316,97.85538461538462,102.79938271604938,NA,128.39249999999998,NA,97.69419354838709,NA,NA,53.95846126582278,52.84512923076924,47.85254802469136,NA,55.522551875000005,NA,56.79480483870968,NA,102.86481901077647,90.12307381539956,91.02182828176959,52.325988814589664,42.01339787234043,47.491478054711244,Victor Mederos,31533,682989
Chase Silseth,2 Tms,47.2,95.09526011560696,85.27168709033913,NA,98.19885462555065,109.83,NA,NA,NA,NA,52.96455350306019,55.65530252936059,NA,50.35907015017034,53.95322178742311,NA,NA,NA,97.22717180293901,101.01548309733937,97.86556534203827,52.964538087992196,50.49696155051882,53.09628684857297,Chase Silseth,30074,681217
Ryan Thompson,ARI,40.2,104.89142857142858,122.63716381418094,NA,NA,122.20562211981563,NA,NA,NA,NA,58.887961071428585,51.63541184343433,NA,NA,54.56481497695853,NA,NA,NA,121.63508864163833,101.54104368150935,116.96839723380943,52.77652741085271,52.38277821705426,59.4929350387597,Ryan Thompson,16647,657044
Jack Kochanowicz,LAA,64,81.24310204081631,101.03179245283017,NA,NA,96.00422222222224,NA,96.18575875486383,NA,NA,49.058938734693875,54.38924903301887,NA,NA,53.58070133333335,NA,49.081726887159526,NA,94.69875157298038,92.70878618479387,90.64422243787472,51.77014882565492,46.51902307136403,48.366972899729,Jack Kochanowicz,27688,686799
Brett Kerry,LAA,13.2,74.72712871287129,NA,NA,NA,97.85737704918031,78.36,95.90340425531915,NA,NA,35.500152178217824,NA,NA,NA,41.899137868852456,41.82198,49.855522765957446,NA,86.2096888447534,110.19573651108905,95.54994869248593,42.69130622641509,53.950092311320766,47.84097726415094,Brett Kerry,29826,695049
Keaton Winn,SFG,42,77.79417218543048,95.64629370629375,NA,108.09908127208479,100.05291666666669,NA,NA,NA,NA,44.532411192052976,53.26971755244756,NA,57.531127314487634,49.878394583333325,NA,NA,NA,97.33079405413534,99.93371816240601,98.96802466466166,53.924586672000004,51.88207278400001,51.102093952000004,Keaton Winn,23499,676775
Cam Sanders,2 Tms,15.2,102.96378787878788,98.52923076923078,NA,NA,111.13258064516128,NA,94.65272727272728,NA,NA,64.38255704545455,69.44470153846153,NA,NA,50.57813669354839,NA,58.91340477272727,NA,104.8121261465526,90.79911161496443,96.22934556322788,57.48777715654952,46.5864096485623,51.3951080830671,Cam Sanders,23479,676742
Nick Lodolo,CIN,71.2,104.61675,104.2514375,NA,NA,NA,122.0595333333333,92.63179310344827,NA,NA,47.5829723125,50.83308325,NA,NA,NA,52.47112006666667,51.21706282758622,NA,105.95609706627684,90.67560605724363,94.0945392300982,49.65771271544715,53.129338739837394,50.51799540650406,Nick Lodolo,26378,666157
Brandon Sproat,MIL,95.2,89.26112195121951,96.80733944954129,98.65686813186812,NA,134.98344827586206,117.68855421686749,83.29529411764706,NA,NA,46.78563375321337,54.32818086206896,41.0523785590778,NA,61.23332511627907,47.09711,44.99181843283583,NA,100.13044531472609,94.15726809548079,93.40737264507995,49.550390316494216,49.03315601339014,48.860768167985405,Brandon Sproat,33850,687075
Lake Bachar,2 Tms,68.2,98.67325077399383,86.92745031712474,NA,97.02352941176473,94.62838029857252,108.69925925925928,NA,NA,NA,55.38505105263158,41.917684114164906,NA,52.355161960784315,54.91968815217392,55.7340640148464,NA,NA,97.98251989809599,98.56161408778046,96.47364987932421,55.17538852212389,48.73129100884955,50.816650256637146,Lake Bachar,19222,669199
Adrian Houser,SFG,103,86.8066049382716,92.63400264200791,NA,NA,89.33469135802468,80.31406779661017,90.4773484848485,NA,NA,47.912927295597484,48.20666978523491,NA,NA,46.126000256410265,44.49237478632479,50.29740965384615,NA,89.88978668413932,108.47085687498259,100.47148805979377,47.97372912961802,54.52576917971195,52.330900450845334,Adrian Houser,12718,605288
Justin Bruihl,STL,60.2,117.16103448275862,104.09317180616739,84.43166666666667,NA,100.63355670103094,NA,89.3318367346939,NA,NA,45.35502303571429,53.8891468722467,43.111938333333335,NA,60.72959701030925,NA,44.71531659793814,NA,101.86447747581666,103.60059256311169,104.85729515503961,56.01157299407114,53.70689921936759,54.77140339920948,Justin Bruihl,23779,677865
Jose Quintana,COL,41,76.55901960784314,84.87323308270678,NA,NA,NA,83.73844660194175,77.49819444444444,NA,NA,42.981903823529414,39.72962293233082,NA,NA,NA,41.77917004854368,40.81590777777777,NA,80.57076883326012,104.10110060647885,86.02914392872829,41.74310957971015,53.72815889855073,47.62001759420289,Jose Quintana,11423,500779
Ben Joyce,LAA,5,131.68410256410257,110.83679999999998,NA,NA,138.96571428571428,NA,NA,NA,NA,78.78979230769232,64.91156240000001,NA,NA,62.07839714285715,NA,NA,NA,125.06140845070423,84.65323943661971,106.69549295774648,64.46507464788732,40.82629028169014,50.93114126760563,Ben Joyce,31461,690829
Hunter Gaddis,CLE,41.1,95.65065420560748,NA,NA,107.9057142857143,93.18976878612716,NA,107.53170068027212,NA,NA,47.4580876635514,NA,NA,54.76361666666667,43.60005745664741,NA,70.09631022900764,NA,97.38446051259234,98.09439572192514,98.0259898389868,51.892223011204464,50.499941400560225,49.96483997198881,Hunter Gaddis,25636,683769
Jose Cuas,KCR,11,109.626,91.07846153846154,86.32588235294119,NA,106.26109090909092,NA,79.88,NA,NA,69.09773525,54.747027076923075,44.056944117647056,NA,49.45819836363636,NA,26.69639,NA,101.23663049279489,106.76430943485737,107.72699638261281,55.39505269406393,53.28132191780822,54.74433621004567,Jose Cuas,17701,621016
Ryan Yarbrough,NYY,45.1,93.54748091603052,95.80680000000001,88.30840000000003,NA,124.9872611464968,NA,96.93324840764332,NA,NA,34.24077344,51.59032808510638,32.91051497461929,NA,55.42203580000001,NA,48.05203948387097,NA,99.75636029302397,101.05591856314145,97.10975256581881,48.502439601100406,57.36442478679505,54.22043287482807,Ryan Yarbrough,16502,642232
Nate Lavender,NYM,4.2,97.77405405405403,NA,NA,NA,102.98190476190476,NA,91.655,NA,NA,51.57489486486486,NA,NA,NA,52.144713333333335,NA,48.50595499999999,NA,99.14322580645161,103.27903225806452,98.51612903225808,51.07225596774193,50.943703064516136,51.61211112903226,Nathan Lavender,30109,681320
Andrew Kittredge,BAL,37.1,92.23206349206347,94.65581395348838,NA,NA,101.18132352941177,NA,NA,NA,NA,63.61193063492064,55.624384232558135,NA,NA,51.16159356617647,NA,NA,NA,97.53272801137517,102.55152143002233,99.18807637619338,54.47571575868372,59.45515241316269,58.48964054844605,Andrew Kittredge,12828,552640
Zebby Matthews,MIN,91,94.86410909090911,100.81187499999999,88.92926829268292,NA,100.80359621451103,97.18963350785342,87.74979381443299,NA,NA,47.49122040000001,49.370918437499995,47.61721432926829,NA,48.35590570977918,38.81512722513089,49.97007793814434,NA,95.10129938986066,98.50694678143827,92.15983989590838,47.41281389864866,54.20843410135135,50.215580378378384,Zebby Matthews,31827,805673
Alan Rangel,PHI,26,84.60214285714285,NA,NA,NA,99.63975308641974,91.71593220338983,116.83639344262293,NA,NA,50.50623976190476,NA,NA,NA,44.72879395061728,52.392619491525416,59.304300000000005,NA,99.9783865127857,101.36412989364109,97.12610862186015,53.4465565784114,50.41925089613034,50.55206040733197,Alan Rangel,19524,660604
Tanner Gordon,COL,71.1,83.578266384778,77.39263157894737,NA,NA,86.49624060150374,90.34019999999998,90.62367521367524,NA,NA,36.969347124735734,23.766262903225805,NA,NA,37.39082293233083,44.04040510000001,43.173260427350435,NA,85.96053056676044,108.77536518811641,92.83332840893993,40.80525609360936,60.062915868586856,51.68832366336635,Tanner Gordon,27669,685299
Jack Anderson,2 Tms,12.1,62.605999999999995,NA,NA,110.94761904761906,101.04235294117647,106.48800000000001,NA,NA,NA,39.86146683333333,NA,NA,52.91939666666666,41.872796470588234,43.87279099999999,NA,NA,90.79617866004963,100.63073023750444,90.51547678128323,46.13099192307693,48.99137967032966,47.994185494505494,Jack Anderson,30086,681252
Daniel Palencia,CHC,16.2,94.06670157068064,120.37428571428572,NA,110.43333333333332,106.69424657534248,NA,NA,NA,NA,62.39133471204187,50.227584285714286,NA,64.44371555555556,60.86832027397259,NA,NA,NA,99.10688581314879,104.69834775086504,107.67347750865052,58.896209480968864,50.77268169550172,58.196624775086505,Daniel Palencia,27914,694037
Gerardo Carrillo,ARI,13.2,90.9617391304348,93.38222222222224,98.82225806451613,106.48596491228069,97.81,NA,NA,NA,NA,51.19183869565218,50.163176888888884,49.890437096774185,42.33085736842105,49.203157999999995,NA,NA,NA,98.42157487922705,89.63009661835748,88.61783574879229,50.89893898550724,37.050274396135265,42.03433043478261,Gerardo Carrillo,22754,672629
Tyler Holton,DET,58,89.88817391304347,108.83706214689268,97.68173010380622,NA,115.78109589041097,127.44540540540544,84.94169934640526,NA,NA,44.69972243478261,52.393353728813565,52.782901418685114,NA,55.050737876712326,60.521234864864866,44.21094450980392,NA,100.78950768955588,96.95274821046313,97.36581942497102,52.46292207197384,52.66927563794984,53.34237956379499,Tyler Holton,26231,663947
Ryan Fernandez,STL,13.1,89.74895833333333,NA,82.872,NA,102.00878504672897,NA,99.27785714285713,NA,NA,51.26805729166666,NA,42.173684,NA,48.42376887850467,NA,48.89048821428572,NA,96.2922881355932,95.39245762711866,93.47084745762712,50.89170788135592,50.39018326271187,47.27673415254237,Ryan Fernandez,24862,681676
Joe Mantiply,TOR,17.2,NA,113.3571900826446,NA,NA,NA,109.98356164383563,110.91971428571429,NA,NA,NA,53.75351280991736,NA,NA,NA,54.54602479452055,47.535718285714275,NA,111.73294297138047,90.98824179292927,101.98703808922558,51.76271321969698,55.393977462121214,52.69207094696969,Joe Mantiply,14857,573009
Rico Garcia,BAL,51.2,94.28818532818532,NA,NA,NA,92.80931506849312,116.91337931034482,95.61875598086124,NA,NA,57.298807567567565,NA,NA,NA,42.35529171232877,58.03196365517241,50.057404688995206,NA,98.63200442188294,102.5269906438641,103.58110900135193,52.739542160737805,52.136898840579704,51.232319025032936,Rico Garcia,20023,670329
Jaden Hill,COL,26.2,89.30813793103447,84.69918367346935,NA,NA,113.34195804195805,NA,104.62553191489363,NA,NA,51.999523013698635,50.183760714285725,NA,NA,49.44833153846155,NA,54.82091276595745,NA,98.52764190764192,93.06599175599177,90.48499743499741,52.10470908523909,47.71629004158004,46.82202089397091,Jaden Hill,30250,677955
AJ Blubaugh,HOU,75,97.40306525037936,NA,90.20229508196722,NA,114.32943661971831,88.81000000000002,104.89536231884058,NA,NA,51.78232831562975,NA,55.60532951612904,NA,57.09885045774647,43.15940071428572,64.87345510869565,NA,102.46541770912721,95.35864533200352,97.46069675083916,55.184056270270275,51.13286062548263,54.31795030888032,A.J. Blubaugh,31764,805123
Jovani Morán,BOS,51,95.75663430420711,98.41310344827583,95.30707070707072,NA,113.73459459459458,81.34,104.0982876712329,NA,NA,52.28694533980582,56.583359482758624,61.432086565656554,NA,49.29666675675676,44.6319,58.76137825342467,NA,99.75404735765154,92.01668028540269,92.82317841955744,55.04853864831039,49.962109449311626,50.10647115143931,Jovani Moran,20422,663558
Kody Funderburk,MIN,39.2,NA,107.03048034934496,94.90433179723505,NA,107.14468253968255,NA,91.20303030303033,NA,NA,NA,58.832101135371175,47.79964852534562,NA,56.576769107142866,NA,59.00986303030302,NA,102.2052759568278,87.15614248179803,90.9274914967063,55.59859516975307,48.004851774691346,48.20955373456791,Kody Funderburk,24993,681892
Caleb Kilian,2 Tms,46.2,102.57497409326426,96.29638095238096,NA,NA,107.09380000000002,NA,NA,105.10551351351351,NA,60.89718398253014,58.98163976507937,NA,NA,51.11742264945055,NA,NA,47.58438518049083,102.88620661512029,100.046331185567,101.7498318298969,53.072184437106,52.601889391289035,55.06311463969444,Caleb Kilian,26213,668873
Eduard Bazardo,SEA,56,110.35499999999999,101.06776595744681,NA,80.54555555555557,109.12732026143793,NA,NA,NA,NA,56.044574999999995,49.32911443262411,NA,38.84488615384615,45.91887542483659,NA,NA,NA,103.43562421900606,102.44455918102054,101.356893062145,48.93917696528556,61.42577557670771,56.61824143337066,Eduard Bazardo,20997,660825
Franco Aleman,CLE,18.2,101.90542222222223,NA,NA,NA,102.19690476190479,NA,83.3328,NA,NA,49.53172848888889,NA,NA,NA,55.97873654761904,NA,48.529591599999996,NA,100.55567664670659,92.17189221556886,91.92371257485031,50.15706146706586,48.183429251496996,46.89071437125748,Franco Aleman,30195,680916
Keegan Thompson,COL,12,93.60535714285713,84.07909090909091,96.78085106382979,NA,98.9957894736842,81.44999999999999,87.32307692307693,NA,NA,43.62337196428572,44.70869590909091,50.671373191489366,NA,51.85594421052632,40.594779375,38.98191923076923,NA,91.32630633027102,105.40597642488231,95.98035442204853,46.50770574358974,55.93935892307693,52.103115025641024,Keegan Thompson,19795,624522
A.J. Minter,2 Tms,30,100.95408,105.64200000000001,101.70303797468355,NA,NA,NA,93.03318181818183,NA,NA,54.53509952,50.9874735,57.742537594936714,NA,NA,NA,41.32996295454546,NA,100.77028951486697,103.40412456964006,103.66125164319247,53.56734180751174,49.26773448356808,55.184993122065734,A.J. Minter,18655,621345
Coleman Crow,MIL,18.2,94.20037037037036,95.96600000000001,93.36953271028038,NA,129.1991304347826,114.55180327868852,NA,NA,NA,34.53735722222222,34.023634799999996,64.27081196261682,NA,59.149578695652174,56.96070131147541,NA,NA,101.23486204836655,105.05475339626578,103.16777354263473,50.943901728813564,57.51459427118644,59.17712569491525,Coleman Crow,27926,689441
Jordan Wicks,CHC,10.1,93.3576811594203,95.084,NA,NA,99.27729729729731,88.88,103.16313725490195,NA,NA,52.00462434782609,37.38385466666667,NA,NA,43.26954081081082,47.773075000000006,51.72400176470588,NA,97.29755555555555,114.52277777777778,112.17588888888889,49.70128388888888,55.51965372222221,53.920833777777766,Jordan Wicks,30094,696136
Bryse Wilson,3 Tms,26.2,97.00253164556963,93.71730158730158,92.76326241134753,81.64,NA,101.20592592592592,92.18,NA,NA,39.33744544303798,38.81907793650793,38.13460134751773,NA,NA,47.744172222222225,41.65696,NA,93.99472836538462,111.16110216346155,99.15939783653845,43.70327293269231,63.72725427884617,57.22242569711538,Bryse Wilson,19990,669060
Robby Ahlstrom,TEX,27.1,108.60116129032257,103.82450980392156,NA,NA,110.10918918918918,108.40583333333335,98.36718749999999,NA,NA,53.554069225806444,51.66470852941176,NA,NA,47.8957890990991,50.12822545454546,43.7676471875,NA,106.42295077972707,106.8514351851852,110.69334551656921,50.0831202631579,55.12876004385964,53.60277326754385,Robby Ahlstrom,30167,695239
Tyler Samaniego,BOS,20.1,96.30333333333333,108.27687499999996,76.15083333333332,NA,107.04440677966103,NA,91.68105263157895,NA,NA,57.56230107142857,58.531557734374985,51.86788875,NA,58.51730966101695,NA,49.32917736842105,NA,101.19293833573833,94.74826827000162,96.56024742664742,55.10084282539682,52.452538698412695,50.950073047619036,Tyler Samaniego,30081,701719
Tyler Zuber,MIA,24.1,109.09786982248521,95.50857142857141,NA,NA,123.11973940345368,140.86399999999998,NA,NA,NA,58.069491065088755,40.05703634146342,NA,NA,55.041994065934055,58.96607,NA,NA,114.59492395982785,99.64431563845051,107.32973027259683,55.03964858536585,59.35266963414634,60.39905787804878,Tyler Zuber,20379,676604
Riley Martin,CHC,8.1,105.52272727272727,NA,NA,NA,108.71444444444445,114.54432432432434,NA,NA,NA,62.20888166666668,NA,NA,NA,43.80932111111111,52.52286189189189,NA,NA,108.54338805262535,105.1521239777172,108.81304018015884,52.88754567796611,64.7902277118644,62.132987796610166,Riley Martin,29934,702303
Yoendrys Gómez,2 Tms,53.1,119.51882951653944,104.94022471910111,92.18412698412698,NA,123.15239436619716,NA,87.63818181818182,NA,NA,57.338284071246825,55.24286168539325,48.26871238095239,NA,59.703243708920176,NA,65.56161454545455,NA,113.08525162830941,81.31299708729796,93.25188596158968,55.51393698218262,48.86712739420936,51.68756358574611,Yoendrys Gomez,22872,672782
Brant Hurter,DET,25.1,102.58266666666665,120.13163461538463,NA,NA,122.22371134020618,NA,98.35049999999998,NA,NA,41.7648975,64.72262456730769,NA,NA,54.98769432989692,NA,50.83536947368421,NA,117.55975869809204,81.68626627384963,95.73937023007856,57.16048413888888,51.16484886111111,50.96020155555554,Brant Hurter,30133,676428
Carson Palmquist,WSN,16.1,109.12857142857143,96.69176470588235,80.08193548387095,NA,120.99038167938933,NA,NA,NA,NA,39.844855714285714,52.556959019607845,51.36382967741936,NA,49.903704198473285,NA,NA,NA,107.27149375035032,93.24432153466734,96.27414847822432,50.505420063897766,52.2241224600639,51.55366942492013,Carson Palmquist,31612,687223
Logan VanWey,HOU,6,96.23400000000001,88.83333333333333,96.44333333333334,NA,114.6208695652174,NA,101.725,NA,NA,54.014052250000006,65.53755333333334,63.047963333333335,NA,58.41871521739131,NA,60.238550000000004,NA,101.89159523809523,106.90494047619048,107.24715476190477,55.812558875,60.0595455,61.673213875,Logan VanWey,31884,701121
Ryan Feltner,COL,87,89.74593516209477,100.89787878787878,NA,NA,89.043593897838,93.57943925233647,95.74214592274677,NA,NA,52.41480750623441,46.55095156565656,NA,NA,47.18867728016361,47.432006728971956,39.86002862660944,NA,92.307828644501285,97.11688433199367,92.07156833820483,48.72933415266107,49.41880171568629,48.588382549019606,Ryan Feltner,21446,663372
Brad Keller,PHI,31.1,97.08105882352943,104.73679245283019,NA,NA,127.04075268817208,NA,94.18563380281692,NA,NA,56.520711428571445,61.73725999999998,NA,NA,54.83327525139664,NA,44.91111333333333,NA,108.71505875382643,93.74153648661995,102.66265429051053,55.09578088062623,45.882196634050885,50.27957058708415,Brad Keller,15734,641745
Chris Paddack,3 Tms,57,95.48674285714286,87.28741935483872,81.98601503759399,NA,89.78940928270043,80.16660869565217,87.19666666666666,NA,NA,44.606406914285714,35.09721467741936,49.51995105263158,NA,46.26431949367089,45.23406,56.75626358695652,NA,88.81360579018316,109.58938451059979,98.64558206251266,48.95076579310344,60.125736068965516,55.94882953694581,Chris Paddack,20099,663978
Lance McCullers Jr.,2 Tms,44,80.40068965517241,89.97919540229884,93.13196347031965,NA,122.49299270072993,NA,79.22881355932203,105.66293103448277,NA,38.0613424137931,33.79137051724138,48.47360447488584,NA,53.61773343065693,NA,46.56223983050848,45.1147901724138,96.81127364438844,96.20363177805798,96.22789407313998,49.06733530895334,51.82340438839849,50.30881064312735,Lance McCullers Jr.,14120,621121
Brad Lord,WSN,62.1,90.64363196125906,89.04259541984736,NA,NA,105.71598019801984,NA,78.93500000000002,NA,NA,42.61293486682809,38.51930297709924,NA,NA,46.34075217821781,NA,44.60202499999999,NA,95.07221066127076,99.1869918308311,90.31253576935508,45.017618775330405,55.23611958590308,50.78582440528635,Brad Lord,31972,695418
Sam Moll,CIN,48.1,120.20159999999998,100.31826086956521,NA,NA,103.49757396449704,NA,92.03797297297298,NA,NA,38.08801767676768,51.250005072463765,NA,NA,52.24575961538461,NA,38.856119797297296,NA,102.3541164711884,92.31263392914525,96.34182700865195,50.43800080558538,47.655313286788406,47.180464103114936,Sam Moll,14874,594580
Hayden Juenger,2 Tms,12.1,85.05274999999999,NA,81.48514285714286,NA,98.9541935483871,NA,83.47999999999999,NA,NA,41.390385124999995,NA,35.485637714285716,NA,39.311171774193554,NA,53.3077,NA,87.91406113537116,104.83895196506552,96.15572052401747,45.90385248908298,52.5192011790393,48.92771925764192,Hayden Juenger,29640,696522
Brock Stewart,LAD,14.2,111.12805555555556,100.69454545454546,89.94555555555556,NA,123.40113207547172,NA,91.50216216216216,NA,NA,55.95019736111111,60.85508545454547,54.61722277777777,NA,58.32196301886794,NA,60.653743783783774,NA,107.30618935837246,101.57919405320816,109.50936619718311,57.19672431924883,52.89992868544601,56.94268394366198,Brock Stewart,16727,592779
Zack Kelly,BOS,16.1,123.90564102564105,104.92750000000001,95.01935483870967,NA,125.32967741935487,NA,112.454,NA,NA,51.546998461538465,62.37397875,55.94837693548388,NA,65.65065612903226,NA,60.78649800000001,NA,107.98306537102474,98.67049911660777,107.7393507067138,58.27736674911661,50.46582883392227,57.41101321554772,Zack Kelly,20349,677161
Michael Rucker,SEA,25.2,100.78987012987012,108.15719999999999,101.0454761904762,NA,113.63333333333334,98.76565217391305,86.82000000000001,NA,NA,55.5916705844156,66.40688899999999,62.44077797619049,NA,50.62853555555555,55.608750507246384,58.09929,NA,101.18061428593393,110.21824831265471,112.31989968174899,54.0069307762557,54.57045406392694,57.52715047945206,Michael Rucker,19454,621074
Kai-Wei Teng,HOU,68.1,93.02466257668712,87.18858757062145,NA,NA,102.2558878504673,106.54955752212389,79.7522033898305,NA,NA,47.83220343558282,48.43114960451978,NA,NA,56.76191042056073,53.5196961061947,43.653986440677976,NA,95.49382799053353,89.12891727624785,85.19188521944922,52.48234959552496,49.332013080895,50.416706910499144,Kai-Wei Teng,24282,678906
Garrett Acton,MIN,6.2,99.96698412698413,NA,NA,NA,102.70192307692308,NA,NA,NA,NA,61.92572253968254,NA,NA,NA,45.04223057692308,NA,NA,NA,101.20365217391304,98.77721739130436,98.93913043478261,52.997401565217395,48.912253739130435,51.46038643478261,Garrett Acton,27583,670183
Grayson Rodriguez,LAA,59,104.4262925170068,NA,NA,NA,104.41076923076925,94.66575999999998,107.89433962264151,NA,NA,55.17040653061225,NA,NA,NA,49.098178461538474,53.49508624,53.727087622641506,NA,104.15741912071961,98.66492987729903,101.00583977795061,52.68062532912534,53.876487060414796,56.11518126239855,Grayson Rodriguez,24492,680570
Kervin Castro,NYY,6.1,99.55061224489795,105.92875000000001,92.46666666666665,NA,NA,93.61818181818181,NA,NA,NA,51.99463306122449,38.0482775,42.99400277777778,NA,NA,39.99435272727273,NA,NA,98.58553191489362,103.30638297872339,96.55893617021276,45.53723489361702,53.11182085106383,50.47199372340425,Kervin Castro,21656,665645
José Fermin,LAA,41.1,96.72266666666665,105.22721461187214,NA,NA,107.17938967136148,NA,77.99066666666664,NA,NA,55.41830378378379,54.89267266055046,NA,NA,50.22068377723969,NA,32.919162,NA,104.05572924901183,96.80708333333332,101.87003870223978,52.886427524475536,51.4956846853147,50.84702665734266,Jose Fermin,33908,820862
Dietrich Enns,BAL,16,93.91212499999997,NA,107.1806896551724,NA,101.97481481481482,100.32625,111.04440677966102,NA,NA,50.761209875,NA,53.27988103448275,NA,40.03411074074074,42.054610000000004,62.17558694915254,NA,99.80966323024056,86.25565635738832,85.38964948453608,50.536889072164946,45.977582646048106,45.07307515463918,Dietrich Enns,13932,608650
Victor Vodnik,2 Tms,41,98.43911357340717,108.52705882352942,78.06142857142856,NA,106.57342857142856,NA,98.38086956521738,NA,NA,58.11197822714682,73.15880933333332,78.46059,NA,58.01105304761906,NA,62.09044686956521,NA,100.72694709917963,92.41829864491463,98.0152605522252,58.07376229805015,48.00284880222841,50.35993902506964,Victor Vodnik,24614,680767
Anthony Nunez,BAL,45,105.7910502283105,96.02535714285716,93.74457142857142,NA,112.26026666666667,NA,109.15624999999999,NA,NA,62.03162812785389,58.977719642857146,64.68356542857144,NA,64.21597168888889,NA,61.211718409090935,NA,106.48061860669138,87.35957037955072,95.26738602162085,61.56496045513654,45.60394459037711,55.226489440832246,Anthony Nunez,25796,689296
Brandon Eisert,2 Tms,34.1,83.61867219917012,89.05190476190477,NA,NA,83.91842668344869,NA,78.50307692307692,NA,NA,51.50438497925312,51.07818642857143,NA,NA,43.39896823788546,NA,54.929700465099714,NA,83.05895967643468,106.3776517784299,94.70674599775225,50.128380515625,51.81382835937501,47.937550640625,Brandon Eisert,27668,685126
Keegan Akin,BAL,25.1,100.32593607305937,NA,NA,NA,107.09054545454545,NA,91.03754385964915,NA,NA,56.715298127853885,NA,NA,NA,42.885223727272724,NA,43.55362745614035,NA,99.62102856021198,106.90792815781725,106.06115222298558,50.25461363431151,60.59962952595936,56.3866015349887,Keegan Akin,19362,669211
Alec Gamboa,BOS,17,100.48166666666665,123.71655172413796,NA,NA,114.78293333333335,127.07,136.608,NA,NA,52.85632933333333,61.20825620689655,NA,NA,50.9585988,48.001463333333334,57.413684,NA,109.41751489361702,100.61927051671732,108.19241580547113,51.73844519148936,58.15008944680851,55.937507617021275,Alec Gamboa,26227,687941
Ryan Watson,2 Tms,58.1,99.15816216216217,102.17464968152865,71.29506072874493,85.866,96.23085312971342,99.27259259259257,NA,NA,NA,41.89371216216217,58.009263248407656,43.867529311740896,41.72516400000001,45.0834655882353,63.433424,NA,NA,91.60915375986927,111.36233860338733,104.53018465737397,50.19598728144988,55.2305096162047,55.67144041577825,Ryan Watson,27853,670245
Drew Rom,2 Tms,7.2,87.44386363636364,90.55000000000001,NA,87.25999999999999,93.16000000000001,NA,NA,NA,NA,49.22342170454545,32.92048125,NA,25.894085714285715,35.84097894736842,NA,NA,NA,88.76173913043478,86.84884057971016,77.53289855072464,43.182854202898554,41.90938028985507,38.23803913043478,Drew Rom,24602,680723
Robert Stock,NYM,12.1,99.04666666666667,81.0942857142857,94.96285714285713,NA,88.0590476190476,NA,91.77266666666668,NA,NA,50.00889456140351,46.37624446428572,54.74747228571428,NA,48.2561280952381,NA,50.192306333333335,NA,91.5868668693009,101.91713434650455,92.35809240121581,50.76241434042553,49.60820710638298,50.86463029787234,Robert Stock,6576,476594
Tyler Davis,CHW,26.1,102.30674897119341,NA,NA,114.47039999999998,101.17,NA,NA,NA,NA,59.62805028806585,NA,NA,52.729932399999996,49.960921666666664,NA,NA,NA,102.73541209563994,98.04504922644165,99.57773277074544,54.379108860759494,51.10727007594938,54.096019392405054,Tyler Davis,34847,699823
Scott Blewett,2 Tms,13,88.356,88.35600000000001,79.88576271186442,114.94476190476192,94.74745762711865,NA,NA,NA,NA,35.51767054545455,39.158914800000005,58.42919762711863,47.26862619047618,43.4736113559322,NA,NA,NA,90.29589910850186,100.167627745162,95.52975429441183,47.18490205479452,47.78353730593607,47.969175890410966,Scott Blewett,16427,656240
Garrett Stallings,MIL,8,94.09,95.60125,84.39599999999999,NA,96.81,97.42,85.1516,NA,NA,28.756275000000002,34.8840759375,45.11274914285715,NA,45.983025,54.581805,53.234521,NA,88.28959616153539,93.61568172730908,86.99277089164335,50.455387131147546,54.77789688524591,50.16643016393442,Garrett Stallings,27485,668831
AJ Smith-Shawver,ATL,4.1,102.22,94.14,NA,123.28000000000002,92.08,90.88,NA,NA,NA,60.66610000000001,51.08479,NA,61.876,42.87861,46.32296,NA,NA,106.55217391304349,90.52115942028986,97.56695652173913,56.21543,51.29874,53.52147,AJ Smith-Shawver,29960,700363
Cooper Criswell,SEA,30.2,107.53000000000002,106.44466666666666,95.89897959183676,NA,117.73545454545456,112.63000000000001,88.89,NA,NA,39.50668869565218,49.282767,51.8647037755102,NA,58.89086977272726,NA,53.22630443548387,NA,101.76331649831651,111.85122234247233,109.92270683020682,54.660194285714304,60.75394493506494,59.78407201298701,Cooper Criswell,24975,681867
Quinn Mathews,STL,5,94.84,113.14,NA,NA,101.76,129.5,98.44,NA,NA,52.32631,77.45825,NA,NA,48.04007000000001,41.62478,45.32513,NA,102.51154639175259,100.95855670103093,96.08268041237113,49.14393,51.04809,51.9117,Quinn Mathews,33851,687273
Yuki Matsui,SDP,48,96.59609427609429,92.14956521739133,NA,115.5257711442786,103.0312196849,NA,NA,NA,NA,58.218996363636364,48.15274409090909,NA,38.16658582089553,41.685354275092934,NA,NA,NA,103.44999011173584,88.6562963704185,92.47566733672906,49.09639920353982,47.948166611883686,47.690480758533496,Yuki Matsui,33826,673513
Nick Frasso,COL,4,95.58319999999999,NA,89.07,NA,104.00285714285714,NA,98.31181818181817,NA,NA,58.357917799999996,NA,60.068397499999996,NA,58.62726285714286,NA,59.621584545454546,NA,96.6546987951807,84.26830616583983,78.41386250885897,56.551076265060246,42.032485421686744,45.352955180722894,Nick Frasso,27861,693308
Kenley Jansen,DET,32.2,NA,128.67222222222222,107.92365180467091,NA,106.73636363636365,NA,NA,NA,NA,NA,61.39889138888888,38.16994222929937,NA,49.06922818181818,NA,NA,NA,109.1844646098004,99.30370235934662,108.51281306715063,48.305405154264974,46.8968825952813,49.42764451905626,Kenley Jansen,3096,445276
Brian Fitzpatrick,MIL,6.2,92.00782608695651,94.61200000000001,NA,NA,99.79466666666667,NA,105.22166666666668,NA,NA,39.41492130434783,57.423878,NA,NA,45.83507899999999,NA,51.87968527777778,NA,98.99302752293578,108.33504587155964,107.40697247706422,50.83957449541284,56.149354954128434,54.85635055045872,Brian Fitzpatrick,31624,702153
JoJo Romero,STL,43,117.49571428571429,106.21635220125785,NA,NA,119.00561538461537,NA,93.37984496124032,NA,NA,29.195173571428573,51.426759496855354,NA,NA,60.05519384615383,NA,40.711916124031006,NA,108.83565919273163,99.65825465782193,108.85902429024446,54.37237715672677,54.68776099861304,55.54218120665742,JoJo Romero,19574,668941
Tayler Saucedo,LAA,8,94.8792,99.525,NA,NA,100.70955223880595,NA,82.1025,NA,NA,44.0846508,46.49842964285714,NA,NA,48.60215014925374,NA,38.477295624999996,NA,97.20485294117645,75.45220588235293,74.44264705882354,48.99070889705883,36.72437433823529,38.128152279411765,Tayler Saucedo,17888,642048
Cade Povich,BAL,28.1,100.7093137254902,97.75399999999999,NA,NA,98.75812499999999,106.50505263157895,95.9932,NA,NA,55.651995784313726,37.51919875,NA,NA,38.85230953125,45.92062284210525,50.0136272,NA,100.94129287195511,91.56296321779766,92.32318912875203,47.94647370860926,50.655715739514356,49.67036662251655,Cade Povich,30055,700249
Zach Agnos,COL,70.2,86.09557093425605,86.57733333333331,88.3076470588235,95.25398373983741,95.00953638013527,NA,NA,NA,NA,42.233284394463674,39.727248666666675,39.10276264705883,36.72221113821138,43.484217178683394,NA,NA,NA,90.17015849893563,99.58156455873883,90.62863472574539,45.258545212489146,49.80685888117953,48.967479861231574,Zach Agnos,31552,688642
Dean Kremer,2 Tms,53.1,97.36672811059907,80.32152671755726,93.42459259259259,93.16146938775509,101.988,78.64386554621848,NA,NA,NA,45.7525394470046,32.57888129770993,45.43801800000001,44.80949991836734,46.703473333333335,43.18527781512604,NA,NA,90.46380008956709,94.811907783877,88.47629530713738,45.7633391087963,48.154699317129634,45.82657993055555,Dean Kremer,19350,665152
Tyler Schweitzer,CHW,22.2,96.06066225165563,99.104,NA,NA,101.52133333333333,NA,97.04470588235294,NA,NA,59.75611529801324,64.35801799999999,NA,NA,47.90567206060607,NA,45.60945,NA,98.7418888888889,102.11505555555556,102.30577777777778,53.10436905555556,54.679050749999995,54.69001294444445,Tyler Schweitzer,31920,805326
Pete Fairbanks,MIA,38.1,111.67414492753622,NA,141.47162500000005,NA,133.398224852071,NA,85.91285714285712,NA,NA,62.39907159420291,NA,73.144746,NA,39.966975088757394,NA,36.22400928571429,NA,123.39009084556257,89.72717841208407,107.2411288501855,54.923123570391866,53.13358117561683,54.49122044992743,Pete Fairbanks,17998,664126
Zach Pop,PHI,7.1,NA,107.54320987654322,85.568,NA,107.97235294117648,NA,NA,NA,NA,NA,61.657093194444435,47.790059285714285,NA,50.9344078125,NA,NA,NA,105.05869413919413,91.91904542124541,96.62526410256412,55.0195336440678,47.89533398305085,53.734045423728816,Zach Pop,20185,647315
Dax Fulton,MIA,14,98.64883116883115,101.98235294117647,NA,NA,113.10092307692308,NA,98.38133333333333,NA,NA,68.8659974025974,61.40603294117647,NA,NA,51.956286846153844,NA,54.21734733333333,NA,108.71525568203182,77.26524748152286,88.58868228149937,59.399927866108776,41.69782903765691,46.08757882845189,Dax Fulton,27757,690978
Paul Gervase,LAD,7.2,92.58945454545454,NA,77.58105263157894,NA,83.46625,NA,91.38,NA,NA,44.470394181818186,NA,43.93590947368421,NA,42.982195624999996,NA,51.276740000000004,NA,86.73870967741935,89.38483870967741,82.3517741935484,45.63985846774194,48.92915370967742,44.96077129032258,Paul Gervase,31571,801434
Bruce Zimmermann,STL,5,78.1,85.98,83.12,74.7,78.1,82.12,NA,NA,NA,38.01671,52.398109999999996,42.166,20,42.77107,47.01073,NA,NA,81.2718309859155,109.57154929577464,97.4107042253521,44.50917,50.20344,46.4335,Bruce Zimmermann,20370,669145
Griffin Canning,SDP,72,84.28202453987731,95.62159999999999,87.39717948717949,NA,97.93750287356319,NA,91.14160839160839,83.87901960784313,NA,41.140539693251526,49.62503615999999,50.48578753246753,NA,52.5939206321839,NA,58.87996073426572,42.13761009803921,90.87371413343448,96.25469346697525,90.22458489878927,51.650729715639805,48.65476208530806,47.269236224328594,Griffin Canning,19867,656288
Andrew Painter,PHI,85.1,93.09748453608249,82.63942028985507,NA,97.541097560975615,113.26437069022289,119.47532710280375,93.70309859154929,NA,NA,55.13012668041237,53.40797362318841,NA,49.50525206451613,53.943654822834645,47.351440841121494,52.816338309859155,NA,101.55997042482714,100.82531323774899,103.89348297843341,53.8740725526137,52.18415067888662,53.84349059742023,Andrew Painter,30091,691725
Ricky Tiedemann,TOR,1.2,107.26000000000002,NA,NA,NA,124.4,NA,143.22,NA,NA,58.41356,NA,NA,NA,60.93798,NA,62.03204,NA,118.7488888888889,117.38666666666667,128.78518518518518,61.03442,54.68982,63.08953,Ricky Tiedemann,30165,694357
Cody Ponce,TOR,2.1,106.68,NA,NA,NA,81.06,105.36,97.04,NA,NA,57.1499,NA,NA,NA,55.10004,56.64354,48.256319999999995,NA,94.78340425531914,83.78851063829786,80.27106382978724,55.72847000000001,36.83901,41.04371,Cody Ponce,17920,664074
Greg Weissert,BOS,46.1,103.32018691588783,99.84021660649822,NA,NA,113.37503048780488,122.497,96.82024999999999,NA,NA,44.28116532710281,49.308661010830335,NA,NA,53.24060048780488,48.19991210526316,59.1431685,NA,104.06762829744693,105.5183875533378,105.21996495938443,49.862427671957676,58.68426022486772,57.45607652116402,Greg Weissert,20375,669711
Khristian Curtis,PIT,5,95.88,NA,85.1,NA,103.1,77.16,90.54,NA,NA,55.50788,NA,53.89995999999999,NA,46.72022,48.79246,54.32693,NA,91.42264705882353,106.63882352941177,104.3785294117647,53.61859,49.41328,51.83277,Khristian Curtis,33865,694753
Grant Anderson,MIL,49.1,107.11578947368422,99.49602339181288,NA,NA,102.73374999999999,NA,67.64947368421053,NA,NA,56.82736866666668,57.29570497076023,54.01934,NA,51.938115,NA,57.284718947368425,NA,102.84325550132519,103.05314337434983,106.54960243807429,53.95748860589813,55.18016014745309,55.802621769437,Grant Anderson,20546,681982
Eddy Yean,WSN,10,82.80499999999999,88.14800000000001,NA,NA,93.51142857142858,NA,82.29238095238095,NA,NA,48.2300125,52.219943375,NA,NA,50.78448428571429,NA,43.917749285714294,NA,86.86626984126983,109.184,99.95172486772486,50.437783857142854,49.911642571428565,50.605325,Eddy Yean,24248,678868
Sam Aldegheri,LAA,33.2,80.65201388888889,NA,104.25220338983051,NA,100.88642857142858,90.16521739130435,95.93714285714285,NA,NA,39.885734409722225,NA,39.67522604651162,NA,31.921161481481484,37.65633282608696,53.75796052910054,NA,89.4267737704918,96.65657666345227,86.95417974927676,44.551783770491795,49.81769596721311,47.511542295081966,Sam Aldegheri,26443,691951
Owen Murphy,ATL,6.2,98.64861538461538,82.52,NA,NA,92.26461538461538,95.065,92.205,NA,NA,49.310077076923086,37.10844,NA,NA,40.163156923076926,40.7210575,45.54297583333334,NA,95.95120689655171,106.82155172413792,96.69810344827587,45.816643793103445,62.80901646551724,56.83883982758621,Owen Murphy,31761,702566
Brooks Kriske,ATH,2.2,92.75666666666666,NA,94.08,103.18117647058823,NA,NA,NA,NA,NA,42.72676166666667,NA,50.117470000000004,48.9877705882353,NA,NA,NA,NA,98.14736842105262,100.00736842105262,96.41368421052633,49.95707052631579,51.024691052631574,51.2512147368421,Brooks Kriske,21189,621139
Burch Smith,DET,17,106.38592000000001,80.99000000000001,91.30833333333332,NA,NA,85.95205479452054,98.29481481481481,NA,NA,50.56320215999999,57.54664,59.238269666666675,NA,NA,48.841066438356165,47.156346666666664,NA,97.16252991970914,88.02575670352977,88.6705983941827,49.34066324041812,47.87588675958189,47.33701299651567,Burch Smith,12784,572143
DL Hall,MIL,37.2,93.56955555555555,104.94370689655173,84.10000000000001,NA,114.70867592592592,100.69204301075267,89.1529090909091,NA,NA,59.015038000000004,58.51310982758621,44.33000666666666,NA,64.66486518518518,66.61295838709678,44.68942063636364,NA,101.6762613134524,91.97117096135592,95.05012151167875,57.488455899843494,48.31529435054774,50.846714194053206,DL Hall,22207,669084
William Kempner,MIA,12.1,120.76145833333332,105.26689655172413,100.91680000000001,NA,123.97545454545455,NA,90.468,NA,NA,62.147926250000005,47.35699827586207,63.0841064,NA,60.13700545454546,NA,54.751414,NA,115.95989949748744,83.57748743718594,96.47698492462311,57.039472462311565,46.50165753768843,52.04700658291458,William Kempner,31615,687531
Edward Cabrera,CHC,76,86.28534562211982,93.59180811808118,NA,NA,100.88533333333334,106.02317460317461,88.10395886889461,NA,NA,47.48616788018434,51.97514490774907,NA,NA,49.499662933333326,54.60217690476191,51.894697326478145,NA,93.98393763957887,104.88206590471714,99.83448718000358,51.98300946093751,51.590205179687494,50.297859125,Edward Cabrera,21690,665795
Josh Walker,BAL,15,87.2176923076923,101.76984126984127,NA,NA,102.25627450980393,NA,81.75692307692307,NA,NA,54.41664211538461,51.93275396825397,NA,NA,43.06822823529412,NA,40.79796461538462,NA,97.56928388746803,95.74738618925832,93.21861892583122,48.79050147826088,49.990911000000004,47.86656169565218,Josh Walker,23617,677020
Eduardo Rivera,BOS,10,92.23298245614035,NA,NA,NA,106.25230769230768,NA,118.71677419354839,NA,NA,57.99214236842105,NA,NA,NA,50.50981923076923,NA,50.39619516129032,NA,100.48180952380953,95.99419047619048,98.40361904761905,53.83302209523809,49.28009385714286,50.47093980952381,Eduardo Rivera,31280,700842
Yerry De los Santos,NYY,12,73.86095238095238,95.70491525423729,NA,NA,101.50545454545454,NA,100.5281818181818,NA,NA,36.26810619047619,49.57780347457627,NA,NA,39.170044545454545,NA,48.72091613636364,NA,94.60556701030926,99.87058762886598,92.25431958762888,47.984479948453604,54.995395360824745,52.704983917525766,Yerry De Los Santos,21420,660787
Carlos Rodriguez,MIL,9.1,100.05387755102039,NA,86.21142857142857,NA,111.4,102.35,69.60119402985075,NA,NA,44.84168040816326,NA,33.349645510204084,NA,52.5501,35.303704999999994,49.13525507462686,NA,86.31711954711956,83.13114885114885,73.98586746586747,48.6441226923077,44.995774450549455,42.49169010989011,Carlos Rodriguez,30161,692230
Luis Mey,CIN,15.1,64.48,97.02814371257485,NA,NA,118.6710743801653,NA,NA,NA,NA,54.70529,60.55377964071857,NA,NA,63.67149983471075,NA,NA,NA,105.52245733788396,95.02313993174062,100.95242320819114,60.344991535836165,46.78155566552901,52.0758495221843,Luis Mey,25620,682825
Hunter Stratton,2 Tms,3.1,101.69040000000001,105.76,106.77999999999999,NA,110.41777777777777,NA,NA,NA,NA,57.31641479999999,68.87188,42.879447272727276,NA,49.169933333333326,NA,NA,NA,105.64071428571431,98.67071428571428,98.26464285714285,52.4023625,57.409920178571426,56.476526785714285,Hunter Stratton,23455,676702
Xzavion Curry,NYM,16,81.33111111111111,74.0357894736842,NA,87.95179487179487,90.26631578947368,88.05571428571429,NA,NA,NA,38.42463012345679,32.639564210526316,45.68819,30.735316666666666,36.52348592105263,36.572882142857154,NA,NA,85.39269709543568,93.01236514522823,85.5311203319502,38.77410804979253,49.32496473029046,42.887550788381745,Xzavion Curry,25595,675540
Spencer Strider,ATL,39,96.35130699088147,NA,NA,NA,98.25926701570681,94.39400000000002,98.04028169014084,NA,NA,53.47730303951368,NA,NA,NA,44.43795921465969,45.362280600000005,54.94986563380282,NA,96.75558431844422,94.03480186669702,90.11463080700499,49.056761895803184,48.69378842257598,48.069509276411,Spencer Strider,27498,675911
Cade Gibson,MIA,32.2,82.00583333333334,96.90027972027971,NA,NA,111.74040865384615,109.80057553956837,92.695,NA,NA,42.66568124999999,42.493721748251744,NA,NA,58.46281953125,71.6900001438849,36.88740925,NA,105.30920708748616,95.43164299557033,99.63019006090806,58.43687968438538,52.293632990033224,54.85728519933555,Cade Gibson,31815,806188
Mitch Bratt,ARI,33.2,89.78256880733946,84.62,NA,NA,93.75833333333334,96.75037974683543,83.41396226415094,NA,NA,49.93702655963303,47.23836980392157,NA,NA,36.968438166666665,45.66101860759494,37.72649150943396,NA,91.15994283905395,97.83036772235539,89.79956051493087,44.512616148148155,49.233679296296295,47.566277629629624,Mitch Bratt,30003,683352
Paxton Schultz,WSN,32.1,91.35574879227053,NA,92.85080882352942,NA,94.67727272727271,NA,85.28022988505748,NA,NA,33.5317,NA,40.70249632352942,NA,29.864851190476188,NA,30.722015977011498,NA,91.39990960134337,103.77192845055525,95.38857355293311,41.08937637704918,48.47139355737706,45.46952244262295,Paxton Schultz,25501,687606
Gabe Speier,SEA,32.1,115.64738461538461,111.01802469135804,NA,NA,113.32986486486486,NA,87.86,NA,NA,54.1534698979592,61.175580000000004,NA,NA,42.99661797297298,NA,53.105165,NA,113.42868127919512,100.93560357955614,110.0261824341666,50.74482470355732,59.41017254940712,57.998117727272735,Gabe Speier,17170,642100
Codi Heuer,CLE,9.2,93.63234567901233,106.24,NA,NA,106.81737704918034,NA,92.08782608695654,NA,NA,48.01821222222222,49.47578,NA,NA,51.94939885245901,NA,55.62780826086957,NA,97.57862433862434,84.38349206349206,82.30105820105821,52.274679788359784,46.86379502645503,45.697360052910064,Codi Heuer,23293,676051
Trevor Williams,WSN,11.1,97.54355555555556,80.7121212121212,NA,NA,96.23657142857142,NA,73.136,NA,NA,47.60152511111111,46.86205424242425,NA,NA,49.11158485714286,NA,42.85058300000001,NA,92.25945539906103,100.74936016096578,87.62380952380953,48.31891845070423,60.53313971830986,57.71443985915493,Trevor Williams,16977,592866
Logan Allen,CLE,8.1,110.76,100.40941176470588,95.79066666666667,NA,99.13000000000001,NA,77.69571428571429,NA,NA,45.10122909090909,40.72543647058824,42.720402,NA,50.78583366666667,NA,35.272107142857145,NA,100.34422272791922,90.48080500640023,86.11696202531645,46.58777196629214,51.76645595505618,46.63878140449439,Logan Allen,27589,671106
Luke Murphy,LAA,8,88.62202247191011,NA,89.18387096774192,NA,118.4511111111111,NA,100.06,NA,NA,47.64868898876405,NA,55.55057838709676,NA,46.28379444444444,NA,54.038470000000004,NA,91.6563832997988,85.15995975855131,76.56846579476861,48.483970422535215,41.54251225352113,42.025860985915486,Luke Murphy,29952,684665
Jack Weisenburger,NYM,3,105.13,98.64,89.12,NA,116.24666666666667,NA,80.48,NA,NA,39.627611,54.522574,44.856886,NA,56.51636666666667,NA,43.63182,NA,105.82318181818182,111.51045454545455,108.805,52.27029409090908,62.147712500000004,61.05066727272728,Jack Weisenburger,26333,674073
Jake Woodford,2 Tms,26.1,130.815,99.28015037593987,97.54117647058821,90.17999999999999,109.07448717948719,119.33,NA,NA,NA,46.0545475,45.521164436090224,42.20434223529412,NA,51.14708910256411,NA,NA,NA,98.32110726369892,103.41382848076053,100.49736280617294,50.191805339168496,56.49366385120349,55.97692439824944,Jake Woodford,18674,663765
Jackson Kent,WSN,4,87.74,NA,NA,NA,82.72,74.48,54.32000000000001,NA,NA,47.78233,NA,NA,NA,43.57664,51.00762,39.53667,NA,77.87333333333335,90.740256410256407,79.51333333333334,46.39963,42.73646,38.11029,Jackson Kent,35462,800600
Cole Winn,TEX,43,107.71164319248827,114.48181818181818,84.60657276995308,101.18081632653062,100.81911949685535,93.4,NA,NA,NA,54.064877370892006,65.2699590909091,50.90098746478874,53.54099030612245,52.46809452830189,NA,NA,NA,98.26313277901332,98.45449229531809,98.11672142496228,53.91064402877697,50.80295883453237,51.42751798561151,Cole Winn,22113,668390
Alex McFarlane,PHI,3.1,126.93263157894738,123.64736842105265,NA,NA,133.42181818181817,NA,NA,NA,NA,69.21783894736842,70.52361315789474,NA,NA,67.03169136363637,NA,NA,NA,128.27166666666665,85.96999999999998,115.68866666666668,64.95244366666667,50.673974666666666,57.449183,Alexander McFarlane,31773,686934
Kyle Backhus,PHI,20,NA,116.34540816326533,NA,NA,104.53719008264461,NA,92.27513513513516,NA,NA,NA,56.14923704081633,NA,NA,54.100305950413215,NA,43.41204621621621,NA,109.74360774818402,95.46881759483456,99.26828894269572,54.23972398305085,57.56386144067796,56.58544412429379,Kyle Backhus,29615,679775
Hunter Bigge,TBR,19.1,92.35097560975609,NA,NA,136.11882352941174,101.47419847328244,129.77714285714288,NA,NA,NA,63.508235975609765,NA,NA,63.636073124999996,52.90598916030534,59.290698571428564,NA,NA,99.2795342588446,77.82722794446931,80.88925212718318,57.708351379310336,45.172843918495296,46.168732884012535,Hunter Bigge,26259,685801
Alimber Santa,HOU,15.1,83.85666666666667,93.02214285714285,NA,NA,110.10853658536587,NA,NA,NA,NA,37.67866888888889,NA,NA,NA,51.52005804878048,NA,NA,NA,103.72172379573006,100.1727440725244,102.72387994850338,49.990854644351465,49.60510815899581,52.71540941422594,Alimber Santa,28846,695001
David Morgan,SDP,22,95.54785714285715,102.61026548672565,NA,NA,104.08579710144927,108.08776699029127,NA,NA,NA,65.19224371681415,59.04177159292035,NA,NA,45.401622753623194,46.299185631067964,NA,NA,102.25842208205437,97.94084622036145,99.0832984832604,51.598152130325815,46.08531824561404,49.56243679197994,David Morgan,31616,688158
Vince Velasquez,CHC,3.1,100.45714285714286,67.53999999999999,84.58999999999999,NA,87.06,NA,79.06,78.73333333333333,NA,50.248278571428564,29.02791,35.01898,NA,42.51792,NA,38.60611,36.889815,90.70139534883721,101.28976744186046,89.83953488372092,45.13182279069767,55.73255069767442,50.65471418604652,Vince Velasquez,11189,592826
Ty Blach,CHC,3,NA,99.52,141.58,NA,NA,NA,94.86,NA,NA,NA,NA,NA,NA,NA,NA,NA,NA,110.27,130.02599999999998,141.99866666666668,NA,NA,NA,Ty Blach,14361,621389
José Urquidy,2 Tms,10,92.62936170212765,90.0806896551724,NA,NA,105.05416666666667,90.6384,111.58758620689656,NA,NA,50.12108531914894,34.91237896551724,NA,NA,48.390805,38.0875328,53.38032879310345,NA,100.02108415300548,110.13929867291179,108.04438844652614,48.55150797814208,64.13074459016393,60.24847606557377,Jose Urquidy,18413,664353
Hagen Smith,CHW,4.2,111.74095238095238,NA,95.9217391304348,NA,120.33999999999999,NA,86.93,NA,NA,63.117186428571436,NA,62.954611739130435,NA,54.741394,NA,46.243275,NA,107.41602996254682,75.2629213483146,82.80711610486891,57.79301292134832,40.34857528089888,44.537922359550564,Hagen Smith,35205,696146
Daniel Espino,CLE,6,111.75769230769231,NA,NA,NA,107.87931034482757,107.8076923076923,NA,NA,NA,65.48230935897435,NA,NA,NA,55.597144827586206,49.20124,NA,NA,110.39249999999998,93.50666666666666,103.63000000000001,57.505074666666665,49.27653608333333,55.9291185,Daniel Espino,25625,682982
Zach McCambley,CIN,7.2,97.71764705882353,83.78,97.52111111111111,NA,101.59515151515151,NA,NA,NA,NA,52.968657647058826,25.38112,58.15741444444445,NA,44.61887696969697,NA,NA,NA,98.14810126582279,82.06,76.82113924050631,52.462922025316445,38.838832278481014,47.04556132911392,Zach McCambley,27666,685112
Juan Burgos,ARI,2.2,NA,103.53999999999999,107.45,NA,142.71,NA,NA,NA,NA,NA,56.331275,64.73635,NA,62.69380125000001,NA,NA,NA,113.49493421052634,93.25973684210526,102.76013157894737,58.4561247368421,56.30579578947368,58.950557894736846,Juan Burgos,27271,686228
Matt Svanson,STL,43.1,88.00222222222222,90.91265536723162,86.15450292397664,NA,109.38677165354332,NA,NA,NA,NA,43.149361666666664,45.44213850282486,55.483355964912285,NA,52.79039677165355,NA,NA,NA,95.80448956570785,100.25238860688097,95.92133389734911,51.73776483502538,52.77597588832486,52.616538401015234,Matt Svanson,29629,694335
Cade Horton,CHC,7.1,100.18622222222223,96.42,NA,NA,116.86,105.96,88.26526315789475,NA,NA,61.03773266666667,70.28415,NA,NA,51.5695,51.76387,51.23434052631578,NA,99.55509792401098,116.29349915132524,113.2453306567437,55.23814532608696,60.659682608695654,62.564210869565215,Cade Horton,31872,690990
Ian Hamilton,ATL,4.2,82.712,86.902,NA,NA,99.8242105263158,NA,NA,NA,NA,40.396135199999996,48.22114800000001,NA,NA,44.88393807017544,NA,NA,NA,93.7695652173913,84.39,81.77173913043478,46.50503782608696,45.25303576086957,42.62044054347826,Ian Hamilton,19261,641656
Yacksel Ríos,CHC,1.2,102.24,112.4,NA,108.16,94.28,NA,NA,NA,NA,56.35462,62.97977999999999,NA,50.31672,41.43212,NA,NA,NA,106.44615384615385,106.25384615384615,109.5676923076923,52.28443,63.16171,62.47663,Yacksel Rios,15007,605441
Nolan Hoffman,PHI,4.2,82.4542857142857,112.59333333333335,97.45857142857143,NA,116.9309090909091,NA,88.40000000000002,NA,NA,48.032630000000005,54.667497499999996,50.520911071428564,NA,58.397569090909094,NA,49.53999000000001,NA,96.83073170731706,85.41804878048781,85.98073170731708,51.61101036585366,45.154022195121954,45.974435,Nolan Hoffman,23381,676510
Pierce Johnson,CIN,35.1,80.54101851851853,NA,73.56,NA,NA,110.56673684210527,NA,NA,NA,43.07871708333333,NA,41.62517,NA,NA,53.97003078947369,NA,NA,99.55648494983278,101.37448160535116,95.95681605351173,47.509537826086955,51.969723060200685,51.45532120401338,Pierce Johnson,13435,572955
Carl Edwards Jr.,NYM,6,87.66377358490567,NA,NA,NA,NA,92.87599999999999,81.0925,NA,NA,60.803396981132074,NA,NA,NA,NA,48.16583333333333,64.428500625,NA,88.18121212121213,94.91393939393939,86.1010101010101,53.62758030303031,40.702382121212125,45.158358585858586,Carl Edwards Jr.,13607,605218
Robert Garcia,TEX,8,110.21264705882352,NA,NA,NA,101.67333333333333,NA,121.3142857142857,NA,NA,60.37280867647058,NA,NA,NA,44.79802388888889,NA,79.11480408163266,NA,111.75882352941179,89.67908496732026,103.33934640522875,60.829681241830066,52.22012516339869,54.45079973856209,Robert Garcia,23363,676395
Welinton Herrera,COL,2.1,83.21857142857142,NA,NA,NA,106.752,NA,99.17428571428572,NA,NA,52.1583125,NA,NA,NA,43.008556,NA,43.990365714285716,NA,90.93022222222224,100.25999999999999,93.02266666666665,48.261012,52.993814,48.261386,Welinton Herrera,29318,700327
Connor Seabold,3 Tms,24,90.26723577235774,NA,99.93652173913043,NA,92.03324561403508,NA,89.5194,NA,NA,45.20709922764229,NA,49.60685369565217,NA,41.003962105263156,NA,62.0575096,NA,91.20343109435069,101.13123562582928,91.62840976699385,48.57478273109244,51.38376334033613,50.56226560924371,Connor Seabold,19695,657756
Spencer Bivens,SFG,2,97.78,109.18,105.6,NA,151.43454545454549,NA,96.41999999999999,NA,NA,55.05618,57.28221333333334,47.24379,NA,62.31827818181819,NA,33.907245,NA,118.37022222222222,87.36355555555555,98.27377777777777,55.65509511111111,59.42393088888888,54.69655288888889,Spencer Bivens,30226,702352
Eiberson Castellano,COL,3,83.64,83.62,NA,NA,NA,101.6,76.78,NA,NA,47.17908,36.91703,NA,NA,NA,48.10086,38.010980000000004,NA,89.91428571428571,87.4,80.28914285714285,43.44,37.86043,35.20484,Eiberson Castellano,28040,682769
Matt Pushard,STL,7,85.35074074074073,87,NA,NA,104.41458536585365,108.31066666666666,103.85333333333334,NA,NA,45.562942222222226,70.56174,NA,NA,48.14779414634146,50.828472,63.60154111111111,NA,96.27916111111111,90.33257530864198,83.68555185185184,48.74617508333333,48.078411583333335,46.92138258333333,Matthew Pushard,31870,690155
Trent Harris,SFG,2.2,NA,78.38235294117646,94.69047619047619,NA,109.2704761904762,99.62266666666667,NA,NA,NA,NA,44.06055647058824,29.584401904761904,NA,62.42333476190476,53.06541933333334,NA,NA,96.33278586278587,95.99624393624394,97.26133749133749,51.69946743243243,51.85472175675675,51.139723243243246,Trenton Harris,33214,805345
Nicky Lopez,TEX,1,NA,NA,NA,NA,NA,NA,NA,NA,NA,28.90912,NA,NA,NA,NA,NA,NA,NA,14.134999999999996,120.83499999999998,52.19166666666667,29.33233,32.68205,32.02434,Nicky Lopez,19339,670032
Jefry Yan,NYM,5,115.63375,117.65632653061225,NA,NA,118.78615384615387,NA,NA,NA,NA,65.770234375,65.18344204081633,NA,NA,66.64303653846154,NA,NA,NA,117.62351648351647,53.77516483516484,72.96461538461539,61.60489054945054,29.505691428571428,39.397755604395606,Jefry Yan,27902,642376
James Karinchak,ATL,9.2,86.36489795918368,NA,NA,NA,NA,107.3396875,NA,NA,NA,56.175761888888886,NA,NA,NA,NA,51.650199661016956,NA,NA,94.72290809327845,91.9585596707819,87.99098765432099,50.08418362416108,40.96649100671141,43.56277852348993,James Karinchak,20151,675916
Noah Murdock,PIT,3,94.42,104.14814814814815,86.96249999999999,NA,76.8,117.896,NA,NA,NA,NA,44.74535296296296,48.587565000000005,NA,46.54005,55.69909199999999,NA,NA,105.24074730354391,68.99228813559323,73.4624036979969,49.06776779661016,38.35733847457627,40.042073220338985,Noah Murdock,27908,668716
Drey Jameson,ARI,17.1,89.01176470588236,84.31215686274508,NA,NA,103.57711711711713,NA,95.86981132075472,NA,NA,59.04043333333333,42.55986918367346,NA,NA,48.50675756756756,NA,52.53110547169812,NA,95.55518796992482,88.24563909774434,86.3581203007519,52.50995748120301,49.31471631578946,50.183641090225564,Drey Jameson,26260,686753
Marco Gonzales,TEX,6.2,96.59684210526316,76.076,82.624,NA,NA,92.666,98.22,NA,NA,41.899679210526315,33.189018,30.939598,NA,NA,50.495011,45.07826,NA,92.6389223374652,99.3233746521629,89.95641032127499,44.83840940677966,52.54120593220339,48.35662855932203,Marco Gonzales,15467,594835
Austin Hedges,CLE,2.2,NA,NA,NA,NA,NA,NA,62.918666666666674,NA,NA,26.88858384615385,NA,NA,NA,NA,NA,37.453828666666666,NA,68.55933333333334,118.162,93.34266666666666,36.989865333333334,57.929873,45.789276666666666,Austin Hedges,12976,595978
Travis Adams,MIN,38,89.1833540372671,94.21222222222222,94.11808823529414,NA,98.25028571428571,NA,90.35043010752686,NA,NA,50.38852515527951,49.82962526315789,40.78114455882353,NA,40.21273863309353,NA,49.80586403225805,NA,92.76055986138589,92.18383505954459,85.59895791147835,49.22978919818457,50.50450046898637,48.20040310136156,Travis Adams,30180,701519
Joel Peguero,SFG,11.1,85.4101369863014,104.58666666666667,NA,NA,118.42205128205129,NA,NA,NA,NA,59.599318630136985,60.27234140350877,NA,NA,51.01492692307692,NA,NA,NA,99.49609467455622,107.70272189349112,106.44189349112426,54.40694810650888,56.14566704142012,57.24533644970414,Joel Peguero,21951,666711
Jake Eder,LAD,4,80.01352941176471,NA,NA,NA,109.67263157894737,119.82,102.14,NA,NA,40.85522911764706,NA,NA,NA,45.52648368421052,51.68949,41.74915,NA,91.8932142857143,97.27964285714286,90.24607142857143,43.32037910714285,50.22390946428571,45.60765964285714,Jake Eder,27590,671109
Jake Rogers,DET,2.1,NA,NA,NA,NA,NA,NA,NA,NA,NA,31.314488333333333,NA,NA,NA,NA,NA,NA,NA,31.349767441860465,84.32000000000001,34.56883720930232,30.581052558139532,61.31686581395349,38.921987906976746,Jake Rogers,19452,668670
Zach Eflin,BAL,3.2,89.66,104.52,89.62,NA,98.6,100.62000000000002,88.2,NA,NA,37.71277,37.16783,50.67917,NA,43.9063,42.113899999999994,48.95855,NA,95.30594594594594,106.65783783783785,98.33972972972974,46.17547,55.46657,52.03106,Zach Eflin,13774,621107
Guillo Zuñiga,NYM,1,99.48,82.22,NA,NA,158.06,NA,88.02,NA,NA,61.58589,53.12426000000001,NA,NA,67.3997,NA,56.88719,NA,106.43,68.60000000000001,69.84555555555556,57.96693,41.34666,48.6166,Guillo Zuniga,19588,670871
P.J. Higgins,CIN,1,NA,NA,NA,NA,23.5,NA,24.019999999999996,NA,NA,NA,NA,NA,NA,20,NA,20,NA,23.967999999999996,110.18400000000001,42.022,20,41.67312,21.99011,P.J. Higgins,18433,664731
Reese McGuire,CHW,1,NA,NA,NA,NA,NA,NA,NA,NA,NA,NA,NA,NA,NA,NA,NA,NA,NA,13.340000000000003,81.78,-10.679999999999993,NA,NA,NA,Reese McGuire,15674,624512
Garrett Stubbs,PHI,3.1,NA,NA,NA,NA,NA,NA,NA,NA,NA,23.04443652173913,NA,NA,NA,NA,NA,NA,NA,40.22709677419355,98.88516129032259,50.396129032258074,24.702845217391303,32.28114347826087,22.99882217391304,Garrett Stubbs,18067,596117
Jose Trevino,CIN,5,NA,NA,NA,NA,NA,NA,NA,NA,NA,20,NA,NA,NA,NA,NA,NA,NA,46.40069444444445,92.37057870370371,42.14479166666667,20,51.92393779661017,33.509891864406775,Jose Trevino,16725,624431
Jose Cabrera,ARI,17.2,81.9991304347826,90.96461538461539,82.01095890410959,NA,96.54666666666668,114.13882352941177,75.50375,NA,NA,43.13561521739131,46.28019846153846,49.18712835616438,NA,48.206438666666664,50.842491470588236,44.47667812499999,NA,88.34823552123551,84.02344208494208,77.947830115830115,48.440222642857144,44.900320750000006,44.02913921428571,Jose Cabrera,30412,703615
Adrian Del Castillo,ARI,1.2,NA,NA,NA,NA,-7.219999999999999,9.519999999999996,NA,NA,NA,NA,NA,NA,NA,20,20,NA,NA,0.1037499999999989,147.76875,55.48625,20,20,20,Adrian Del Castillo,29554,680728
Joey Gerber,NYM,8.1,99.40114285714286,NA,99.72925925925927,NA,103.8,NA,92.2,NA,NA,50.528427428571426,NA,44.030642500000006,NA,38.81448,NA,55.932985,NA,99.52914728682171,97.58790697674418,99.63813953488373,47.24607395348838,53.36949860465116,50.246812248062014,Joey Gerber,24591,680702
Joey Estes,ATH,4.1,87.26,NA,91.03999999999999,NA,92.3690909090909,NA,75.94,NA,NA,52.18122,NA,50.69127,NA,42.75644,NA,37.62128,NA,89.00394366197183,93.83577464788732,80.01661971830987,48.85234,45.12381,45.33194,Joey Estes,26257,683155
Myles Straw,TOR,3,NA,NA,NA,NA,-28,NA,NA,NA,NA,NA,NA,NA,NA,20,NA,NA,NA,12.396666666666665,103.2791111111111,21.35288888888888,20,20,20,Myles Straw,17620,664702
Christian Koss,SFG,2,NA,NA,NA,NA,NA,NA,NA,NA,NA,NA,NA,NA,NA,NA,NA,NA,NA,16.860000000000003,119.83571428571427,47.01642857142857,NA,NA,NA,Christian Koss,27653,683766
Anthony Banda,MIN,34.1,99.12240506329111,101.5135802469136,NA,NA,109.4371887550201,NA,89.88205128205131,NA,NA,54.692136580645176,54.066257654321,NA,NA,49.91186682730924,NA,45.910362972972976,NA,103.46213306990937,88.76353335534036,91.96515669539258,52.39052474548441,48.20599090311987,48.16873893267651,Anthony Banda,14706,607455
Brycen Mautz,STL,3,96.44,116.46000000000001,NA,NA,74.75999999999999,105.14,NA,NA,NA,52.41040000000001,75.51663,NA,NA,59.446040000000004,47.691680000000005,NA,NA,98.47758620689656,84.8451724137931,87.9858620689655,52.31442,40.55542,44.57627,Brycen Mautz,31910,802408
Craig Kimbrel,3 Tms,36,115.44238442822383,119.20769230769231,NA,NA,99.51386363636365,NA,80.52333333333334,92.52436363636365,NA,58.08745596107056,58.8412362162162,NA,NA,67.155448732757307,NA,50.62373333333332,62.59785381818182,110.21428934712051,92.02055295768062,101.89566541214447,55.969301391162034,47.858956121112925,52.12386927986906,Craig Kimbrel,6655,518886
Jorge Mateo,ATL,2.1,NA,NA,NA,NA,NA,NA,NA,NA,NA,20,NA,NA,NA,NA,NA,NA,NA,15.068330206378976,101.28900562851781,34.13354596622889,20,47.08355170731707,28.038573902439023,Jorge Mateo,17273,622761
Zach Brzykcy,MIA,3,79.65130434782608,NA,NA,NA,96.28666666666668,96.09666666666668,88.72,NA,NA,43.88084,NA,NA,NA,49.49415833333333,53.64301833333332,42.74008,NA,87.18833333333333,80.06375,66.29958333333333,47.02595125,46.003899375,41.190460625,Zach Brzykcy,27783,694350
Michael Fulmer,LAA,1.2,93.56,NA,NA,NA,NA,120.56000000000002,81.03999999999999,NA,NA,25.89358,NA,57.11409,NA,NA,44.36894,47.17567,NA,104.24615384615383,95.66769230769229,85.41846153846154,47.95346,58.92129,58.95867,Michael Fulmer,13218,605242
Tanner Andrews,TOR,3,74.3125,NA,NA,97.46000000000001,91.39333333333333,NA,NA,NA,NA,44.904923749999995,NA,NA,55.28142666666667,43.08162222222222,NA,NA,NA,87.57720930232558,88.50790697674418,88.12418604651162,51.00285837209302,34.996388604651166,34.83853302325581,Tanner Andrews,24698,681084
Kevin Herget,NYM,1,47.68,NA,80.06,NA,NA,NA,89.74,NA,NA,23.37043,NA,20,NA,NA,NA,49.73008,NA,71.80545454545455,118.06181818181817,89.00181818181818,38.86204,73.71829,50.14275,Kevin Herget,15369,643361
Gary Sánchez,MIL,1,70.74,NA,NA,NA,42.26,NA,NA,NA,NA,NA,NA,NA,NA,20,NA,NA,NA,26.78068965517241,96.36689655172414,23.464827586206894,20,30.548730000000003,21.1674,Gary Sanchez,11442,596142
Elmer Rodríguez,NYY,17,75.89055555555555,92.44030303030303,80.12,NA,109.80516025641026,95.84689655172414,93.213125,NA,NA,41.4807975,40.82141121212121,80,NA,49.20444096153846,50.53517931034482,42.587445312499995,NA,93.49949092460845,81.07567730535693,74.67022632681378,45.17658383647799,44.66679880503145,42.95399358490566,Elmer Rodriguez,31811,695684
Rafael Flores Jr.,PIT,1,NA,NA,NA,NA,34.53999999999999,11.980000000000004,NA,NA,NA,NA,NA,NA,NA,20,20,NA,NA,31.71999999999999,95.82,38.2625,20,35.98161,20,Rafael Flores,31991,804668
Zack Short,NYM,1,NA,13.16000000000001,NA,NA,NA,NA,19.960000000000008,NA,NA,20,20,NA,NA,NA,NA,31.83397,NA,23.070000000000004,106.99600000000001,12.123999999999999,22.59437,29.21188,29.53904,Zack Short,19562,670097
Jake Meyers,HOU,1,NA,NA,NA,NA,61.580000000000005,NA,NA,NA,NA,NA,NA,NA,NA,20,NA,NA,NA,61.580000000000005,139.12,88.72,20,20,20,Jake Meyers,20308,676694
JP Sears,SDP,32.2,86.83318681318681,85.60128205128204,82.11555555555555,NA,110.69026666666667,NA,76.74509090909092,NA,NA,42.59097071428571,38.993596025641025,39.82414333333333,NA,47.12024006666667,NA,43.82714036363637,NA,91.215267674133,99.31521022367744,91.61271748784516,46.18643196597354,51.8098445557656,49.14006011342155,JP Sears,23429,676664
Jose Espada,BAL,1,76.58,NA,NA,75.92,104.32,NA,NA,NA,NA,45.15412,NA,NA,25.83724,48.02333,NA,NA,NA,91.33066666666667,98.22266666666668,88.76533333333333,47.70532,44.24921,43.73676,Jose Espada,21131,664744
Josh Rojas,KCR,1,NA,NA,NA,NA,NA,NA,NA,NA,NA,20,NA,NA,NA,NA,NA,NA,NA,29.849230769230772,116.57846153846154,43.88307692307693,20,58.606019999999994,35.82088,Josh Rojas,19734,668942
Max Rajcic,STL,9,92.73878787878787,97.89666666666666,NA,NA,101.4575,100.28095238095239,98.25263157894737,NA,NA,48.17149500000001,43.73594833333333,NA,NA,51.98431166666666,60.69947309523809,48.86105157894737,NA,97.19833701108175,87.48942530129246,83.24388830960984,51.25064809815951,48.07852840490798,47.15058779141105,Maxwel Rajcic,31873,691008
Antoine Kelly,CHC,1.1,89.74,107,NA,NA,136.84,NA,NA,NA,NA,61.07668,58.900920000000006,NA,NA,67.29012,NA,NA,NA,116.68666666666667,65.31,86.54444444444444,61.013679999999994,35.5041,42.13158,Antoine Kelly,25611,681520
Seth Martinez,BOS,1,92.96000000000001,97.52,NA,NA,134.92000000000002,NA,87.68,NA,NA,47.61261,59.30043,NA,NA,61.61013,NA,31.7671,NA,111.09636363636365,127.6590909090909,121.7690909090909,56.18418,74.585,74.93952,Seth Martinez,21045,661527
Jonathan Cannon,CHW,0,92.03999999999999,NA,NA,NA,93.91999999999999,NA,94.08,NA,NA,56.54335,NA,NA,NA,50.96502,NA,68.24253,NA,92.85714285714286,-32.21714285714285,-23.2,54.21886,20,20,Jonathan Cannon,31730,686563
Tom Cosgrove,WSN,12,87.90409090909091,76.52399999999999,NA,NA,102.88743801652892,NA,NA,NA,NA,61.03319613636363,48.00862866666667,NA,NA,47.043130165289256,NA,NA,NA,97.0278888888889,108.17777777777778,98.96166666666667,52.317465999999996,52.90356044444445,57.738182,Tom Cosgrove,23443,676680
Cameron Weston,BAL,1,NA,87.78,NA,NA,87.36500000000001,NA,NA,NA,89.48,NA,30.65169,NA,NA,45.71599,NA,NA,NA,88.00947368421053,78.3178947368421,65.47368421052632,47.0913,46.73489,45.25624,Cameron Weston,31696,687721
Emiliano Teodo,TEX,1.2,NA,111.42,NA,NA,98.62000000000002,NA,100.24,NA,NA,NA,62.44468,NA,NA,57.30629,NA,53.83348,NA,106.17488372093024,74.68418604651163,80.95953488372093,58.19175,33.33826,40.29463,Emiliano Teodo,27999,693713
JT Brubaker,SFG,55.2,74.87666666666665,88.7819002375297,NA,NA,99.91623931623931,106.12337662337663,73.49465648854962,NA,NA,33.667264915254236,36.603810783847976,NA,NA,54.88355188034188,50.46707415584416,36.25119427480915,NA,89.9716869206673,106.37087599232656,97.92131830601488,46.07793810810811,54.835730529729716,48.88931961081081,JT Brubaker,17578,664141
Tanner Rainey,DET,3.2,97.07375,NA,NA,NA,104.01,90.4,NA,NA,NA,63.34468125,NA,NA,NA,47.929874999999996,46.74426,NA,NA,99.56035714285714,62.071785714285724,69.06428571428572,54.666722857142865,38.02153,43.66592428571429,Tanner Rainey,17610,663432
Elieser Hernández,ATL,6,89.08,NA,117.23999999999998,NA,108.40000000000002,NA,79.69052631578947,NA,NA,37.409778,NA,60.475114,NA,44.27946,NA,51.3139147368421,NA,93.06400000000001,102.56836363636364,95.10872727272726,48.63293472727273,51.837486,48.034884181818185,Elieser Hernandez,16933,622694
Jackson Rutledge,WSN,1.1,NA,76.06,93.36,100.42,NA,NA,NA,NA,NA,NA,21.571520000000003,50.28768,40.6451,NA,NA,NA,NA,90.56727272727272,75.85272727272728,70.75636363636363,46.24675,38.22121,40.9551,Jackson Rutledge,26215,671131
Albert Suárez,BAL,51,79.97184652278176,NA,94.6919760479042,NA,NA,95.53710144927537,80.62523076923077,NA,NA,43.535039400479626,NA,50.993212934131726,NA,NA,42.77410101449275,56.105457923076926,NA,84.56890649176616,103.65324107875908,90.45283620999793,46.66230182397959,50.327630612244896,47.66523297193877,Albert Suarez,6175,544150
Bennett Sousa,HOU,14,87.92431372549021,104.13571428571426,NA,NA,112.86601156069366,NA,NA,NA,NA,52.72719,62.48676285714286,NA,NA,45.02027341040463,NA,NA,NA,107.05655683974469,88.82845511225018,94.46853544937036,50.19539369747899,51.15461222689077,50.82097331932774,Bennett Sousa,21345,656986
Bryan Torres,STL,2,NA,NA,NA,NA,NA,NA,NA,NA,NA,NA,NA,NA,NA,NA,NA,NA,NA,27.900000000000006,113.74000000000001,63.199999999999996,20,20,20,Bryan Torres,21464,663494
Cody Bolton,HOU,20,102.03477477477477,101.0501754385965,98.99652173913044,NA,108.26731707317073,89.50222222222222,83.34809523809524,NA,NA,47.573732612612616,51.66957210526316,49.84894706521739,NA,48.13627926829268,41.88732777777778,55.86205666666667,NA,98.31400214503752,98.15527266727169,96.29963616863296,49.04041856777494,47.85067480818414,49.39821595907929,Cody Bolton,23265,675989
Adam Macko,TOR,22,89.85324675324676,NA,NA,NA,103.3098181818182,NA,104.93019607843136,101.19800000000001,NA,54.11921019480519,NA,NA,NA,51.41135181818182,NA,51.91596705882353,41.834880000000005,98.03105158730159,95.8770003968254,92.06343055555557,52.839902699999996,50.0323738,50.75949769999999,Adam Macko,25590,671936
Doug Nikhazy,CHW,2,55.38,59.28,NA,NA,82.1125,65.52000000000001,67.98,NA,NA,46.83021,NA,NA,NA,57.68718,48.26345,41.24435,NA,63.66205128205129,80.30564102564101,62.49743589743591,48.83087,32.84783,35.02635,Doug Nikhazy,30142,680951
Max Schuemann,NYY,1,NA,NA,NA,NA,45.46,37.88,NA,NA,NA,NA,NA,NA,NA,20,20,NA,NA,40.58714285714286,86.89857142857143,27.73428571428571,20,20,20,Max Schuemann,24488,680474
Sam Haggerty,TEX,1,NA,NA,NA,NA,NA,NA,NA,NA,NA,NA,NA,NA,NA,NA,NA,NA,NA,-15.969999999999999,71.75,-48.079999999999984,20,20,20,Sam Haggerty,18054,664059
Dylan Moore,PHI,1.2,NA,NA,NA,NA,21.340000000000003,NA,NA,NA,NA,27.52007,NA,NA,NA,20,NA,NA,NA,13.53646258503401,75.95755102040816,4.946938775510201,20,40.152010952380955,30.459923809523804,Dylan Moore,18042,664238
Carson Whisenhunt,SFG,28,88.99569767441861,90.86434782608696,NA,NA,94.99319587628867,95.83999999999999,99.98182795698924,NA,NA,46.32177372093023,42.869792352941175,NA,NA,51.553877319587635,58.998259999999995,51.08789112903225,NA,94.7373141372491,90.42762987397857,87.51006580487267,51.217759591836725,47.842032857142854,46.781868,Carson Whisenhunt,31676,687931
Victor Robles,SEA,1,87.1,NA,NA,NA,NA,31.200000000000003,NA,NA,NA,25.16081,NA,NA,NA,NA,20,NA,NA,54.849999999999994,70.74615384615385,31.853846153846153,20,23.53297,20,Victor Robles,18363,645302
Cole Wilcox,SEA,27,84.50179104477613,102.17666666666668,NA,NA,104.77796296296297,NA,109.53964285714285,NA,NA,41.03728238805971,55.10497461538461,NA,NA,54.65101361111111,NA,63.18395910714286,NA,99.25934426229509,94.71040983606558,93.65278688524592,53.29787139344262,51.20753282786885,51.176135983606564,Cole Wilcox,27481,677961
Gregory Santos,SFG,5,90.46181818181817,94.43241379310345,NA,NA,105.42636363636365,NA,91.25,NA,NA,61.52348909090909,53.48420896551725,NA,NA,52.351879545454544,NA,36.04389,NA,99.47534883720931,99.67534883720933,100.27860465116281,54.45938976744186,53.09269186046511,54.378687441860464,Gregory Santos,21894,666619
Alek Jacob,SDP,5,67.3772972972973,82.54352941176472,NA,NA,82.18,NA,112.19,NA,NA,72.68060702702702,58.57534176470588,NA,NA,46.82564,NA,61.420700000000004,NA,86.30390804597701,118.6935632183908,99.17310344827585,61.58862494252873,57.62885862068966,57.22504758620689,Alek Jacob,29628,689690
Chase Solesky,TBR,3,107.58,121.94,82.76,NA,114.8,NA,92,NA,NA,50.89818,58.72553,51.25728,NA,54.63859,NA,51.271620000000006,NA,109.43103448275862,94.84517241379311,99.21724137931035,54.73207,62.09677,60.5025,Chase Solesky,25480,686678
Nolan Kingham,TEX,1,84.42,110.24,NA,NA,88.12,NA,87.08,NA,NA,50.83833,43.15618,NA,NA,43.41902,NA,56.75828,NA,88.85545454545455,35.83090909090909,36.26636363636363,47.93055,23.04554,28.32132,Nolan Kingham,21573,663884
Peter Strzelecki,STL,8.2,92.76933333333334,92.12276923076922,NA,NA,89.6525,109.32487804878048,84.40714285714286,NA,NA,56.38049666666667,45.93262276923077,NA,NA,52.9913175,60.91159682926829,47.631218571428576,NA,96.22909090909091,88.81062937062937,86.20489510489509,51.64816286713287,48.10516167832168,47.375690419580415,Peter Strzelecki,21367,657265
José A. Ferrer,SEA,51,91.02,126.80960548885075,NA,NA,135.65773195876287,NA,120.46985507246374,NA,NA,68.25331,65.04959399656947,NA,NA,52.145034742268024,NA,59.508026449275334,NA,126.68858812394954,92.14507972264013,114.51297317410818,58.13139248477468,57.753446845310584,59.3337439951279,Jose A. Ferrer,24017,678606
Tyler Callihan,PIT,3,NA,NA,NA,NA,45.903333333333336,33.86,40.7,NA,NA,20,NA,NA,NA,20,20,40.14258,NA,41.063396226415094,74.81811320754716,30.29320754716981,20,20,20,Tyler Callihan,27497,682997
Shane Smith,CHW,8.1,105.20027027027027,99.066875,NA,NA,88.33840000000001,86.16603773584906,103.23463414634146,NA,NA,48.097026216216214,68.34712,NA,NA,45.93954000000001,46.50168433962264,78.84953853658537,NA,97.62515052410902,91.70175262054507,91.14439412997905,53.3987556,47.5621892,48.6881784,Shane Smith,31687,681343
Steven Matz,TBR,64.1,NA,94.52660412757974,81.21333333333332,NA,103.97375,98.89602941176472,107.05878419452887,NA,NA,NA,47.10298810506566,NA,NA,53.75457583333333,50.35347089552238,51.27196224924012,NA,99.47056726136215,104.05604598399674,102.18945147661009,50.735623938012765,56.83295591613492,55.506011941659075,Steven Matz,13361,571927
Orlando Arcia,MIN,1,NA,NA,NA,NA,43,38.98,NA,NA,NA,NA,NA,NA,NA,20,20,NA,NA,40.702857142857134,98.04285714285713,53.279999999999994,20,20,20,Orlando Arcia,13185,606115
Joe Rock,CHW,10.1,94.36210526315789,94.605,NA,NA,106.01068493150686,NA,83.68285714285715,NA,NA,51.01258821052632,58.526238,NA,NA,54.606682739726025,NA,47.347258571428576,NA,98.36441025641024,55.425948717948714,56.16061538461538,52.54538225641025,36.455797025641026,37.4841698974359,Joe Rock,30016,697812
Jhony Brito,SDP,5.1,76.0142857142857,107.26823529411764,NA,NA,108.29677419354839,NA,102.79304347826088,NA,NA,31.85942,53.85775470588236,NA,NA,43.36924548387097,NA,41.4544552173913,NA,103.5525641025641,117.33564102564102,112.41128205128204,47.329803846153844,61.99837717948718,56.29540730769231,Jhony Brito,25386,666745
Lucas Sims,CHW,10,81.40974358974358,62.46,NA,106.33500000000001,116.5125,111.91833333333334,NA,NA,NA,49.146134142857136,47.54714,NA,50.20431000000001,54.82346411764706,51.295649999999995,NA,NA,100.29675748831046,80.13794982736435,80.2624268114003,52.32199703225807,48.59572322580646,49.5024750967742,Lucas Sims,13470,608371
Buddy Kennedy,SFG,1,NA,NA,NA,NA,NA,NA,NA,NA,NA,NA,NA,NA,NA,NA,NA,NA,NA,11.746666666666664,81.71435897435897,1.136666666666659,20,20,20,Buddy Kennedy,22505,671083
Parker Mushinski,COL,5.2,88.06727272727274,91.227,96.866,NA,114.10882352941177,109.92705882352942,99.28999999999999,NA,NA,51.064363636363645,49.471988999999994,51.772823,NA,58.90279705882353,52.840535882352945,34.926845,NA,101.38469230769229,79.93031623931623,82.87110256410256,53.632061452991444,48.183182735042735,48.39571589743589,Parker Mushinski,21324,656786
Ben Bowden,ATH,1,84.67999999999999,NA,NA,NA,93.4,85.32,78.66,NA,NA,51.38854,NA,NA,NA,42.54165,NA,34.13085,NA,83.7775,76.437,66.6505,46.24489,38.43733,35.45704,Ben Bowden,20198,641386
Nick Mears,KCR,19.1,99.81327999999999,88.94829268292683,NA,NA,103.11763440860216,77.66,130.48722222222221,NA,NA,55.35883615999999,42.89390900000001,NA,NA,45.94783612903226,44.70271086956522,66.63903305555556,NA,99.67534948922047,91.51676533144277,91.10290532048596,50.441199970674475,51.40009568914956,49.8015880058651,Nick Mears,25376,683232
Julian Garcia,CIN,26.2,85.32727272727273,NA,NA,NA,86.39617161716171,NA,NA,NA,NA,56.52012477272727,NA,NA,NA,53.36143132013201,NA,NA,NA,86.08335696413678,102.8514866555463,89.5303565471226,56.21848988532108,54.59201185779817,54.630579426605514,Julian Garcia,22362,670062
Brian Keller,PHI,3,88.2,71.94,85.72,NA,122.02000000000001,NA,NA,NA,NA,20,24.87603,59.105779999999996,NA,48.48003,NA,NA,NA,99.97791666666667,127.24666666666667,107.12333333333335,43.37358,66.8345,63.325219999999995,Brian Keller,19593,662144
Kade Strowd,ARI,1,118.28,83.46000000000001,93.98,NA,NA,99.58,NA,NA,NA,50.74817,48.7855,49.26216,NA,NA,53.47763,NA,NA,96.22,49.04249999999999,53.88625,51.87092,29.39235,32.36109,Kade Strowd,26191,669704
Jason Foley,SFG,9.2,95.601,97.32470588235294,NA,87.4936,104.25473684210527,NA,NA,NA,NA,48.450428,55.75789367647059,NA,48.293858799999995,46.94536026315789,NA,NA,NA,97.21271523178807,103.38357615894041,105.10529801324505,51.415118476821185,50.566002980132446,49.879329403973514,Jason Foley,19531,671345
Yunior Marte,CIN,0.1,117.78000000000002,110.59999999999998,NA,NA,129.46,NA,NA,NA,NA,59.0044,52.94644,NA,NA,57.51478,NA,NA,NA,123.42857142857143,70.63142857142859,77.33142857142857,58.09331000000001,47.64606,48.59351,Yunior Marte,14416,628708
Braxton Garrett,MIA,4.1,77.93714285714285,94.96324324324323,NA,NA,91.21744680851063,NA,91.88,NA,NA,51.17720285714285,38.46178810810811,NA,NA,57.970558297872344,NA,47.40007529411765,NA,90.08909512405401,66.32105801048267,61.11074213457774,51.19432830769231,32.25215923076922,36.39022646153846,Braxton Garrett,21844,666129
Kohl Drake,ARI,16.2,90.51398601398601,NA,89.54829268292683,NA,105.05999999999999,98.13857142857144,91.34214285714286,NA,NA,43.73408062937063,NA,46.79655073170731,NA,39.820465862068964,39.67205535714286,48.02133821428571,NA,93.1574579297246,94.48005773979106,87.38050218423551,44.02294196923077,49.329876215384616,45.34180892307692,Kohl Drake,32070,684442
Riley Cornelio,WSN,20,103.12743169398907,NA,88.78588235294117,NA,107.23609523809525,NA,NA,NA,NA,57.34827803278689,NA,63.35819,NA,57.52347866666667,NA,NA,NA,104.6452834688347,79.68631991869918,81.5338337398374,57.767219292682924,44.9528328292683,45.39177970731708,Riley Cornelio,31953,683000
Cameron Foster,BAL,9,101.67745454545455,NA,92.89315789473686,NA,112.94975609756099,NA,NA,NA,NA,58.11481818181818,NA,66.2614747368421,NA,48.080384146341466,NA,NA,NA,102.35661375661377,80.31343915343915,82.94031746031747,54.328600052910055,44.42653365079365,47.06573042328043,Cameron Foster,31942,671382
Brett Sullivan,COL,7,NA,NA,NA,NA,NA,NA,NA,NA,NA,NA,NA,NA,NA,NA,NA,NA,NA,22.152298850574716,99.96850574712644,37.339885057471264,20,29.719394935064937,20,Brett Sullivan,18217,664954
Raymond Burgos,BOS,10,91.99000000000001,85.45333333333333,84.48769230769231,NA,105.26333333333334,NA,81.13904761904762,NA,NA,25.245658333333335,38.82225166666667,38.414980769230766,NA,41.4546675,NA,38.51565047619048,NA,88.83994397759105,105.86768495633548,87.93135607184051,43.95285974789917,63.26662563025211,54.408747142857145,Raymond Burgos,22370,670103
Chris Devenski,PIT,2.1,98.90533333333336,77.9,NA,NA,88.39,NA,118.41444444444444,NA,NA,37.45016066666667,24.03822,NA,NA,54.86887,NA,64.20729055555555,NA,105.68564102564105,99.2876923076923,95.0030769230769,53.06957025641026,60.86534692307692,60.35796461538461,Chris Devenski,12763,606965
Julian Fernández,WSN,4,78.30571428571427,NA,NA,NA,NA,NA,109.1606896551724,NA,NA,56.57053809523809,NA,NA,NA,NA,NA,54.91871,NA,90.90845070422536,74.42507042253521,69.42845070422536,54.51076014084507,33.380079718309865,35.898708169014085,Julian Fernandez,18341,642759
Zach McKinstry,DET,1,NA,NA,NA,NA,NA,NA,NA,NA,NA,21.76158,NA,NA,NA,NA,NA,NA,NA,6.128571428571429,52.89428571428572,-25.985714285714273,23.69018,45.08334,37.18531,Zach McKinstry,19392,656716
Brandon Williamson,CIN,28,96.42283018867924,90.54581818181818,98.8087591240876,NA,132.03019607843137,110.26978723404255,84.7922950819672,NA,NA,46.597989528301895,28.404695,41.55003182481752,NA,49.21008843137255,45.60082617021277,47.935072295081966,NA,98.47083226851258,90.42909246659886,90.76362282139648,47.46351947876448,46.185176679536674,45.114559073359075,Brandon Williamson,25463,682227
Anthony Molina,ATL,5,87.918125,NA,NA,NA,108.175,118.07499999999999,95.9525,NA,NA,42.70114099999999,NA,NA,NA,55.62391,45.876380000000005,54.202508,NA,100.17545454545456,112.14181818181818,109.20818181818181,46.798207272727275,47.55998818181819,47.014551090909094,Anthony Molina,26952,683627
Miguel Ullola,HOU,5,111.61122807017544,NA,NA,NA,85.16125,108.58,88.72,NA,NA,61.879113157894736,NA,NA,NA,51.155798125,47.03172,53.77781,NA,105.69974025974027,108.54701298701299,116.97142857142856,55.13084753246753,57.13994818181818,60.73679519480519,Miguel Ullola,29036,699044
Gavin Collyer,TEX,23,110.21666666666667,113.14325000000001,109.03189542483659,NA,131.68949494949496,NA,NA,NA,NA,66.0457650877193,66.034750375,63.49348769736841,NA,53.96512282828282,NA,NA,NA,115.10537336712808,82.78850653148763,95.81989276662118,58.82629439461885,42.343124304932736,47.55099177130045,Gavin Collyer,26349,686560
Wilkin Ramos,SFG,2,91.96153846153847,92.10162162162163,79.69,NA,NA,110.73111111111112,NA,NA,NA,34.72989384615384,46.30288675675676,40.73536,NA,NA,47.502272222222224,NA,NA,94.69036623648414,96.92230205790024,91.01282176491107,43.16830868852459,48.994034426229504,48.09890950819672,Wilkin Ramos,23988,678576
Caleb Ferguson,2 Tms,28.2,96.06962406015039,116.79345029239767,101.02878787878787,NA,NA,98.51924050632914,NA,NA,NA,52.09611894736842,50.09675321637427,53.42063621212121,NA,NA,53.60463151898735,NA,NA,104.64279844961239,95.17817829457366,96.83296124031008,50.212372616279076,58.6361240891473,56.18371073643409,Caleb Ferguson,19349,657571
Marco Raya,MIN,6,77.56622222222224,NA,85.8,NA,98.10814814814815,103.66,95.90352941176471,NA,NA,50.18728155555556,NA,77.15917,NA,53.161303333333336,60.360033,48.824165882352936,NA,88.9216,95.3692,90.0922,52.168420000000005,45.9227985,48.087667,Marco Raya,30166,694397
Jimmy Herget,COL,35,88.16678571428572,81.98750000000001,NA,NA,111.01698830409359,NA,69.3864,NA,NA,35.069193392857144,46.38681223684209,NA,NA,43.60451997493735,NA,30.361002857142857,NA,99.2542760431058,89.64373406229026,86.8460056053369,46.170805531914894,47.090801337386026,46.740053404255306,Jimmy Herget,17556,623474
Taylor Rashi,ARI,3.2,85.67714285714285,NA,NA,90.23249999999999,95.04857142857144,93.91777777777777,NA,NA,NA,41.76236285714286,NA,NA,39.86275875,39.40249,50.33138777777778,NA,NA,91.05066666666669,95.62755555555555,85.952,44.252130666666666,52.79294533333333,49.98460466666666,Taylor Rashi,26344,688497
Luke Little,CHC,1,88.5,129,NA,NA,121.5,NA,NA,NA,NA,62.31144,80,NA,NA,60.20014,NA,NA,NA,97.57894736842105,115.22526315789473,105.58842105263157,58.33577,58.1248,58.36496,Luke Little,28036,681432
César Salazar,HOU,1,NA,NA,NA,NA,NA,NA,NA,NA,NA,NA,NA,NA,NA,NA,NA,NA,NA,25.08,103.72,45.24,NA,NA,NA,Cesar Salazar,21587,663967
Ildemaro Vargas,ARI,2.2,NA,NA,NA,NA,NA,NA,NA,NA,NA,25.265666500000002,NA,NA,NA,NA,NA,NA,NA,48.044000000000004,78.31649999999999,33.5785,26.637105,20,20,Ildemaro Vargas,13324,545121
Kolby Allard,CLE,8.2,92.26533333333333,103.244,96.625,NA,NA,92.4975,86.38787878787879,NA,NA,41.347026166666666,53.493748,37.2917995,NA,NA,32.02355708333334,42.8379706060606,NA,93.42677966101694,103.77638418079096,90.63288135593221,42.60246338983051,57.140823841807915,50.27679983050848,Kolby Allard,18694,663465
Yilber Díaz,2 Tms,1.2,96.35799999999999,NA,NA,NA,105.45666666666666,NA,NA,113.68,NA,53.635552499999996,NA,NA,NA,61.12766966666666,NA,NA,28.76183,100.98297297297299,98.58054054054053,94.59594594594596,55.048161891891894,51.29642540540541,52.89255405405405,Yilber Diaz,29271,700270
Andrew Nardi,MIA,22.2,105.04950276243096,133.44285714285712,NA,NA,112.44410958904112,NA,99.5740909090909,NA,NA,65.21812651933702,55.31571333333333,NA,NA,56.331315205479456,NA,59.690743863636364,NA,108.00074178821272,98.79675501184836,106.30004067380801,59.91523365079367,58.14365939153439,61.17980291005291,Andrew Nardi,25942,677053
Jackson Jobe,DET,8.2,102.59166666666667,114.27272727272727,NA,NA,108.31099999999999,105.2625,111.60888888888888,NA,NA,61.32460849999999,66.34401454545456,NA,NA,55.95631249999999,48.698513750000004,62.36657666666666,NA,106.45014076523381,110.47397449220594,118.37423712801133,57.08631193103449,54.914847310344825,59.596324896551735,Jackson Jobe,30203,695549
Shawn Armstrong,CLE,33,93.19037037037039,104.72387755102044,88.6554794520548,NA,122.09073170731706,NA,NA,NA,NA,40.69155894179894,45.04128969387756,44.726142413793106,NA,51.53621804878047,NA,NA,NA,101.96889290898937,89.72132037967614,89.66328576214403,47.580675494137346,52.325642897822455,49.39194954773867,Shawn Armstrong,12857,542888
Josh Ekness,MIA,11,112.64268041237113,116.96117647058824,NA,NA,132.74035714285714,128.03176470588235,NA,NA,NA,71.39030989690721,72.39307470588236,NA,NA,67.84396678571429,65.66017375,NA,NA,120.50727272727273,93.66708556149732,111.98169421487604,65.99413422459892,52.38756930481284,61.144701443850266,Josh Ekness,33785,694795
Ben Williamson,TBR,5,NA,NA,NA,NA,NA,NA,NA,NA,NA,NA,NA,NA,NA,NA,NA,NA,NA,29.5684,91.46,35.523999999999994,20,31.12402586206896,20,Ben Williamson,33197,810938
Domingo Gonzalez,SEA,7.2,99.83279999999999,93.71483870967741,NA,NA,91.81347826086957,NA,84.09,NA,NA,48.6260226,47.324264516129034,NA,NA,42.86306108695652,NA,39.753384999999994,NA,95.29497348021215,84.21510811913505,85.27500203998369,46.44302821705426,47.678683100775196,47.72887356589147,Domingo Gonzalez,25241,682445
Jonathan Hernández,LAD,25.1,93.23267605633802,106.54079470198675,NA,172.28,107.34508108108108,NA,NA,NA,NA,53.80593117647059,56.16426165562914,NA,68.89748,50.26148508108108,NA,NA,NA,104.79094430992737,98.85685230024212,102.35830508474577,53.0540113559322,54.650448208232454,54.882374309927364,Jonathan Hernandez,17464,642546
Alex Cook,TBR,3.2,102.01884615384614,NA,NA,NA,97.12545454545453,NA,90.64,NA,NA,56.15038134615384,NA,NA,NA,41.54072,NA,53.878843333333336,NA,99.8488888888889,86.25083333333333,88.75055555555555,51.14902305555555,44.06832444444444,44.19293888888889,Alexander Cook,32015,702047
Bradley Hanner,NYY,1,113.7,86.9,NA,NA,146.58,NA,NA,NA,NA,54.31853,48.88562,NA,NA,60.81493,NA,NA,NA,119.68666666666667,94.80833333333334,105.33833333333332,53.37691,52.072120000000005,53.99125,Bradley Hanner,26097,690440
Hoby Milner,CHC,35.2,114.28384615384614,109.49606694560671,NA,NA,107.52098765432098,NA,85.45415730337079,NA,NA,37.879412179487176,55.762422092050194,NA,NA,47.049734938271605,NA,49.086685505617986,NA,105.70943745485738,99.52337648970749,102.30181049115207,50.19084577464789,64.17185220070422,57.935784911971815,Hoby Milner,13346,571948
Josh Simpson,SEA,6.2,82.4057142857143,95.86045454545456,NA,NA,119.613125,121.83828571428572,92.32,NA,NA,38.33564142857143,50.86059818181818,NA,NA,49.3904690625,45.14083542857143,45.73675666666667,NA,108.79283333333333,104.99833333333332,104.51433333333333,47.91482641666667,56.24883833333333,54.829077500000004,Josh Simpson,25957,681006
Winston Santos,TEX,2,92.84,NA,NA,NA,113.23999999999998,NA,91.84,NA,NA,49.34975,NA,NA,NA,50.92009,NA,43.50408,NA,98.87030303030303,91.78363636363635,86.5121212121212,49.41821,44.48544,46.95514,Winston Santos,28489,692437
Jonah Tong,NYM,10,101.84235294117647,NA,91.69631578947369,NA,NA,94.73,91.79923076923076,NA,NA,56.58864788235294,NA,35.19571105263157,NA,NA,49.46880000000001,50.24565403846154,NA,96.78995365418895,90.81388948306595,88.76142602495543,51.04660673796792,47.169475989304814,47.041399090909096,Jonah Tong,32157,804636
Matt Waldron,2 Tms,35,97.01008547008549,96.4322105263158,87.21305084745764,NA,98.04818181818179,NA,NA,NA,NA,30.76676358974359,34.04988610526316,46.78218237288136,NA,51.73269431818182,NA,NA,NA,94.35876459510357,106.14512743251726,101.59841012764176,44.13049379661017,57.97495742372882,54.582399338983045,Matt Waldron,25550,663362
Seth Johnson,2 Tms,20,109.11949238578681,103.871875,NA,108.22999999999999,107.88835356364768,125.79461538461541,NA,NA,NA,61.2620652284264,61.439236875000006,NA,54.195215000000005,57.141788300653594,57.594415769230764,NA,NA,109.2359405339806,90.1837166262136,101.22320691747574,57.73984524271845,48.18299713592233,53.435916165048546,Seth Johnson,26020,686751
Sammy Peralta,2 Tms,5.2,100.60750000000002,95.27371428571428,NA,NA,98.4859375,NA,70.77600000000001,NA,NA,32.64992125,52.14865028571429,NA,NA,51.3819615,NA,32.687638666666665,NA,93.24774407060121,95.7400606729178,88.27034749034749,49.8161406122449,58.68130653061225,54.50096408163265,Sammy Peralta,25589,671111
Duncan Davitt,CHW,2,128.55,115.16,NA,NA,85.10933333333332,151.86,90.78,NA,NA,54.726995,78.98897,NA,NA,56.40068133333333,NA,71.78404,NA,102.45642857142856,138.00285714285715,140.79571428571427,59.148615,64.491795,69.23166499999999,Duncan Davitt,31886,701474
Rolddy Muñoz,ATL,2,77.56,77.8,NA,NA,103.7,NA,89.78000000000002,NA,NA,20,34.92878,NA,NA,52.74507,NA,38.33747,NA,93.31877551020408,103.35632653061222,93.32530612244899,49.46251999999999,51.20922,49.06854,Rolddy Munoz,27407,691548
Luisangel Acuña,CHW,2,NA,NA,NA,NA,39.6,NA,NA,NA,NA,NA,NA,NA,NA,20,NA,NA,NA,38.47908571428571,90.38822857142856,38.51097142857143,20,20,20,Luisangel Acuna,26548,682668
Tyler Ferguson,2 Tms,17,96.39170731707317,100.48347826086956,106.503,NA,120.23902222222222,NA,94.13066666666667,NA,NA,52.290378617886184,55.56486043478261,60.981819000000016,NA,53.61734506666667,NA,53.24080066666667,NA,104.28430243330041,107.22466341403162,105.16666687252966,52.771082304687496,58.735135546875,57.52604472656251,Tyler Ferguson,19481,621053
Chadwick Tromp,BAL,1,NA,NA,NA,NA,NA,NA,NA,NA,NA,NA,NA,NA,NA,NA,NA,NA,NA,33.155,69.38749999999999,8.245000000000005,20,20,20,Chadwick Tromp,16953,644433
Jared Shuster,STL,9,90.7404081632653,95.47047619047619,78.73785714285714,NA,92.76470588235294,NA,91.16882352941175,NA,NA,47.68391857142857,36.502942,49.00158882352941,NA,43.47120264705883,NA,46.76651882352942,NA,89.7791620879121,85.07664377289377,85.84056318681318,47.38521815476191,44.51944797619048,43.25193827380952,Jared Shuster,27472,694363
Jorbit Vivas,WSN,2.2,NA,NA,NA,NA,24.220000000000006,30.936363636363634,NA,NA,NA,NA,NA,NA,NA,20,20,NA,NA,28.17002849002849,85.77851851851851,29.329686609686604,20,20,20,Jorbit Vivas,23917,678391
Chad Dallas,TOR,7.2,NA,91.33999999999999,96.13777777777779,NA,103.1059090909091,95.88652173913043,NA,NA,NA,NA,60.61124,41.282485079365074,NA,47.50153113636363,60.8296795652174,NA,NA,97.45025935750074,96.03948128499852,93.70448865310934,53.32027333333333,47.494103461538465,52.52263474358975,Chad Dallas,30158,689149
Andrew Vaughn,MIL,1,NA,NA,NA,NA,57.38,NA,NA,NA,NA,26.64253,NA,NA,NA,21.74803,NA,NA,NA,35.448965517241376,95.77172413793105,31.405517241379307,27.44259,20,20,Andrew Vaughn,26197,683734
Justin Verlander,DET,3.2,88.64,NA,NA,NA,106.71666666666665,124.52,99.86,NA,NA,47.66785,NA,NA,NA,37.04413,34.75296,58.78575,NA,101.46400000000001,77.25949999999999,76.8965,42.92375,50.05268,42.23011,Justin Verlander,8700,434378
Joe La Sorsa,BOS,0.1,71.52000000000001,96.8,NA,NA,137.3,NA,NA,NA,NA,20,46.26173,NA,NA,26.18765,NA,NA,NA,110.73,110.15499999999999,101.845,26.09857,40.45353,41.38763,Joe La Sorsa,25481,686747
Tyler Uberstine,BOS,2.2,132.44,93,91.74,NA,118.96000000000002,NA,89.68,NA,NA,46.05458,50.22051,45.19571,NA,53.63211999999999,NA,52.77908,NA,107.48933333333335,94.63244444444445,94.8431111111111,51.19485,62.74542,61.13525,Tyler Uberstine,29961,700413
CJ Van Eyk,TOR,5.2,82.45538461538462,90.07052631578946,85.23379310344828,NA,89.42666666666666,82.99241379310344,86.7503448275862,NA,NA,31.771419230769233,50.713275789473684,49.34247448275862,NA,51.54651111111111,49.25227103448277,54.815550689655176,NA,85.80015625,108.92343749999998,101.24328125,50.29512953125,50.454862734375,49.12416031250001,CJ Van Eyk,27568,669310
Jonathan Pintaro,NYM,17.1,118.366,97.18603174603174,110.63716129032257,NA,NA,113.78,103.223,NA,NA,54.63832300000001,43.24132365079366,50.32755141935484,NA,NA,NA,54.90443799999999,NA,108.25857241030725,84.85568913480886,89.9272910798122,51.326409119718306,38.87227468309859,46.46943746478873,Jonathan Pintaro,33980,702752
Trent Thornton,CHC,38.1,92.86722513089003,93.46391304347826,97.29241935483871,NA,104.06808080808077,100.57162790697676,NA,NA,NA,54.51053089005235,49.00827043478261,52.66541959677418,NA,51.5332124242424,54.02825441860465,NA,NA,97.34498381730187,97.40484040801236,93.52786275794848,52.10134335753177,51.97042682395644,52.302140036297644,Trent Thornton,17948,663423
Tanner McDougal,CHW,0.1,75.36,NA,NA,NA,68.06,144.88,83.4,NA,NA,49.21986,NA,NA,NA,50.39702,64.73762,42.293,NA,80.6592,31.433600000000006,17.785600000000002,47.77446,20,20,Tanner McDougal,29887,701780
Braydon Fisher,TOR,63,75.27079545454546,60.94,88.49399999999999,NA,114.43411067193674,93.23013888888892,NA,NA,NA,47.352370624999985,32.9427,33.73193033333333,NA,46.16848102766797,39.121473090277775,NA,NA,100.48711105537842,95.60020350014257,94.90095502825518,45.05002870259481,50.4327017265469,48.027462305389236,Braydon Fisher,24609,680755
John Brebbia,COL,4.1,89.5789189189189,NA,NA,NA,87.6868,NA,85.63428571428572,NA,NA,37.788908918918914,NA,NA,NA,47.437226,NA,34.090332857142855,NA,88.47457663916632,118.59236647850629,98.81857577073382,45.50199893617021,65.61477340425532,58.457398936170215,John Brebbia,12777,605154
Kyle Higashioka,TEX,3,NA,NA,NA,NA,NA,NA,NA,NA,NA,20,NA,NA,NA,NA,NA,NA,NA,32.12470588235294,101.03607843137256,40.693333333333335,20,33.18315894736842,22.83716789473684,Kyle Higashioka,5517,543309
Robby Snelling,MIA,5,111.9,107.88,NA,NA,99.84,106.4,92.66,NA,NA,68.72473,50.77731,NA,NA,48.74958,54.20012,66.15853,NA,105.46418604651163,91.4513953488372,93.86418604651162,57.275099999999995,50.538059999999994,51.65206,Robby Snelling,31893,702281
Geoff Hartlieb,ATH,13.1,80.44717948717948,91.31058823529412,85.9451282051282,NA,95.35939393939393,NA,NA,NA,NA,47.05132076923077,51.964123823529405,39.952150512820516,NA,52.54536636363636,NA,NA,NA,87.7331950844854,90.53641321044546,82.76426267281107,49.52792506912442,53.50001705069124,50.79780253456221,Geoff Hartlieb,19558,664129
Thomas Pannone,MIL,3,108.18,83.26,106.12,NA,146.04,123.22,61.46,NA,NA,33.13056,30.575319999999998,46.72819,NA,47.44443,41.29947,36.33439,NA,102.32109090909093,103.80836363636364,101.1429090909091,45.1549,56.80844,53.74909,Thomas Pannone,17281,623381
Carter Baumler,TEX,5.2,104.10461538461537,106.43749999999999,NA,NA,86.53142857142858,103.08642857142857,NA,NA,NA,54.30739641025641,64.34640875,NA,NA,42.91597,57.88999678571429,NA,NA,101.67401709401709,66.75572649572649,70.75264957264959,52.768672564102566,41.44830504273504,42.559148717948716,Carter Baumler,30231,691945
Jason Alexander,HOU,18.1,85.368115942029,86.24171428571428,89.22454545454546,NA,100.70151515151515,NA,90.71409523809524,NA,NA,34.5919084057971,39.32311285714285,49.49394590909091,NA,41.58822151515152,NA,55.98386666666667,NA,89.8149068668157,95.59061432982008,85.78052873416374,47.81668266666667,51.473506533333335,49.990979333333335,Jason Alexander,19666,669920
Wyatt Mills,LAD,6.1,102.4952380952381,102.7705,NA,NA,94.46098371777475,NA,NA,NA,NA,56.09780073170731,51.559445749999995,NA,NA,43.593615970149244,NA,NA,NA,98.94208027372021,55.089554941439644,56.260725884984865,49.440007583892616,35.122184496644294,37.55425617449664,Wyatt Mills,20010,670090
Sean Sullivan,COL,22.1,71.68222222222222,80.7925,84.13741935483871,NA,88.16972222222222,NA,95.72523076923078,NA,NA,41.31046682539683,49.89067291666667,49.35714370967743,NA,45.16968583333333,NA,42.26621723076923,NA,80.76174757281552,100.18864077669903,81.36058252427183,45.32175939320388,53.62922262135922,49.845959587378644,Sean Sullivan,33502,807743
Ryan Helsley,BAL,15.1,110.42016260162602,NA,NA,111.0660606060606,136.0564150943396,114.38000000000001,NA,NA,NA,72.71704813084112,NA,NA,63.493050937500016,59.84190019047618,53.37012272727272,NA,NA,120.61179487179488,88.25692307692307,106.30901098901099,64.18011780392158,47.833311333333334,55.83723568627451,Ryan Helsley,18138,664854
Jonathan Heasley,TBR,4,75.12,NA,NA,NA,96.02,89.78000000000002,121.44,NA,NA,37.44132,NA,NA,NA,31.085909999999995,35.49202,62.17191,NA,92.0371875,93.69593750000001,83.875,41.03311,52.35423,45.66889,Jonathan Heasley,22224,669169
Adam Frazier,LAA,2,NA,NA,NA,NA,NA,3.539999999999992,NA,NA,NA,28.36025,NA,NA,NA,NA,20,NA,NA,37.43074847374847,94.37889255189255,39.138124542124544,20,26.366770888888894,20.802152666666668,Adam Frazier,15223,624428
Joey Wiemer,WSN,2,NA,NA,NA,NA,38.3,8.200000000000003,-24.819999999999993,NA,NA,22.64464,NA,NA,NA,20,20,40.53087,NA,36.10388304093567,60.74736842105263,6.263672514619884,20,20,20,Joey Wiemer,27690,686894
Lou Trivino III,2 Tms,6,75.96857142857142,92.12,85.74888888888889,NA,105.7025,NA,80.67200000000001,NA,NA,22.782634285714284,43.695416046511625,35.734300000000005,NA,42.154576666666664,NA,47.048500000000004,NA,89.59259982638888,81.66611111111112,73.69159288194444,45.95793215277777,38.22084951388889,37.34638694444445,Lou Trivino,15043,642152
Carson Kelly,CHC,2,NA,NA,NA,NA,NA,NA,NA,NA,NA,33.7577405882353,NA,NA,NA,NA,NA,NA,NA,35.75411764705882,126.63882352941177,68.25764705882354,33.15975705882353,51.480603529411766,38.638557647058825,Carson Kelly,13620,608348
Chayce McDermott,2 Tms,5.2,106.68829268292683,NA,88.18933333333334,128.128,100.48124999999999,NA,NA,NA,NA,50.697836585365856,NA,57.95079022222222,43.99837,47.50153875,NA,NA,NA,99.13230201672404,92.39359075258238,94.53003443187409,52.12067654205607,38.18152570093458,45.73205588785047,Chayce McDermott,29866,694646
J.P. France,HOU,6.2,90.7969230769231,86.92,90.70666666666666,NA,115.41714285714286,110.75575757575758,72.31777777777778,NA,NA,42.41971615384615,40.62227666666667,56.08162333333333,NA,57.27377857142857,45.532363030303024,41.77200944444444,NA,94.83675213675212,74.22051282051282,70.38444444444444,47.16610128205128,40.78567384615384,42.209444957264964,J.P. France,21212,641585
Jake Bird,2 Tms,34,103.54449438202248,95.98934226226714,NA,NA,123.98666666666666,117.21350649350647,114.76,NA,NA,57.10056274590973,49.77568078046999,NA,NA,55.11321000000001,49.441566753246754,45.77078,NA,110.53876239265865,95.16511734993324,102.55935154691815,53.05100964343598,51.75881674230146,54.87445115072934,Jake Bird,21267,656234
Blas Castaño,COL,20.2,89.72068965517241,89.5381560283688,99.30196078431372,NA,103.45576470588234,NA,72.75351351351351,NA,NA,43.25575689655172,36.87838418439716,56.74649843137255,NA,47.252399647058816,NA,43.26226081081081,NA,92.64373177842565,103.93743440233234,93.88565597667639,46.88640367346939,53.92632483965014,50.596454985422746,Blas Castano,26117,680604
James McCann,ARI,4,NA,NA,NA,NA,NA,4.960000000000008,NA,NA,NA,20,NA,NA,NA,NA,NA,NA,NA,38.832834467120186,82.17414965986396,24.60294784580499,20,51.804577272727265,26.94015363636364,James McCann,12859,543510
Ben Casparius,LAD,4.2,88.67268292682927,NA,96.39692307692306,NA,119.31037037037038,113.3975,122.1,NA,NA,57.660806585365854,NA,59.65033153846154,NA,63.03126703703703,54.4742625,66.75929,NA,102.7139393939394,99.33939393939393,105.8230303030303,57.38376565656566,46.58758676767677,51.93147838383839,Ben Casparius,30085,676508
Gavin Hollowell,CHC,14.1,99.8908695652174,108.97527272727271,NA,NA,120.30265060240963,NA,99.3295652173913,NA,NA,58.784680108695646,53.948101454545444,NA,NA,59.33215759036145,NA,54.55323956521738,NA,108.5110671936759,103.52418972332016,109.49936758893281,56.75372592885375,57.30700565217392,59.90423513833992,Gavin Hollowell,25427,668970
Ryan Borucki,SFG,23.2,NA,97.36646616541354,85.60888888888888,99.55120000000002,100.06067039106145,NA,NA,NA,NA,NA,55.13301902255638,34.32745833333334,42.01801880000001,49.81303022346368,NA,NA,NA,98.33581364829398,91.7904002624672,93.67862532808397,52.59189656167979,47.390613700787405,48.39080175853018,Ryan Borucki,16350,621366
Zac Gallen,ARI,98,91.75894389438945,77.17488372093024,NA,NA,79.90770538243626,NA,82.98624999999998,92.94736842105266,NA,52.00954597359737,41.139572470588234,NA,NA,38.28359317460317,NA,50.46908756944443,41.81286881578947,87.29488397084437,109.65663604352997,100.15839385118,47.241430401459866,58.86435003041362,54.12704683698296,Zac Gallen,19291,668678
Andrew Wantz,2 Tms,3.2,99.71000000000001,95.18666666666667,96.09000000000002,NA,143.452,87.96,99.99333333333334,NA,NA,38.621447499999995,53.160388,56.681765,NA,59.60776699999999,43.09002,53.89711666666667,NA,102.8646913580247,79.04913580246914,77.43185185185186,49.03211333333333,39.90841666666667,40.704343333333334,Andrew Wantz,24933,681806
Jason Adam,SDP,32.1,90.25079365079364,NA,NA,NA,105.08017137096775,NA,93.70994350282484,NA,NA,41.905452857142855,NA,NA,NA,52.764970524193544,NA,54.32664909604519,NA,98.00512825166366,96.93488546077837,93.48351119177255,54.01187043557168,48.30792640653357,48.96334292196008,Jason Adam,11861,592094
Cionel Pérez,2 Tms,41.2,91.2356462585034,110.99803921568626,NA,NA,NA,109.22616650838872,NA,NA,NA,55.83979668191414,64.9729976847662,NA,NA,NA,61.77436438482294,NA,NA,106.03408568112272,102.39106784847526,108.62142793077979,57.24959577999251,51.83359665476117,55.54300232245721,Cionel Perez,19614,672335
Tobias Myers,NYM,46,101.10647058823531,NA,84.2748780487805,123.97680981595093,95.38991999999999,NA,NA,NA,NA,51.595013205882346,NA,42.27482475609756,46.60784067484662,37.814951693548394,NA,NA,NA,103.30416777007991,98.48202804485906,100.99187801002199,47.989996549295775,53.473023549295775,52.94101987323944,Tobias Myers,22191,668964
Ryne Nelson,ARI,83.1,109.95092643051771,80.10625,89.9753125,NA,108.00888030888034,103.7190243902439,NA,NA,NA,59.317387547683936,38.87905966666666,48.177174843749995,NA,50.12831500000001,49.51177642276423,NA,NA,105.51576129286632,102.34052989067293,107.55348202112968,52.53483557617943,56.430436272235106,56.72560811291571,Ryne Nelson,26253,669194
Alek Manoah,LAA,7.1,63.83789473684211,67.58214285714287,NA,NA,74.85826086956521,NA,63.404761904761905,NA,NA,41.57459210526316,33.70148785714286,NA,NA,45.983394347826085,NA,41.26620857142857,NA,66.47493827160493,83.7674074074074,61.38604938271605,44.46775314814815,42.5220474074074,39.09318481481481,Alek Manoah,26410,666201
Michael Grove,TBR,7,102.03375,82.37333333333333,75.92857142857143,NA,101.60117647058826,NA,NA,91.73714285714286,NA,59.606231875,43.52133444444444,61.02148285714286,NA,46.22554588235295,NA,NA,51.21739714285714,92.97595505617979,120.53730337078652,110.76921348314607,51.43067471910113,60.26170550561798,57.255826067415725,Michael Grove,23221,675627
Beck Way,KCR,23.1,84.24727272727272,88.86770833333334,98.6689024390244,NA,127.9649180327869,NA,101.73846153846154,NA,NA,31.66894351851852,35.890115937500006,56.651403414634146,NA,46.86209533333333,NA,56.538467272727274,NA,98.90760925449871,91.55383033419024,90.58082262210797,48.20256192802056,45.660688329048845,47.31911568123394,Beck Way,27877,694360
Peyton Pallette,CLE,20.2,84.007012987013,NA,NA,NA,100.79474747474748,102.11018867924528,84.05,NA,NA,55.11347056277056,NA,NA,NA,48.30397959595959,45.35331113207547,36.38536166666666,NA,92.12851055806938,95.98199472096532,86.43248491704374,48.789200067873296,48.75875739819004,46.78965298642534,Peyton Pallette,31865,688883
Zak Kent,2 Tms,14.1,82.06129629629632,84.99000000000001,NA,NA,99.24580000000002,103.075,NA,NA,NA,56.479147129629624,33.207135,NA,NA,47.4751223,54.931817083333335,NA,NA,92.59523076923077,84.83853846153846,78.21646153846154,51.60106976923076,49.52187365384616,47.13774346153847,Zak Kent,25703,687849
Brandon Leibrandt,CIN,6,78.47999999999999,81.86,NA,NA,89.39200000000001,79.28,99.18,NA,NA,41.66346,28.4539,NA,NA,38.6162,44.85978,45.40121,NA,88.10268041237113,94.20742268041236,87.53030927835053,43.69226,50.21856,46.562,Brandon Leibrandt,16135,605335
Nick Raquet,BAL,3.2,NA,97.893,93.67333333333333,NA,100.48862745098039,NA,85.68,NA,NA,NA,40.8738175,32.83804666666666,NA,56.14799235294118,NA,28.12097,NA,99.32639999999999,87.45893333333333,86.05680000000001,55.3788872,46.386592533333335,48.90937586666667,Nick Raquet,20333,675919
Carson Seymour,SFG,13,86.73111111111112,110.92823529411764,93.53733333333334,106.59,116.87152542372881,133.56,NA,NA,NA,52.4318111111111,57.084836617647056,50.93018044444445,52.895275000000005,51.84458491525423,46.65965,NA,NA,104.1877192982456,76.88184210526315,83.79438596491227,53.161553947368425,37.01107587719299,39.30680149122807,Carson Seymour,30084,693313
Tristan Beck,SFG,14,86.163125,NA,NA,NA,101.29297794117647,88.58461538461538,102.06,NA,NA,43.526386770833334,NA,NA,NA,53.67849176470588,51.55660538461538,44.35571,NA,94.71694282610841,100.26969290016787,96.51580132319542,51.30995757085021,50.214165425101214,50.320493805668015,Tristan Beck,21584,663941
Jordan Montgomery,TEX,6,57.88111111111112,96.89200000000001,NA,NA,102.42800000000001,93.66162162162162,88.1125,NA,NA,43.03816555555555,42.938324,NA,NA,43.653986,49.73453405405405,38.650099375,NA,90.18091603053436,109.73129770992365,98.0793893129771,45.21473167938932,56.312593282442755,51.84174519083969,Jordan Montgomery,16511,656756
Tommy Kahnle,BOS,9,87.52549019607844,NA,NA,NA,89.12545454545455,NA,91.60679245283019,NA,NA,44.333044117647056,NA,NA,NA,38.80450727272727,NA,53.58187084905661,NA,90.20535714285714,91.59297619047618,82.5327380952381,52.26382630952381,52.013614821428575,49.79846976190476,Tommy Kahnle,11384,592454
Jayden Murray,2 Tms,16.1,93.24222222222222,83.74064516129032,86.828,92.03999999999999,113.03653333333331,NA,68.27304347826087,NA,NA,51.25745722222223,53.01473000000001,47.35375400000001,39.77844,46.413497066666665,NA,45.77861086956522,NA,94.91268289497388,101.06781200084072,93.50563614664026,49.0532804590164,53.6037322295082,51.96643232786885,Jayden Murray,26482,681151
Luis Torrens,NYM,2.1,NA,NA,NA,NA,NA,NA,NA,NA,NA,20,NA,NA,NA,NA,NA,NA,NA,-1.9318181818181765,81.23454545454547,1.3290909090909069,20,20,20,Luis Torrens,15905,620443
Danny Coulombe,BOS,22,78.2148717948718,81.91298245614037,97.30965034965034,NA,112.79909090909088,NA,NA,121.33083333333333,NA,45.62040974358975,41.27935684210526,51.99467118881118,NA,48.76352575757577,NA,NA,60.84718416666667,95.00162569930322,90.39545535791041,92.37639766309074,49.90533424870467,43.987138911917114,45.5181996373057,Danny Coulombe,13293,543056
Austin Warren,NYM,35,113.20534653465346,100.81165644171779,84.7888888888889,NA,89.04379421221864,112.0632258064516,77.50333333333333,NA,NA,57.14232673267326,44.043617791411044,55.73719444444444,NA,56.668284823151126,58.01191677419356,47.36192666666667,NA,97.75260736196321,102.63730061349693,102.8603680981595,55.32110107361964,53.152593236196324,55.66584725460124,Austin Warren,24937,681810
Rodolfo Durán,SDP,3,NA,NA,NA,NA,NA,68.82,NA,NA,NA,29.81177,NA,NA,NA,NA,44.26378,NA,NA,49.03450205761317,85.25148971193416,51.39815637860082,29.66509044444445,34.08842244444445,24.769582444444445,Rodolfo Duran,20958,660710
Johan Oviedo,BOS,3.2,117.8,90.06000000000002,67.7,NA,89.56000000000002,110.42,NA,NA,NA,61.66429,51.01169,31.76528,NA,42.444,50.18927,NA,NA,104.58281690140845,94.3487323943662,98.40507042253522,50.33619,48.53285,51.61961,Johan Oviedo,22487,670912
Jared Koenig,MIL,7,133.38,110.27012987012986,98.31627906976745,NA,NA,138.0225,85.68516129032258,NA,NA,49.63058,46.764287922077926,39.888337441860465,NA,NA,44.468025,44.981592258064516,NA,103.99694616977224,75.5148447204969,76.79218426501036,47.56992720496894,45.94814540372671,44.01262602484472,Jared Koenig,27517,657649
Javier Sanoja,MIA,4.2,NA,NA,NA,NA,NA,NA,NA,NA,NA,26.837496849315066,NA,NA,NA,NA,NA,NA,NA,49.72410958904109,85.21808219178082,39.52465753424658,27.69702917808219,26.119882054794523,21.42079917808219,Javier Sanoja,28253,691594
Joel Payamps,ATL,7.2,97.14065573770492,87.75625000000001,85.96000000000001,NA,98.57971014492753,NA,72.595,NA,NA,53.69022918032786,49.48677875,52.69941,NA,54.581666666666656,NA,34.2384525,NA,96.07960264900663,101.80039735099338,99.33761589403973,53.609177284768215,53.448202781456956,54.58170761589404,Joel Payamps,14332,606303
Gordon Graceffo,STL,60.2,81.3170868347339,96.52454545454546,NA,NA,96.1579104477612,101.89029126213595,102.32982142857142,NA,NA,42.88604532212885,44.870621076923065,NA,NA,51.82755414179105,55.1673240776699,52.16881526785714,NA,91.78544599787426,97.04005314365138,91.87395552285179,49.112077075055176,49.002311423841064,46.65983185430465,Gordon Graceffo,29519,700669
Tyler Heineman,2 Tms,5.1,NA,NA,NA,NA,NA,NA,NA,NA,NA,20.488736538461538,NA,NA,NA,NA,NA,NA,NA,9.099062499999999,103.0809375,21.34187500000001,24.57248632401316,39.951956069078946,36.02909553865132,Tyler Heineman,13897,623168
Cole Irvin,LAD,6,90.7,82.76,94.8,NA,NA,111.42,80.32,NA,NA,29.569019999999995,22.317200000000003,46.649029999999996,NA,NA,39.10161999999999,32.95057,NA,89.25843137254903,82.38450980392156,68.7872549019608,39.51081,52.12175,43.59595,Cole Irvin,19244,608344
Cody Laweryson,MIN,16.2,90.51773399014778,NA,106.53280000000001,NA,NA,NA,87.36837209302325,NA,NA,43.39232625615763,NA,56.974864600000004,NA,NA,NA,57.910439069767435,NA,92.76547297297297,93.13797297297296,85.0762162162162,46.375242162162166,52.938168040540546,48.14558145270271,Cody Laweryson,26429,689520
John Klein,MIN,4.1,89.85268292682927,NA,97.57555555555555,NA,103.17999999999999,87.88,106.08695652173913,NA,NA,45.35364512195122,NA,58.538877777777785,NA,50.92125666666667,49.10098666666667,58.955441739130436,NA,95.5970731707317,68.49951219512195,59.552439024390246,50.40412268292682,37.94697219512195,38.45532609756098,John Klein,32155,804619
Yaramil Hiraldo,BAL,7.2,87.22612903225807,NA,NA,114.69333333333333,119.32702702702704,NA,NA,NA,NA,60.056118870967744,NA,NA,48.93022066666667,48.81785864864866,NA,NA,NA,104.05777777777777,95.65305555555557,97.27083333333333,54.44254006944445,49.093613958333336,51.16451979166666,Yaramil Hiraldo,25215,682274
Weston Wilson,BAL,2.1,NA,NA,NA,NA,NA,NA,NA,NA,NA,20.2267775,NA,NA,NA,NA,NA,NA,NA,32.62951219512195,96.27065040650407,31.739268292682926,23.016728048780486,37.434247804878055,41.73724195121951,Weston Wilson,19358,642215
Beau Brieske,DET,9.1,87.17416666666666,108.88000000000001,NA,NA,106.68277777777777,NA,111.50736842105265,NA,NA,49.342286111111115,43.66797714285714,NA,NA,41.09070305555556,NA,51.25026421052632,NA,98.19543624161075,107.67194630872484,104.2191946308725,46.92773510067115,62.33379597315436,56.21046489932886,Beau Brieske,26079,689225
Miguel Rojas,LAD,4,NA,NA,NA,NA,NA,NA,NA,NA,NA,20,NA,NA,NA,NA,NA,NA,NA,36.12452830188679,104.59811320754717,55.350566037735845,20,63.395562391304345,34.41700652173913,Miguel Rojas,7802,500743
Jacob Waguespack,DET,27,95.66698224852071,NA,81.08379310344829,NA,NA,96.795,106.01297297297297,NA,NA,46.15992112426035,NA,50.08429077586207,NA,NA,49.46541583333334,49.32808405405406,NA,93.2991305549796,92.24423774967171,83.1356209827908,48.66859576819407,51.63016544474393,47.41049018867925,Jacob Waguespack,18318,621097
Max Kranick,WSN,11.2,88.17348837209302,NA,NA,NA,95.63942028985505,92.88719999999998,NA,NA,NA,46.590639767441864,NA,NA,NA,39.916939855072464,42.329674000000004,NA,NA,91.88680673853759,91.68572979585596,82.90887600988862,42.719894975609755,46.468229658536586,44.52767078048781,Max Kranick,22175,668820
Josh White,MIA,0.2,71.64,NA,NA,85.82,93.66,99.02,NA,NA,NA,42.21256,NA,NA,49.15066,43.13538,46.93405,NA,NA,83.45813953488371,52.52883720930232,33.34976744186047,43.05043,32.90795,33.52483,Josh White,31738,687985
PJ Poulin,WSN,36.2,93.62761904761905,93.4082993197279,NA,NA,100.2838392857143,NA,81.10853333333331,NA,NA,42.53566256684491,59.68341936619718,NA,NA,50.04795753424657,NA,43.404108055555554,NA,94.44602654668168,95.4325624296963,88.28416197975253,49.77682433870967,54.20899775806451,52.0232664516129,PJ Poulin,23394,676571
TJ Shook,COL,5.2,74.77111111111111,NA,88.19636363636363,NA,98.23,NA,86.36099999999999,NA,NA,34.03558044444444,NA,49.97203636363636,NA,48.57012041666667,NA,42.886500999999996,NA,84.20175932977912,111.16046839299315,97.70458111195734,43.74301019801981,58.47356861386139,51.54733405940594,TJ Shook,27567,669298
Alex Jackson,MIN,2,NA,NA,NA,NA,NA,NA,NA,NA,NA,35.83822,NA,NA,NA,NA,NA,NA,NA,27.961153846153845,72.93846153846154,15.371153846153847,21.869856153846154,20,20,Alex Jackson,17276,656577
Woo-Suk Go,MIN,4,79.52176470588235,NA,NA,77,80.87103448275863,95.0323076923077,NA,NA,NA,48.64359970588236,NA,NA,29.14553,37.19112655172414,47.675459230769235,NA,NA,82.028139534883735,93.98395348837208,82.94302325581396,43.42991290697674,41.07448151162791,36.826015,Woo Suk Go,33827,808970
Easton McGee,2 Tms,7.1,105.98357142857142,103.1190909090909,85.90941176470588,NA,100.09,97.10079999999999,75.60799999999999,NA,NA,44.70797892857143,39.968765454545455,61.75796647058824,NA,49.60148714285715,49.20040839999999,39.444576,NA,98.35428571428571,109.27243697478993,104.18537815126051,48.031134705882344,64.9359281512605,60.04673957983193,Easton McGee,22176,668834
Evan Phillips,LAD,12,113.28554455445544,97.66727272727272,97.98105263157896,NA,119.69975308641976,NA,NA,NA,NA,60.607934158415844,53.237863636363635,56.426028421052635,NA,61.977434074074075,NA,NA,NA,113.55424528301884,109.51924528301888,120.84122641509433,59.183836650943405,56.842956415094335,60.27219636792453,Evan Phillips,17734,623465
Michael Kelly,ATH,5,83.88444444444445,88.98,NA,NA,109.10097560975608,NA,92.86,NA,NA,47.05349592592592,54.09407090909092,NA,NA,48.389510487804884,NA,42.4477,NA,101.51074380165291,81.18661157024793,82.43553719008266,50.98465595041322,52.75881884297521,54.29816867768595,Michael Kelly,12791,547184
George Soriano,STL,53.1,87.03507812499998,111.03307692307692,NA,NA,95.35770833333333,NA,114.85108614232209,NA,NA,45.70955792968749,61.1449303846154,NA,NA,57.739421597222226,NA,66.2730698127341,NA,100.13358091574965,95.12008745804896,97.70976405612116,58.003039198218254,50.850840345211594,51.31869540089086,George Soriano,21863,666277
George Klassen,LAA,14.2,100.05511811023622,107.16636363636363,NA,NA,94.93486486486486,93.78,93.89729729729729,NA,NA,56.64588007874016,60.727923181818184,NA,NA,62.050445945945945,53.878523333333334,51.654964054054055,NA,97.54374603174602,81.61815873015871,80.84736507936509,56.52919701587301,45.725243841269844,46.88002409523809,George Klassen,33464,691946
Christian Roa,HOU,8.2,78.93688888888887,90.86842105263158,NA,NA,116.3309677419355,NA,100.63285714285715,NA,NA,45.58794666666667,45.85372877192982,NA,NA,54.893597096774194,NA,51.019840714285706,NA,97.39825617977529,89.05012584269663,85.68443146067415,50.74193533707866,46.255065337078655,45.801530561797755,Christian Roa,27662,685005
Angel Zerpa,MIL,12.2,104.46,109.89795918367348,NA,NA,106.2688888888889,NA,76.9076923076923,NA,NA,28.187053636363636,53.13446891156463,NA,NA,51.46374066666666,NA,33.36757,NA,106.85699537037037,103.57047685185186,105.35868055555558,49.922887870370374,59.33280680555554,56.12578152777778,Angel Zerpa,22717,672582
Mason Englert,TBR,35.2,102.89346534653465,88.10473684210527,84.18275862068967,NA,99.78717948717949,95.51551020408164,96.2727950310559,NA,NA,44.31464020000001,38.35014453703704,52.07489596491228,NA,38.92625275862069,45.29287541666667,52.24193206666668,NA,94.77108583219689,108.65330828780861,102.81474122389204,47.12822326956522,60.05212791304347,55.869505843478265,Mason Englert,22288,669438
Josh Fleming,TOR,3,NA,114.98,94.98,NA,NA,105.86,97.22,NA,NA,NA,61.80809,24.88599,NA,NA,55.19266,48.86894,NA,106.87759999999999,92.07386666666666,100.00586666666666,53.52366,43.67651,43.07254,Josh Fleming,20418,676596
Alex Lange,KCR,47.2,89.31893617021278,106.44150234741782,81.88035398230087,NA,96.97250883392228,NA,95.73536082474229,NA,NA,44.166043010752695,53.184420938967136,47.49875201834862,NA,55.24929813953488,NA,51.63563520618557,NA,96.03293092478461,97.57888662639667,97.3566195026916,53.8628916722408,48.69702576365663,48.34625500557413,Alex Lange,19883,656638
Max Lazar,PHI,8,97.23826086956522,NA,90.97846153846154,111.68875,NA,NA,NA,78.73,NA,53.65878086956521,NA,67.17422461538462,52.521381250000005,NA,NA,NA,47.69865791666666,96.1090625,102.14328124999999,99.25859375,53.696849453125,54.594273671875,53.41568359375,Max Lazar,23426,676661
Antwone Kelly,PIT,7.1,96.24,118.06,NA,NA,131.12420361247945,NA,140.96545454545455,NA,NA,56.61550852941177,80,NA,NA,58.54947333333333,NA,64.33880272727274,NA,114.55387351469669,113.135020455493,125.59713570981863,57.14882317073171,63.08568398373984,66.02028292682927,Antwone Kelly,29000,699008
Yovanny Cruz,2 Tms,8.1,105.58823529411765,NA,NA,141.0953846153846,117.77204819277108,NA,NA,NA,NA,65.00729686274511,NA,NA,54.71141615384616,60.27391554216869,NA,NA,NA,115.60761904761904,87.74557823129253,104.98136054421768,62.43098312925171,50.53418265306122,55.61649639455782,Yovanny Cruz,22622,672442
Hunter Harvey,CHC,4,100.56263157894738,NA,NA,112.7568,113.126,83.54666666666667,NA,NA,NA,55.423577105263156,NA,NA,60.1388164,47.197292000000004,40.52512333333333,NA,NA,105.55526315789473,112.8015789473684,116.80342105263159,54.572269999999996,60.74599710526316,61.404873157894734,Hunter Harvey,15507,640451
Nick Davila,SEA,24.2,78.7004347826087,87.52071428571429,NA,NA,97.49295546558706,NA,NA,NA,NA,34.27476847826087,42.99455428571429,NA,NA,44.924438178137656,NA,NA,NA,93.01584310190886,100.93038174598743,93.18395245649018,46.6926675862069,55.08643360742704,51.746669575596826,Nick Davila,27741,689546
Philip Abner,ARI,14.1,86.7835294117647,92.94,NA,NA,107.17106382978723,85.27083333333333,91.40461538461538,NA,NA,52.207421764705884,76.97705,NA,NA,48.063054255319145,44.972298333333335,28.035118461538463,NA,90.66857142857144,94.65559183673469,87.97469387755102,47.130854448979584,52.16334469387755,48.47137702040817,Philip Abner,33821,691769
Jedixson Paez,CHW,3,79.1791304347826,99,75.68727272727273,NA,NA,91.04571428571428,76.32,NA,NA,55.47764217391305,55.68465777777778,48.13974,NA,NA,47.43196714285715,60.907196,NA,81.6859171597633,101.9004023668639,94.80459171597634,52.882005846153845,48.192528923076914,48.11992569230769,Jedixson Paez,29114,699151
Cristian Javier,HOU,32.1,97.9670671378092,88.16000000000001,96.649375,NA,111.00075187969924,NA,78.95032258064515,90.39846153846155,NA,44.454924734982335,35.10455666666667,37.78161666666667,NA,49.805971127819554,NA,41.87878451612903,36.63901,97.4106564053423,98.67769838893213,94.44188476971911,46.189513445229686,53.43222,49.9301536925795,Cristian Javier,17606,664299
Carlos Carrasco,ATL,16.2,78.28709677419356,84.01820895522388,81.51105263157895,NA,76.29823529411765,NA,84.05815789473684,NA,NA,52.50034709677419,41.83074805970149,45.835255555555555,NA,34.20835090909091,NA,39.23035144736841,NA,81.53472273855272,107.72703173969391,91.61626035091594,45.718713943089426,54.16696097560976,48.31525573170732,Carlos Carrasco,6632,471911
Dedniel Núñez,NYM,3.1,91.72055555555556,NA,NA,NA,98.352,NA,NA,NA,NA,59.85320694444445,NA,NA,NA,52.21554149999999,NA,NA,NA,94.08892857142858,118.15035714285715,118.91892857142857,55.021714464285715,59.52589660714286,59.39410267857143,Dedniel Nunez,23055,673380
Kyle Nicolas,CIN,7.1,95.7725,95.50999999999999,NA,NA,84.90757575757576,109.87875000000001,NA,NA,NA,58.62683739583333,41.125420000000005,NA,NA,55.28304818181818,57.293710625,NA,NA,94.42535353535354,73.39010101010102,74.64565656565657,55.49589994949494,33.766345707070705,40.5826104040404,Kyle Nicolas,27775,693312
Joe Ross,2 Tms,11.2,95.08146341463414,95.2956,NA,79.76714285714284,89.3535593220339,102.88615384615386,NA,NA,NA,48.178842682926835,49.742195599999995,NA,36.29181043417367,40.904697627118644,49.22170076923077,NA,NA,90.6470493060348,101.92524883061114,95.5893708304578,46.820218647343,50.32258806763286,46.995669468599026,Joe Ross,12972,605452
Shane Bieber,TOR,48.2,91.61098305084747,82.11885714285715,81.882,NA,99.42558139534884,NA,85.72280254777071,89.2094871794872,NA,46.36102281355933,33.20597620689655,53.636068300000005,NA,57.19536755813953,NA,54.35196350318471,44.55657269230769,89.29099751649757,93.93776314482369,88.70927524302846,49.82310958986731,47.77238882991556,46.61167487334138,Shane Bieber,19427,669456
Shaun Anderson,LAA,20,90.24127659574468,86.83999999999999,NA,NA,82.65556737588653,NA,88.64155555555556,NA,NA,53.09462744680851,55.70052076923077,NA,NA,45.77492716312057,NA,52.572063,NA,86.46411752136753,96.0758618233618,88.33026417378919,52.01635450142451,47.911113276353284,47.51988743589743,Shaun Anderson,19453,641312
José Buttó,SFG,2,89.4775,95.32959999999999,NA,NA,96.20871794871793,79.34,74.66749999999999,NA,NA,58.61156999999999,59.6257392,NA,NA,48.76476384615384,NA,38.27104,NA,91.298825396825393,67.65971428571429,66.44673015873015,52.565536349206354,30.824849206349207,33.21874936507937,Jose Butto,23313,676130
Jose Franco,CIN,20.1,88.12375,NA,NA,NA,104.06920863309352,NA,82.73086956521739,NA,NA,50.251296937499994,NA,54.1918,NA,48.19889064748201,NA,44.840262173913054,NA,93.81402298850576,90.06954022988505,85.86528735632184,49.7473184770115,44.927879339080455,45.71832744252874,Jose Franco,27014,683742
Camilo Doval,2 Tms,45.2,NA,91.49974921630096,88.51927272727272,NA,125.1255652173913,NA,93.5513043478261,NA,NA,NA,61.073272067048556,54.69099793263964,NA,57.0391948932306,NA,46.88288558352403,NA,100.45609469030853,100.48594475545418,103.12817788221562,57.02358076914126,46.94456359487627,52.40047829171558,Camilo Doval,21992,666808
Lyon Richardson,2 Tms,3.1,86.58500000000001,85.67833333333334,NA,NA,100.98999999999998,NA,84.05857142857144,NA,NA,57.9496625,47.07239625,NA,NA,43.95051333333333,NA,56.519486785714285,NA,86.91941176470588,92.79529411764706,86.17735294117647,53.10477720588236,43.439166323529406,44.0873375,Lyon Richardson,24581,680689
Ben Peoples,TEX,14.1,94.68951048951048,NA,NA,NA,117.26772727272724,NA,99.79,NA,NA,54.50160958041957,NA,NA,NA,54.38692636363637,NA,52.26881100000001,NA,103.14547717842326,98.8240663900415,99.1863070539419,53.486102406639006,52.5779972614108,54.61237605809128,Ben Peoples,26406,687239
David Sandlin,CHW,24.2,101.11774834437087,82.90222222222222,95.52735294117647,NA,140.738,96.31383177570093,88.3711111111111,NA,NA,53.94819006622517,49.29931555555555,53.82998147058823,NA,63.781949,50.302887102803744,43.632489259259266,NA,98.4241564792176,94.55877750611248,94.08327628361857,50.66465745721271,47.54325914425428,48.292372787286055,David Sandlin,31743,689818
Ethan Roberts,CHC,25.2,NA,93.25211267605634,91.78020408163266,NA,102.74106508875738,NA,NA,NA,NA,NA,48.69272074626865,49.08414668478262,NA,65.08365464968153,NA,NA,NA,96.17966437833715,94.68484820747517,95.02751487414189,58.438533105134475,50.60522623471882,53.9493774816626,Ethan Roberts,24930,681799
John King,MIA,47.2,74.44,96.06166666666668,NA,NA,99.4060170940171,86.22481012658227,85.63865671641788,NA,NA,34.07042222222222,46.813306157407396,NA,NA,53.49761363247862,50.48040924050633,45.55294820895525,NA,93.72647839229735,99.10390689530777,94.06922831299445,51.77063144345239,54.504986681547614,52.90958459821428,John King,22051,667463
Chase Petty,CIN,31.2,106.23183098591548,89.7689024390244,NA,NA,108.32666666666668,NA,99.54145454545454,NA,NA,52.24668366197183,46.709790000000005,NA,NA,50.69198954545454,NA,57.593123636363636,NA,99.60846960167713,99.86121593291405,98.97039832285114,52.323498637316554,53.823119832285116,52.88941897274633,Chase Petty,30170,695534
Yariel Rodríguez,TOR,9.1,93.51833333333333,104.86461538461539,NA,108.95428571428573,92.6714705882353,NA,NA,NA,NA,57.764784999999996,56.22973076923077,NA,51.42616523809523,54.61624602941177,NA,NA,NA,98.46848769209845,90.81057221542227,94.44767781857745,56.49464145348836,44.44167034883721,48.743328023255806,Yariel Rodriguez,33838,684320
Andrew Hoffmann,ARI,11.2,73.853277310924355,NA,NA,NA,95.30851063829788,NA,114.62156250000001,NA,NA,43.28551285714286,NA,NA,NA,47.95794224999999,NA,62.821390781249995,NA,90.29321817160918,101.3201410568847,93.15411286171587,50.254431826086964,49.35609417391304,51.50660582608696,Andrew Hoffmann,29633,694851
Luis García,2 Tms,15,50.72,93.08354838709678,NA,89.21951807228915,113.93245283018867,NA,NA,NA,NA,28.40582,53.04277806451613,NA,44.51995879518072,53.2939,NA,NA,NA,95.21908675634197,97.08622966507176,95.13939225422045,52.15167362264151,47.89581188679245,48.169407849056604,Luis Garcia,6984,472610
Chase Shugart,PHI,41,100.67397260273974,104.1218905472637,102.65196261682244,NA,114.87720000000002,NA,78.85728813559322,NA,NA,52.1447684931507,48.95254079601989,48.40268158878504,NA,52.13554133333333,NA,40.76490344827586,NA,103.51399827833578,93.72972969870877,97.04953113342897,51.223743213773325,48.771545265423235,51.32519404591105,Chase Shugart,21544,663767
Bryan King,HOU,51,97.22,98.5336936936937,NA,NA,104.48617283950618,NA,84.52222222222221,NA,NA,52.620483858585835,57.550241727272734,NA,NA,52.095053827160484,NA,28.2610825,NA,99.32119548542627,106.85906739983669,103.96406919291536,51.140326643356666,57.88719501165501,56.77218601398602,Bryan King,25890,687911
Jeff Criswell,COL,4,71.2630303030303,NA,NA,NA,91.1464864864865,NA,70.74666666666667,NA,NA,42.21033939393939,NA,NA,NA,49.28859648648648,NA,40.22264555555555,NA,80.5167088607595,87.95645569620253,76.77620253164557,47.558039367088604,39.47846772151899,36.6510335443038,Jeff Criswell,27608,676105
Lucas Giolito,SDP,29.2,74.28751091703056,NA,NA,NA,88.72404255319148,92.99729729729731,100.06680628272251,NA,NA,35.547018471615715,NA,NA,NA,37.55776627659574,45.244946486486484,59.43254963350787,NA,86.92691541455513,90.69336558755352,82.19288765567286,46.25979332129964,44.86660514440434,42.13733866425993,Lucas Giolito,15474,608337
Charlie Barnes,2 Tms,13,73.47194029850746,73.49906976744185,NA,NA,91.11599999999999,NA,63.17388888888888,NA,NA,37.925770597014925,43.31285953488372,NA,NA,40.923244545454544,NA,39.314095,NA,76.46129353233832,91.36786069651743,73.77452736318408,42.667995273631846,47.47314009950249,43.42278517412936,Charlie Barnes,19865,656212
Jose Corniell,TEX,4.1,93.91333333333334,107.54222222222222,83.34,NA,105.04384615384615,NA,77.30074074074074,NA,NA,40.78799,50.92643666666666,24.21549,NA,47.60086307692308,NA,43.82333333333333,NA,92.0687556561086,95.67828619909504,89.72011595022626,46.21832336538462,50.76437298076923,48.345906346153846,Jose Corniell,27984,692030
JR Ritchie,ATL,58,94.56728260869563,90.6388679245283,89.83353535353535,NA,90.52450704225352,100.91185714285716,89.15141242937854,NA,NA,47.87223010869565,48.00866127358491,54.29056707070707,NA,46.125901971830984,55.11162257142857,52.83451508474576,NA,93.81247711721318,95.45292699724519,95.91744312627745,51.00739423264906,48.6664603030303,47.72477211143695,JR Ritchie,31760,702275
Ricky Vanasco,DET,6.1,86.73632183908046,NA,NA,NA,NA,82.14615384615384,100.04545454545455,NA,NA,41.79356597701149,NA,NA,NA,NA,46.35715769230769,55.12030636363637,NA,89.12726888142342,102.25433121811622,93.17359711335077,45.49714099415205,53.3707581871345,47.81653567251462,Ricky Vanasco,23391,676568
Angel Chivilli,NYY,16.2,96.25050847457626,NA,NA,NA,96.81345794392523,NA,91.5979831932773,NA,NA,50.77111559322032,NA,NA,NA,48.67149056074766,NA,45.479585126050424,NA,94.54581818181819,92.93068580542264,92.01108133971293,51.54120954385966,45.329302596491225,45.14389642105264,Angel Chivilli,26790,683409
Seranthony Domínguez,2 Tms,43,104.38221574344023,98.79753623188408,NA,120.66272727272727,121.22093220338981,98.78933333333333,NA,NA,NA,56.88992938775512,64.67759804347826,NA,56.72277431818181,58.096991906779664,46.855884666666654,NA,NA,109.9637804878049,88.71946341463415,98.471243902439,56.646602414634145,46.01961436585367,50.51838507317072,Seranthony Dominguez,19249,622554
Eric Lauer,2 Tms,98.1,84.31434017595309,NA,95.89665738161558,NA,104.05169230769232,93.80094240837698,78.27059760956176,NA,NA,35.87938979472141,NA,37.33232520659239,NA,39.37078984615385,37.13750057591623,36.63071366533865,NA,88.66611418444764,103.30191375971636,89.23764816876815,39.55968281908302,54.15769063816605,47.933336654275095,Eric Lauer,19316,641778
Osvaldo Bido,2 Tms,18.2,88.47239130434784,96.95692307692308,NA,NA,109.4605,NA,72.192,NA,NA,51.57751062854442,52.728773242165246,NA,NA,48.98399472321428,NA,33.028807575757575,NA,98.92758064806617,88.31311812404668,84.80358330250802,51.02198968251672,49.42653437096634,51.00268447631176,Osvaldo Bido,23150,674370
Corbin Martin,CHC,5,84.72000000000001,98.845,NA,NA,110.27374999999999,101.46444444444442,91.9225,NA,NA,53.448587321428576,67.026535,NA,NA,48.58671375,62.102428888888895,46.83063625,NA,93.50450450450451,89.13873873873874,85.6781981981982,52.92101765765767,43.866352432432436,48.20703081081082,Corbin Martin,19884,656686
Tyler Gilbert,CHW,3.2,110.15714285714284,104.13941176470587,95.20588235294116,75.86,116.58882352941177,NA,NA,NA,NA,38.64001,58.62142323529412,39.33875882352942,26.419710000000002,50.442805882352935,NA,NA,NA,106.92512693498452,95.44095356037153,99.84864396284829,51.594996421052635,54.021024842105255,52.865950210526314,Tyler Gilbert,17964,656457
Matt Seelinger,NYM,2,112.03999999999999,NA,98.04,NA,NA,NA,NA,84.86,NA,54.913419999999995,NA,49.43835000000001,NA,NA,NA,NA,31.97124,100.89000000000001,70.90846153846154,70.85384615384615,48.38681,43.19751,52.13117,Matt Seelinger,23563,676910
Seth Halvorsen,2 Tms,20,98.11540983606555,NA,NA,93.50866666666667,124.41678571428572,NA,NA,NA,NA,54.93650344262295,NA,NA,51.10305966666667,56.70448776785714,NA,NA,NA,105.41621761658033,82.70466321243525,87.82247409326425,53.913257849740944,43.824555388601034,45.665150958549226,Seth Halvorsen,33294,678020
Tanner Banks,PHI,29,95.09859649122807,96.86295454545456,NA,NA,102.87560603371783,NA,111.94740740740738,NA,NA,44.60965640350877,54.76858625,NA,NA,40.250893043478264,NA,40.0593862962963,NA,100.74933407790031,100.24289698605487,98.82466254052459,45.598277078039935,52.92877765880216,51.08079778584391,Tanner Banks,16990,621383
Chris Martin,TEX,14,96.80092307692307,109.82399999999998,101.24384615384616,101.91250000000002,111.27090909090909,108.2757142857143,NA,NA,NA,37.86611876923077,55.16957733333333,34.39387461538461,38.3014025,50.16852545454546,49.0272025,NA,NA,102.1723130498534,106.09736217008796,106.80855131964809,44.51250185483871,58.38804858870968,52.91849713709677,Chris Martin,11847,455119
Andre Granillo,WSN,9.1,81.84897959183674,91.99000000000001,NA,NA,106.00118644067796,NA,81.33200000000001,NA,NA,45.95927340425533,42.8521068,NA,NA,45.015038636363634,NA,51.479870000000005,NA,97.66409294409296,80.72567932067932,82.60391497391497,47.61033534759358,43.6160029946524,42.07188101604278,Andre Granillo,29542,701552
Cole Sands,MIN,12,87.21397590361445,84.115,92.52122448979591,87.09058823529412,NA,111.91111111111111,NA,NA,NA,41.08904253012049,47.425403333333335,40.995996734693875,53.4646761764706,NA,46.40196222222221,NA,NA,91.46074641148324,102.34106539074959,94.14648006379586,45.67650894736842,51.30637947368422,48.81164019138757,Cole Sands,21461,663485
Mitch Spence,KCR,9.1,NA,83.45176470588235,92.85157894736842,NA,91.029,95.05151515151515,70.05999999999999,NA,NA,NA,41.23271,48.69547736842105,NA,50.312206,46.83079272727273,32.57959470588236,NA,89.49256799999999,84.22430399999999,78.677228,49.152144500000006,44.8866476,48.42968735,Mitch Spence,27707,687765
Edwin Díaz,LAD,12.2,104.49707317073171,NA,NA,NA,107.29904000000002,NA,NA,NA,NA,61.10898146341463,NA,NA,NA,56.63090328,NA,NA,NA,105.60567968363816,91.26477014335146,96.89504695996048,57.703360034602085,48.27818705882353,52.39242107266436,Edwin Diaz,14710,621242
Landon Knack,LAD,7.2,89.28836363636364,NA,NA,NA,100.82363636363635,NA,102.4325,85.17764705882352,NA,50.54151,NA,NA,NA,41.15353090909091,NA,47.034604375,37.646041764705885,94.08603174603175,97.29317460317459,90.3411111111111,47.25180904761905,49.03447238095238,48.316005238095244,Landon Knack,27487,689017
Carlos Estévez,KCR,0.1,74.82,NA,NA,NA,93.5,NA,80.2,NA,NA,40.48932,NA,NA,NA,34.93237,NA,40.80633,NA,80.16666666666667,61.69111111111112,45.99555555555555,41.00437,28.04015,28.38296,Carlos Estevez,14542,608032
Javier Assad,CHC,80.1,90.15808333333334,105.5408630393996,84.65383647798744,NA,105.55204081632652,93.09362637362638,100.52294736842106,NA,NA,51.44507529166667,49.9270469043152,49.40255226415094,NA,48.7268337414966,46.56955527472527,45.36252042105263,NA,98.75801190956419,101.2044428517549,101.87044443644392,49.102300039494466,55.02400221169036,52.04031739336493,Javier Assad,21741,665871
Reiver Sanmartin,SFG,7.2,105.66285714285713,107.78208333333333,NA,NA,109.15,NA,95.48933333333333,NA,NA,30.747818571428574,56.08076125,NA,NA,47.892489749999996,NA,43.63371133333333,NA,105.01435606060606,103.26916666666669,104.60356060606061,49.66985787878787,56.856574242424244,54.60518749999999,Reiver Sanmartin,19754,665665
Sam Bachman,LAA,45.2,95.88416666666666,104.55406779661018,NA,NA,105.50322250639387,NA,87.40146788990825,NA,NA,54.222638260869566,56.322049063829766,NA,NA,55.84953352941176,NA,63.86306119266054,NA,102.26909329829172,94.61403416557164,97.69834428383705,58.60348800262813,47.912805637319316,51.495851603153746,Sam Bachman,29754,696147
Nick Sandlin,LAA,8.2,107.06857142857143,90.32285714285713,NA,72.5827027027027,110.30258823529414,NA,NA,NA,NA,55.33259684210526,62.325857500000005,NA,38.57443466666667,59.55396555555555,NA,NA,NA,99.17666242038217,86.35712101910828,89.73596178343949,57.80102507462686,44.55004723880597,50.2312080597015,Nick Sandlin,20517,680704
Mitch Farris,LAA,47.1,86.21875675675676,NA,77.07169811320756,NA,91.73397849462366,NA,115.11260416666666,NA,NA,45.31847821621621,NA,32.96794019047619,NA,41.04712682352942,NA,65.02991483870967,NA,93.08131660532138,85.99095932675073,78.25326522213608,48.96898571248424,48.54811093316518,46.18264751576293,Mitch Farris,33628,815083
Cole Ragans,KCR,35.1,109.02810055865923,NA,91.18722222222222,NA,116.30447058823529,NA,113.57885714285715,101.38481481481483,NA,59.11924720670391,NA,58.01327583333333,NA,56.959481411764706,NA,58.66352028571428,42.72874018518518,109.05784037558684,86.32103286384977,95.9463849765258,55.295744194053206,47.9975372456964,50.40012888888889,Cole Ragans,21846,666142
Eric Cerantola,KCR,5.1,80.07061224489796,NA,75.32137931034482,NA,104.47510204081634,NA,NA,NA,NA,45.62514,NA,38.749226896551725,NA,54.48879204081632,NA,NA,NA,88.7334335154827,42.3738160291439,37.66338797814207,50.253860819672134,20,21.165246721311476,Eric Cerantola,30128,672021
Jalen Beeks,TEX,26,87.29111111111109,NA,102.87081081081081,NA,NA,NA,87.1921472392638,NA,NA,47.0258245410628,NA,53.2039227027027,NA,NA,NA,43.37345834355828,NA,88.67839319599321,100.69128885528885,91.33300422100423,47.402135282555285,55.067067641277646,49.34072029484031,Jalen Beeks,17192,656222
Joey Lucchesi,LAA,3.1,84.9625,101.5821052631579,NA,121.16000000000001,NA,99.81733333333334,NA,NA,NA,43.164891874999995,47.89341684210526,NA,43.26093,NA,43.41793833333333,NA,NA,100.19851600985223,83.14331280788178,83.38881773399014,44.400181428571436,37.40323875,40.389310446428574,Joey Lucchesi,19320,664192
Simeon Woods Richardson,2 Tms,63,83.61649048625794,74.74000000000001,NA,88.1633834586466,93.70787148594378,87.60565217391304,NA,NA,NA,43.54365885835095,23.4657,NA,53.55477439849624,37.74416979919678,42.55966260869565,NA,NA,87.405571587026,93.3968521854618,85.16128188728271,45.66242155904059,50.94710994464944,46.660020931734316,Simeon Woods Richardson,24494,680573
Yunior Tur,ATH,4.2,96.28914285714285,NA,85.53666666666666,118.9459574468085,89.58,NA,NA,NA,NA,53.96195399999999,NA,49.27665777777778,62.368186808510636,41.739509999999996,NA,NA,NA,101.82549999999999,91.82866666666668,96.59750000000001,56.67752216666666,48.225904916666664,52.24400925,Yunior Tur,33026,814305
Mike Paredes,MIN,34.1,85.2336274509804,NA,92.53270588235294,NA,112.70561983471075,NA,89.73971631205673,NA,NA,43.69590519607843,NA,52.18970011764706,NA,52.78208314049587,NA,46.45860773049645,NA,93.58710818071273,97.90665332011861,93.56142357492058,49.763366449275374,53.83629967391304,51.0356488768116,Mike Paredes,30187,702474
Carlos Cortes,ATH,8,NA,NA,NA,NA,63.09866666666666,29.450000000000003,61.521249999999995,NA,NA,26.506676399999996,NA,NA,NA,20,24.142615,20,NA,59.878120300751874,88.2724812030075,52.253157894736844,20,20,20,Carlos Cortes,21842,666126
Trevor Martin,TBR,11.1,108.27324999999999,92.03538461538461,92.32857142857144,102.77837837837838,NA,95.36500000000001,NA,NA,NA,51.66953775,62.280945,54.289012619047625,60.31705297297297,NA,54.21327,NA,NA,101.65924213564213,97.02490505050504,100.27475988455988,53.34638172222221,56.648719722222225,57.66182494444444,Trevor Martin,31878,694680
Eli Morgan,KCR,19.1,79.20968253968256,NA,NA,NA,89.93326732673268,NA,119.5130357142857,NA,NA,41.47406111111111,NA,NA,NA,44.871465544554454,NA,57.41086553571429,NA,95.76973451327433,90.35302927161335,85.61019287497162,49.71043238938053,44.306452153392335,45.02601616519174,Eli Morgan,20203,669212
Roddery Muñoz,HOU,4,80.93241379310345,98.9276923076923,93.17473684210528,NA,84.65521739130436,NA,79.256,NA,NA,45.128598275862075,60.08357230769231,49.90994894736842,NA,49.570717826086955,NA,39.539548,NA,86.54940322214657,79.31956886771044,69.29507147719538,50.75871469026548,39.378786902654866,41.52008663716814,Roddery Munoz,25311,682610
Craig Yoho,2 Tms,25.1,94.21478260869566,93.03021739130433,92.39962264150944,NA,156.04000000000002,NA,94.74341708542715,NA,NA,49.51962637681159,45.37196783529845,59.35213924528303,NA,63.433189999999996,NA,67.8069804522613,NA,94.63647268851584,97.62671409539034,96.1670007993605,58.66320350119904,49.21221388489209,53.57524971223022,Craig Yoho,33248,684974
Connor Brogdon,CLE,15.1,99.55705426356589,NA,89.53703703703704,NA,NA,114.93714285714285,91.10634615384616,NA,NA,52.033039689922475,NA,57.67847629629629,NA,NA,56.817589999999996,58.39655249999999,NA,95.700409764901,97.95254292264168,96.73911715930153,54.37012231343283,53.0026475,53.60740026119403,Connor Brogdon,21205,641401
Tyler Tolbert,KCR,4.2,NA,NA,NA,NA,NA,NA,NA,NA,NA,27.5257,NA,NA,NA,NA,NA,NA,NA,45.653207547169806,104.1845283018868,49.68103773584906,20,20,20,Tyler Tolbert,25779,686475
Connor Phillips,CIN,27.2,100.98771535580525,NA,NA,NA,129.9570342205323,131.98000000000002,NA,NA,NA,63.44736209737828,NA,NA,NA,60.95456961977185,57.15469625000001,72.18423,NA,115.72419145753699,80.71532989862057,95.14033571547282,61.13240310786106,48.65010307129799,53.469531919561256,Connor Phillips,27649,683175
Mike Burrows,HOU,94.2,98.40156599552573,92.44896226415095,NA,NA,94.84821705426357,95.91690265486724,87.56816037735848,NA,NA,50.57745152125281,47.67957861386138,NA,NA,41.794132170542625,46.33508265486726,52.286447877358484,NA,93.73626040771983,98.00237698738742,92.70213669748377,48.98286700636943,52.67436948407644,50.20529052229299,Mike Burrows,24728,681347
Kade Morris,ATH,10,99.52857142857142,87.6575,NA,NA,105.18576271186441,100.6964705882353,77.67684210526316,NA,NA,49.67432285714286,40.386030416666664,NA,NA,47.01958203389831,47.64825941176471,48.806057894736846,NA,95.1886984126984,90.72820952380953,85.95165185185185,47.14980061904762,47.34668680952381,47.14296076190476,Kade Morris,33787,695034
Joel Kuhnel,2 Tms,35.1,88.10516129032257,97.42508591065294,99.10528089887643,NA,139.3125,111.38333333333334,77.38526315789474,NA,NA,38.75490548387097,50.64758171821307,60.54824937229904,NA,49.15489875,47.709467839506175,38.560882269736844,NA,96.90008372670769,98.28783081266708,94.1773091719488,50.6700475266904,49.39364067615658,51.5766846797153,Joel Kuhnel,19995,669270
Elvis Alvarado,ATH,38.2,119.26005025125626,95.4080459770115,NA,109.861875,110.03772151898731,NA,134.28,NA,NA,60.60019620603016,59.52961425287355,NA,48.82476862068965,61.8009905442177,NA,46.03599,NA,113.3811295689054,95.45773025589389,109.16819986982505,56.96503797337279,48.84963347633137,53.04650467455622,Elvis Alvarado,21662,665660
Ryne Stanek,STL,47.1,100.94516129032257,103.42758620689652,NA,120.0716535433071,123.31998894416809,NA,NA,NA,NA,60.81338912442395,58.11981779069768,NA,63.588456929133855,57.160774328358215,NA,NA,NA,109.36013908946585,93.93349891603081,101.48877130810331,58.08281290930506,48.27239438162544,53.59030593639577,Ryne Stanek,15947,592773
Hurston Waldrep,ATL,10.2,NA,85.97012048192772,80.58588235294118,110.14439024390244,82.56774193548387,92.52153846153846,NA,NA,NA,NA,37.57816409638554,45.08536764705883,54.73514390243902,43.7747135483871,41.802289615384616,NA,NA,90.09417988231996,73.55998318856822,72.78029251891286,46.78192813953488,41.90695948837209,41.619028232558144,Hurston Waldrep,33527,694462
Lazaro Estrada,TOR,13,92.56574257425741,NA,85.05,100.65285714285714,94.61999999999999,104.3145945945946,NA,NA,NA,47.12521297029703,NA,46.615755,44.212546428571436,42.11361782608695,41.70160405405405,NA,NA,94.50951494793416,84.23462658156981,76.33064942335685,43.66774637554585,46.43732729257643,43.194445720524016,Lazaro Estrada,24914,681751
Luis Curvelo,TEX,10.1,91.88,100.46864864864865,NA,112.73789473684211,103.43735849056604,NA,NA,NA,NA,58.8816896,52.5986172972973,NA,49.01599526315789,49.23591471698113,NA,NA,NA,100.83155080213903,110.91739750445635,110.71197860962566,52.863693189189185,59.857439891891886,60.70529367567568,Luis Curvelo,24710,681168
Cole Henry,WSN,13.2,86.12941176470589,98.50785714285713,85.19333333333333,NA,110.19693877551019,146.44,NA,NA,NA,45.358481875,44.257045,43.99740555555556,NA,55.58031010638297,43.01332,NA,NA,95.98940974605354,90.32392129947381,84.33286204529857,49.49349591760299,48.260599588014976,49.41939704119851,Cole Henry,27570,669371
Luis Gastelum,STL,17.2,96.62659340659339,99.72428571428568,NA,NA,87.40785714285714,NA,110.39924528301887,NA,NA,50.51665505494505,47.29664214285714,NA,NA,52.969798035714284,NA,63.482955,NA,100.14570581257416,98.72483194938711,99.97114274416766,56.140902846975095,53.85051099644128,54.87879206405694,Luis Gastelum,33027,703725
Aaron Brooks,TBR,0.1,66.24000000000001,82.78,NA,NA,97.76,NA,82.4,NA,NA,20,33.88474,NA,NA,39.36416,NA,40.22472,NA,81.41764705882353,81.70588235294117,67.34588235294119,35.37435,36.60469,29.72656,Aaron Brooks,12272,605156
Tim Herrin,CLE,41.2,84.0355,107.72946107784433,NA,NA,100.78538461538467,106.1518407960199,82.37,NA,NA,52.41905487499999,52.72164908536588,NA,NA,49.059374945054955,52.15842965174131,46.314055,NA,99.99898036874914,89.19064335757092,89.34615369774144,50.352699206128136,47.9362748050139,47.76116966573815,Tim Herrin,25139,682120
Bailey Falter,KCR,9.2,92.46959999999999,80.015,NA,77.09666666666666,85.68780487804878,87.42117647058822,NA,NA,NA,53.24753320000001,66.50985,NA,51.30413,41.82625634146341,38.73977764705882,NA,NA,88.62404093567251,90.802716374269,84.69451754385965,47.91657772222223,43.793791500000005,44.513930888888886,Bailey Falter,20070,663559
Brandan Bidois,PIT,15.2,98.04202247191009,NA,NA,NA,125.52485294117648,NA,122.3690909090909,NA,NA,64.37983949438201,NA,NA,NA,53.64990044117646,NA,56.444267272727274,NA,110.39192426035503,86.92602130177517,95.73342958579882,58.02755790769231,44.286182,51.074688676923074,Brandan Bidois,28052,684049
Ryan Walker,SFG,26.1,95.12142857142858,108.56608955223882,NA,NA,102.48666666666668,NA,NA,NA,NA,47.93541307692307,51.55815183486237,NA,NA,60.30333088888888,NA,NA,NA,106.41045469387755,94.22128925170071,100.04371836734695,53.67417920168068,52.449082584033604,53.29581840336133,Ryan Walker,20423,676254
Jesse Scholtens,TBR,40.2,99.66847222222222,91.8441975308642,NA,102.79638554216868,87.40297101449276,NA,NA,NA,NA,51.18343486111112,48.07259197530863,NA,54.483938192771085,44.119812137681166,NA,NA,NA,93.0524449218284,105.45068337510443,99.61177801646976,49.51565455639097,58.07360702255639,55.394366451127816,Jesse Scholtens,19205,669947
Zach Maxwell,CIN,10,108.04942028985506,NA,92.49319148936169,NA,121.32666666666665,NA,NA,NA,NA,64.13566536231885,NA,57.86114234042553,NA,61.762593333333335,NA,NA,NA,109.72301372589759,85.76461882267176,94.36687745033717,59.53115228,48.429635600000005,50.97966112000001,Zach Maxwell,31610,687209
Dennis Santana,PIT,41.2,89.2658878504673,89.0054117647059,83.2022222222222,NA,101.90186234817816,NA,79.39018867924527,NA,NA,47.40014887850467,42.27570552941176,46.22033867924528,NA,49.95367696356274,NA,47.38372452830189,NA,91.69126558073653,96.60920073969152,86.81034946490402,49.83569049575071,52.791457280453244,50.5340942634561,Dennis Santana,17878,642701
Jordan Leasure,CHW,18.2,111.48524390243901,88.77454545454545,NA,106.91333333333334,97.8446511627907,NA,NA,NA,NA,60.19794849673203,50.920544,NA,47.67301333333334,50.67449285714285,NA,NA,NA,104.95557961783439,94.26886624203821,99.51028025477706,54.593023890784984,49.32944686006825,53.03706607508532,Jordan Leasure,29950,673929
Matt Krook,2 Tms,8.1,NA,105.79923076923077,98.25142857142858,NA,121.66172043010754,NA,81.53999999999999,NA,NA,NA,44.719885641025634,57.86793142857143,NA,58.11887021505377,NA,30.44856,NA,113.2489212792972,64.10687161273349,73.31620723379432,54.93165563535912,37.85336839779006,42.841379171270724,Matt Krook,19315,640454
Mason Black,KCR,25.2,111.42485981308413,94.42300884955752,73.47210526315789,NA,87.54481012658225,95.07039999999999,72.2890909090909,NA,NA,42.404436542056075,41.485319823008844,40.58012868421053,NA,54.14610917721519,55.29718142857143,48.68162863636364,NA,93.23043103448275,99.4017672413793,95.67439655172413,49.579613512931026,53.5863032974138,51.63444633620689,Mason Black,30171,696131
Steven Cruz,KCR,45.1,106.14405,NA,103.4763366336634,NA,123.81336283185843,NA,NA,NA,NA,59.805054874999996,NA,50.105333940886695,NA,51.29495000000002,NA,NA,NA,108.40513299696609,96.26594938002903,102.13370610737368,54.012598573407196,55.72579322714681,56.14202130193905,Steven Cruz,23165,674444
Bryan Abreu,HOU,45,97.4648167539267,NA,92.95575757575757,NA,102.30884718498659,NA,44.400000000000006,NA,NA,53.72489418848168,NA,47.633907307692304,NA,54.864845790884694,NA,44.37613,NA,99.40515988037728,83.9661191626409,86.03697147458017,54.17043887681159,42.989583852657006,45.75931997584541,Bryan Abreu,16609,650556
Trey Gibson,BAL,33,94.18319327731092,100.0164331210191,95.80151260504202,NA,109.50014084507042,74.66341463414635,NA,NA,NA,45.261506554621846,51.71424898089172,53.28036773109243,NA,57.82857274647888,59.41459121951219,NA,NA,96.90233514466148,92.20095461888678,93.23681346117533,53.15577831987075,48.89038088852989,49.22005576736672,Trey Gibson,33794,694346
Phil Maton,CHC,27.2,NA,88.47250000000001,94.15253731343283,NA,83.98674698795179,132.75569620253168,NA,NA,NA,NA,41.36962086538461,56.92934875621891,NA,50.993979759036144,66.47209202531646,NA,NA,102.6452294927295,88.65945637695638,94.4061544011544,56.44293699633698,49.87006205128205,54.547118003662995,Phil Maton,18064,664208
Tyler Kinley,ATL,42,72.5713043478261,75.42,NA,83.97,107.04401766004413,115.37180952380953,NA,NA,NA,51.26456730434783,45.16801999999999,NA,31.15729,47.81955187637969,45.54242885714287,NA,NA,102.36026931157075,101.01465299773753,102.58813821105367,50.16599507352941,53.391301602941176,52.558501455882364,Tyler Kinley,18297,641755
Ronel Blanco,HOU,23.1,93.27014084507043,NA,NA,NA,81.13420289855073,92.07969230769231,101.40508771929825,NA,NA,51.43812830985915,NA,NA,NA,43.76442101449275,50.017889538461546,53.55067377192983,NA,93.30390256410257,101.72702307692309,96.63795384615383,50.68152287179487,51.370389102564104,51.08403951282052,Ronel Blanco,19407,669854
Max Scherzer,TOR,41,87.21176136363637,NA,86.74000000000001,NA,106.81352272727273,99.88679245283019,86.2985,NA,NA,52.235006704545455,NA,43.828293333333335,NA,44.203989943181824,44.83504273584905,48.55642950000001,NA,93.38673846119814,105.42506905195455,97.86592873455596,48.28899685939553,54.077790854139295,51.27206942181341,Max Scherzer,3137,453286
Ken Waldichuk,WSN,9.1,96.83416666666666,NA,96.5,NA,91.282,104.76262295081966,84.92,NA,NA,57.079996041666675,NA,59.80051269230769,NA,42.724113,60.39516098360656,41.57649,NA,99.4034899328859,80.79073825503356,80.46550335570468,55.37310979865772,41.71687255033557,45.19209845637584,Ken Waldichuk,27681,686610
Richard Lovelady,2 Tms,30.1,89.66413793103446,99.58125,NA,NA,95.3280608365019,NA,NA,NA,NA,61.231450086206905,59.426641499999995,NA,NA,58.70245961977187,NA,NA,NA,95.42341299959386,95.31241156750296,90.92830265982312,58.96938462107209,53.27996203327173,54.721662920517566,Richard Lovelady,19337,663992
Brenan Hanifee,DET,21.1,94.2437037037037,104.62923076923077,NA,NA,109.71270270270269,NA,91.692,NA,NA,32.23478518518519,42.37920815384615,NA,NA,39.22453472972973,NA,48.66390560000001,NA,103.90647455867082,100.74775700934578,102.16153167185875,43.72577112149533,55.53446077881619,51.297139813084115,Brenan Hanifee,22304,669724
Brendan Beck,NYY,6.2,79.32149253731343,85.03714285714285,NA,100.742,92.05914893617023,83.3125,NA,NA,NA,42.51197611940299,39.60277,NA,51.625932,45.61161702127659,43.6487075,NA,NA,85.68705035971223,91.34388489208632,77.2936690647482,45.02621007194245,46.38121294964029,42.74725568345323,Brendan Beck,33043,694341
Austin Voth,2 Tms,10,94.56222222222223,72.23357142857142,86.87529411764704,73.99,101.62849999999999,101.4529411764706,NA,NA,NA,43.353457222222225,31.930488214285713,44.99705176470589,27.873845000000003,52.24610325,46.80055529411764,NA,NA,91.40093023255814,85.13888372093024,79.90586046511629,46.16907311627907,41.46141893023256,41.876716139534885,Austin Voth,15047,608723
Connor Thomas,ATL,6.1,86.76705882352941,86.7690909090909,85.95666666666666,NA,80.61304347826086,NA,91.00666666666666,NA,NA,51.1014805882353,48.0442690909091,44.99784833333334,NA,50.05648739130435,NA,45.516940000000005,NA,86.55782608695652,88.77434782608697,80.9040579710145,49.92030043478261,43.67723478260869,43.94318739130435,Connor Thomas,25873,671162
Erick Fedde,CHW,109.2,96.71307692307693,82.57216168717048,86.03513812154696,NA,101.7075072463768,NA,75.3447577092511,NA,NA,32.59577041666667,38.4476976625659,42.092088342541444,NA,52.01027024637681,NA,38.0604124229075,NA,89.63182527092131,108.32768936882876,99.04763114271219,49.16362344,55.03056652800001,52.01990786133332,Erick Fedde,17425,607200
Colton Gordon,HOU,9.1,96.12904109589041,93.03111111111112,NA,NA,108.66760563380284,87.77,80.7776,NA,NA,42.78565342465754,51.013915185185176,NA,NA,61.35548197183099,49.580758333333335,45.631730399999995,NA,97.8576378477428,104.1687813236239,101.78015040098997,51.82953192118227,57.62237300492611,56.266855320197045,Colton Gordon,31312,676467
Gus Varland,WSN,31.2,106.87829268292684,NA,NA,NA,95.77892857142857,NA,92.15230769230767,NA,NA,55.808078201219516,NA,NA,NA,48.62665383928572,NA,55.99552923076923,NA,102.05596425659145,103.75568713677373,102.547375839708,52.02685139575973,54.09072204946996,55.19597275618376,Gus Varland,24737,681402
Justin Topa,MIN,19,NA,92.92431372549018,90.82547368421052,NA,115.19533333333332,NA,84.93607843137255,NA,NA,NA,45.30418189542483,35.826083473684214,NA,49.762653666666665,NA,55.01095196078432,NA,94.95626740947075,99.01888579387186,95.31855153203342,49.19272,52.01811961002785,52.72714749303621,Justin Topa,15145,623437
Ron Marinaccio,3 Tms,57.2,98.07202702702703,NA,90.45730232558138,NA,103.71084175084175,NA,88.38669014084509,NA,NA,46.43950682432433,NA,55.451172929332344,NA,55.7464982080808,NA,61.22805686619719,NA,94.40570126250392,93.9698186381402,88.61116845220728,53.170065407478425,47.865390086289544,49.297701457334625,Ron Marinaccio,23488,676760
Caleb Thielbar,CHC,37.1,104.35236641221375,NA,NA,NA,114.68164383561643,125.53017543859649,NA,NA,NA,53.166460839694636,NA,NA,NA,47.14771095890413,46.96155128654971,NA,NA,113.35716717479674,100.43753302845529,108.83570630081302,48.519525503048776,55.31281457317074,54.112713323170716,Caleb Thielbar,10078,573204
Brendon Little,TOR,16.1,77.52228571428572,116.74505494505493,97.2,NA,100.63698924731183,NA,NA,127.55775700934582,NA,45.83478828571428,59.791526153846164,52.5463,NA,53.32920695652173,NA,NA,56.810874018691585,111.4416768917113,85.8702079664806,101.5819869993631,54.5150212195122,39.01938228658536,46.07046201219512,Brendon Little,21574,663893
Luis Gil,NYY,19.1,100.8538157894737,93.7,NA,NA,101.16535211267605,NA,84.58347826086957,NA,NA,58.59209421052632,63.01173333333334,NA,NA,51.055397042253524,NA,66.40124405797101,NA,96.66181077910426,85.67853150231178,86.1987081636878,57.033580089020774,44.95457718100891,48.49064664688427,Luis Gil,21052,661563
John Schreiber,KCR,44,107.43304347826084,102.7470056497175,89.94104166666666,NA,95.3921153846154,NA,96.39900000000002,NA,NA,50.17075057971016,58.0560192,56.726520416666666,NA,52.83126711538461,NA,49.668094166666656,NA,99.83495246583483,95.05391636957812,96.89247563874038,53.06985548128342,49.81549477272727,52.66051064171123,John Schreiber,20020,670167
Danny Young,ATL,12.1,NA,108.38682170542636,149.94,NA,109.19709923664125,NA,110.70666666666666,NA,NA,NA,53.42607488372093,46.953975,NA,64.96007938931298,NA,46.830275,NA,109.11378825995808,90.4223060796646,99.11068343815512,60.11630490566038,46.95359581132076,51.169911509433966,Danny Young,18439,664849
Taijuan Walker,PHI,22.2,91.32619047619048,90.37833333333333,91.32619047619048,73.78591836734694,101.0508,93.92148148148148,NA,NA,NA,35.46689666666667,35.989533854166666,42.28245119047618,40.95283714285714,37.543311200000005,39.07143,NA,NA,88.56354651162789,93.13235026327338,82.41378071522598,43.04150981132075,47.419409528301884,44.36779429245283,Taijuan Walker,11836,592836
Valente Bellozo,COL,10.2,74.25,79.62105263157896,81.61500000000001,NA,102.15428571428572,84.22,90.99032258064516,NA,NA,29.084274999999998,42.219385789473684,30.856252,NA,43.43201194444444,42.040975,53.55884741935484,NA,85.9255294117647,86.96105882352941,74.66929411764707,44.08428223529412,43.94949041176471,40.541928176470584,Valente Bellozo,23899,678368
Hunter Barco,PIT,17.2,106.40923076923076,95.15449275362319,NA,110.7,108.52560747663553,NA,82.62666666666665,NA,NA,56.33446638461538,46.35529376811594,NA,51.714960000000005,45.29280084112149,NA,40.422885862068966,NA,102.99101843270518,88.95628050664196,92.37371434455771,49.89925421652422,49.05412122507121,47.51314700854701,Hunter Barco,33174,682995
Kodai Senga,NYM,49.2,94.88100840336135,83.94424242424243,85.399,NA,87.46481428160092,72.19,NA,NA,118.03918552036197,55.434907787114845,59.0162306060606,56.856278999999994,NA,51.273578013245036,29.04907,NA,NA,97.42275088101901,93.46780077518025,95.23856133576166,53.19977700329308,52.13579162458837,51.77743816684961,Kodai Senga,31838,673540
Clayton Beeter,WSN,38,88.89694352159468,NA,NA,NA,110.21929712460064,NA,NA,NA,NA,56.93367860544218,NA,NA,NA,53.791605690789474,NA,NA,NA,99.76456527186166,90.79684540215484,90.88110498621903,55.227678093645494,44.68363921404681,47.35424200668897,Clayton Beeter,27494,690925
Zack Littell,2 Tms,117,82.58101694915256,79.67164179104478,NA,90.11572864321607,81.10514654960228,NA,NA,NA,NA,31.297451461864405,30.73511223880597,NA,46.784644849246234,31.351154542815678,NA,NA,NA,83.24782476549304,100.61961743490316,85.53913256115665,38.93545286105033,52.6662095404814,46.59794646608315,Zack Littell,15823,641793
Justin Sterner,ATH,42.2,104.00027874564458,NA,87.8111607142857,NA,106.64837209302327,NA,NA,NA,NA,51.21326735191637,NA,51.504020937499995,NA,56.632023116279065,NA,NA,NA,99.80289928427378,97.24887118246403,96.73769992223231,53.46173275482093,53.2452302754821,54.014399393939414,Justin Sterner,27694,686993
Mitchell Parker,WSN,39.2,86.91176991150441,NA,NA,146.29500000000002,98.31504531722054,102.6823300970874,NA,NA,NA,51.27046004424779,NA,NA,71.14643,51.69893081570996,48.71893643564356,NA,NA,95.3743915934525,101.68032174621537,96.25676161511838,51.87805485714286,53.42655257142857,52.6846925112782,Mitchell Parker,27636,680730
Lucas Erceg,KCR,43.1,90.705,99.8535111111111,113.47999999999999,NA,110.43862068965518,NA,86.90071428571427,NA,NA,47.32156004237289,43.51610638392856,55.391554,NA,48.200948577586196,NA,53.12389571428571,NA,98.50170694600325,102.44644581618655,99.85246514527995,48.73888007407408,52.73207745679012,51.79418656790124,Lucas Erceg,19360,668674
Paul Sewald,2 Tms,40.2,105.1343766578249,NA,92.87214285714286,NA,109.79370786516856,NA,NA,NA,NA,67.17259880636604,NA,55.91862714285714,NA,50.972673445692884,NA,NA,NA,106.92557262331455,100.97731012118106,105.67638334186722,58.083561182795705,54.713591705069106,60.286999907834115,Paul Sewald,13892,623149
Chase Lee,TOR,8,90.02941176470587,89.37061224489796,NA,NA,109.77166666666666,NA,81.80153846153847,NA,NA,70.22118529411765,48.840968571428576,NA,NA,55.68935,NA,39.37646923076923,NA,96.02620689655171,93.34002715177843,91.49486831387456,54.46636637795276,46.63366913385827,50.40828244094488,Chase Lee,29574,695445
Ryan Weiss,HOU,26,102.14102040816326,80.36848484848484,NA,NA,112.58070175438598,96.56666666666666,96.37544303797468,NA,NA,58.042333520408164,52.8293193939394,NA,NA,55.77756602339182,42.14040388888889,60.056649113924045,NA,101.76469161769253,90.2252131147541,93.05434457160533,55.941003396226414,48.814795264150945,52.946089773584895,Ryan Weiss,24621,680802
Drew Pomeranz,2 Tms,29,102.94126074498567,NA,NA,NA,NA,NA,NA,115.26651162790698,NA,60.606742885429576,NA,NA,NA,NA,NA,NA,44.84997854328165,106.28501780077808,99.64156824243314,107.01254483838608,52.06403843234172,54.94515678146122,52.51766635408525,Drew Pomeranz,11426,519141
Germán Márquez,SDP,53,76.05474285714286,78.46921875,NA,NA,94.77378151260504,NA,79.81103448275861,102.12239726027397,NA,43.07672037142857,39.67319499999999,NA,NA,44.77389084033613,NA,38.871032068965526,56.260001404109595,87.21860842284624,98.82056923229094,86.23226203683706,46.796171358695645,48.521462467391295,46.68882456521738,German Marquez,15038,608566
Merrill Kelly,ARI,125,88.98923649906894,86.2295918367347,88.61760869565218,NA,98.44497512437812,91.22848739495798,84.13827522935782,NA,NA,44.80721577299413,40.44226994623655,32.07862114942529,NA,34.68896678756476,44.80780699115045,51.0121783300971,NA,88.61247340541186,100.85576335981494,94.35460196054804,45.886028468040145,56.02745202852614,51.98318635499208,Merrill Kelly,11156,518876
Mason Barnett,ATH,38,89.01077419354839,NA,NA,NA,107.85576763485474,86.83275362318841,103.17350000000002,NA,NA,50.80892654838709,NA,NA,NA,47.83220215767635,43.06058014492754,54.67446125,NA,96.52109405556992,99.32198295265857,95.94242278882697,48.92474925869893,52.00325036308623,51.3517636913767,Mason Barnett,31741,686930
Ryan Johnson,LAA,60.1,NA,81.26203921568627,104.34950549450552,74.62451361867704,106.16838095238096,NA,NA,NA,NA,NA,36.10648443137255,45.86007489010989,36.121414902723735,44.3294999047619,NA,NA,NA,92.23130228371775,91.95306688207255,84.67297704540461,46.92195007359705,49.286921968721245,50.0684634222631,Ryan Johnson,35325,696270
Jeffrey Springs,ATH,108,89.0413043478261,NA,95.056875,NA,97.33471130434782,NA,111.5147488584475,NA,NA,42.845985652173916,NA,24.62100516129032,NA,39.90942916521739,NA,51.520555616438365,NA,96.94228411606944,99.57143807715579,96.45599214839956,45.60712902933333,53.48244267733334,51.179198512,Jeffrey Springs,17677,605488
Luis Morales,ATH,16,88.15645569620251,95.7323076923077,NA,NA,117.19661016949154,NA,81.63939393939394,NA,NA,50.18247341772152,50.80813315789474,NA,NA,55.68204101694916,NA,51.18338272727272,NA,98.28664739884391,86.01560693641619,85.398612716763,52.37826106936416,46.63200132947977,47.18780843930636,Luis Morales,32227,806960
Kyle Finnegan,DET,50.2,97.33656750572085,NA,NA,101.34545454545452,102.99487603305784,NA,NA,NA,NA,57.169887437070955,NA,NA,50.42843693181818,43.36366520661157,NA,NA,NA,99.47694538834949,96.20049029126211,96.751234223301,52.81472116504855,51.182131007281555,52.053167827669924,Kyle Finnegan,15009,640448
Chris Roycroft,2 Tms,22.2,84.57825,103.80322274881514,101.65544554455444,NA,122.72000000000001,NA,NA,NA,NA,49.278813625,58.46097279620852,65.27110108910891,NA,61.06477823529411,NA,NA,NA,100.27912414915278,103.93795873337706,101.94849190257534,54.09037205378973,54.62098048899755,56.910269559902204,Chris Roycroft,31261,688297
Scott Barlow,ATH,33.1,83.12763157894734,73.29974025974026,NA,NA,96.89838144388364,95.8692462311558,NA,NA,NA,58.68713105263159,39.56941051948051,NA,33.53976,49.318661965065495,45.057578693467335,NA,NA,91.59525364616363,80.8183152157502,74.02805930488873,48.19893029259896,43.5988374182444,45.042810223752156,Scott Barlow,14993,605130
Tony Santillan,CIN,31,93.38105919003117,NA,NA,NA,86.74666666666667,88.6501818181818,NA,NA,NA,46.55245174454829,NA,NA,NA,50.070644166666675,49.755823818181824,NA,NA,91.60943536048958,102.51399158538916,94.46949598393574,44.72736582329316,51.26044546184738,49.52181869477912,Tony Santillan,19926,663574
Matt Gage,SFG,27.1,81.05390804597701,81.21853658536585,NA,NA,101.78016949152546,NA,107.04133333333334,NA,NA,44.45771264367817,26.495273414634145,NA,NA,43.182685762711856,NA,47.63163106666668,NA,94.1599944799034,94.77607909717365,91.40216218915408,45.74054844402277,48.74248948766604,46.68470275142314,Matt Gage,17381,657424
Tim Hill,NYY,47.2,103.79162790697673,131.39330895795243,NA,NA,106.82906666666666,NA,NA,NA,NA,38.42017441860464,60.22217998171845,NA,NA,47.843044799999994,NA,NA,NA,126.92493876923403,89.77860760780959,111.57072007110607,52.982523452914805,55.779347384155464,57.31205035874441,Tim Hill,16814,657612
Justin Lawrence,3 Tms,34.1,120.05397849462362,94.09383561643835,NA,NA,104.45759197324416,NA,NA,NA,NA,65.41114258064516,56.2938172260274,NA,NA,64.65619471571907,NA,NA,NA,102.16210308076954,82.36137068819392,84.99496323841004,60.48769954678363,42.38025578947368,49.01055567251462,Justin Lawrence,17639,664875
Aaron Bummer,2 Tms,16.2,100.63629629629631,105.57133858267716,91.51757575757576,NA,104.66929577464786,104.98285714285716,NA,NA,NA,35.19243296296296,51.291364173228345,34.01119424242424,NA,52.1442138028169,57.79246257142857,NA,NA,103.50912462006079,80.94882776089158,83.28329179331307,50.61835857142857,48.66318629179331,46.48536893617021,Aaron Bummer,16258,607481
Miles Mikolas,WSN,116,84.86536585365853,86.00188073394496,NA,NA,92.46520889603612,98.90794117647059,85.30068493150684,NA,NA,38.50708002217294,35.93375963302752,NA,NA,37.13114057581574,39.134324227941185,45.90320952054795,NA,89.42582219925757,108.14100744879643,96.36611012093942,40.099163957307056,60.07318215106732,51.85587715380406,Miles Mikolas,9803,571945
Jameson Taillon,2 Tms,84,94.91451282051283,93.20148148148148,86.26752851711028,NA,105.5668825910931,76.24311688311688,92.79653333333334,NA,NA,45.460560666666666,31.52459674074074,52.02847186311788,NA,52.96904574898787,45.84254149350648,51.68940515555556,NA,92.39038978592885,98.76928982777893,95.5710695718047,48.97740366336633,53.61889330975954,51.67421659830269,Jameson Taillon,11674,592791
Matt Strahm,KCR,35.2,112.11934959349594,102.9530434782609,76.31826086956521,NA,105.49028248587568,NA,88.81444444444445,NA,NA,51.023267398373974,54.532587282608695,46.39658086956522,NA,51.607362429378526,NA,57.33128661971831,NA,103.79449773102094,94.92177266461815,98.13021339166363,52.249933554502356,54.21151219589258,53.53554876777252,Matt Strahm,13799,621381
