Name,Team,IP,Stf+ FA,Stf+ SI,Stf+ FC,Stf+ FS,Stf+ SL,Stf+ CU,Stf+ CH,Stf+ KC,Stf+ FO,Stuff+,Location+,Pitching+,NameASCII,PlayerId,MLBAMID
Jacob Misiorowski,MIL,120,131.08482158398604,NA,118.55844155844156,NA,119.37437837837837,134.2414507772021,97.80285714285715,NA,NA,127.6873695348184,101.60901048570402,129.62096734368632,Jacob Misiorowski,31623,694819
Cristopher Sánchez,PHI,138.2,NA,115.98459126539754,NA,NA,108.62379999999997,NA,123.88901234567902,NA,NA,117.62643185597862,98.44613266116427,115.37274649761666,Cristopher Sanchez,20778,650911
Cam Schlittler,NYY,130.1,117.10812080536915,110.58371859296484,106.58859778597785,NA,111.61154761904763,107.2043870967742,NA,NA,NA,112.12618801339636,105.26007211900104,115.51321232130456,Cameron Schlittler,32095,693645
Dylan Cease,TOR,113.1,115.78600000000002,93.88346820809248,NA,NA,108.03052300613497,NA,107.48391111111111,89.93390374331551,NA,107.75430550639231,98.91615917744825,106.89762150138608,Dylan Cease,18525,656302
Paul Skenes,PIT,120.2,94.75615942028986,97.07941463414636,NA,84.50666666666669,120.1303043953044,122.03999999999999,84.13913333333333,NA,NA,98.1057024596517,108.46853843966865,105.94955571826435,Paul Skenes,33677,694973
Jesús Luzardo,PHI,122.1,98.12414872798436,111.23504132231405,NA,NA,121.88389687499999,NA,103.83727506426735,NA,NA,110.61905311214963,103.58355207231952,112.68782992408052,Jesus Luzardo,19959,666200
Chris Sale,ATL,111,111.81980689655168,127.6927397260274,NA,NA,129.06507890961262,NA,93.31117647058822,NA,NA,117.78118739834599,108.21421656740354,120.34806486827156,Chris Sale,10603,519242
Parker Messick,CLE,125.1,97.33358865248226,88.31783950617283,92.5320588235294,NA,94.64387755102042,99.32519607843139,99.53603563474385,NA,NA,96.0823709644429,105.27142288496164,104.41119198250185,Parker Messick,31986,800048
Ranger Suarez,BOS,95.1,84.0810909090909,95.92618384401116,91.25630573248408,NA,119.1482608695652,108.17775100401606,92.27462264150942,NA,NA,94.59098530796734,106.35915544084703,101.15014782743258,Ranger Suarez,17277,624133
Yoshinobu Yamamoto,LAD,125.2,105.7130101010101,103.87855932203391,93.9153125,102.88759295499021,101.14455284552845,100.84251046025103,NA,NA,NA,102.14290409000529,106.79036847804092,109.92408636105438,Yoshinobu Yamamoto,33825,808967
Davis Martin,CHW,111,93.71127753303968,85.23478527607361,86.95544303797467,NA,94.14655737704919,93.51591666666667,86.46364372469635,NA,NA,90.25398239003238,95.02085306356462,86.64393495333977,Davis Martin,21448,663436
Chase Burns,CIN,107.2,107.25407333994053,NA,NA,NA,125.10187311178248,89.44,89.52,NA,NA,112.9518497965024,100.49877711026194,114.09974744115983,Chase Burns,35333,695505
Reid Detmers,LAA,120,102.5083464566929,100.2903448275862,NA,NA,109.68813771517999,100.88452830188679,102.06102040816327,NA,NA,104.59066796025625,108.90021614580188,110.37322532967615,Reid Detmers,27468,672282
Shohei Ohtani,LAD,85.2,105.99777408637873,104.5695652173913,91.80222222222221,115.02105263157894,129.77352941176474,108.73037593984961,NA,NA,NA,114.14799353168766,97.94219394320875,111.60941503067599,Shohei Ohtani,19755,660271
Casey Mize,DET,86.2,98.60418502202644,92.4296453900709,NA,87.22658146964856,76.11080924855492,86.7509375,NA,NA,NA,88.78509370274047,107.71150525439562,98.9794911740299,Casey Mize,20492,663554
Zack Wheeler,PHI,103,112.12496402877699,108.69578059071729,82.87511904761904,88.83741666666668,103.24165137614679,117.56251968503936,NA,NA,NA,104.04349584157727,107.84794144598331,113.1117893108084,Zack Wheeler,10310,554430
Bryan Woo,SEA,115.1,111.64410501193316,106.73470031545742,NA,NA,111.39884297520662,112.12857142857142,82.9806896551724,NA,NA,108.81133355827325,108.00573520337898,113.51681433727558,Bryan Woo,30279,693433
Drew Rasmussen,TBR,111.1,112.19529661016952,115.00545454545453,101.45646387832703,NA,113.1596,84.6632,110.0727441860465,NA,NA,108.09688138751265,108.74038829171245,114.76138975393093,Drew Rasmussen,25385,656876
Jacob deGrom,TEX,110.1,106.89373844121533,100.12722222222222,NA,NA,111.6937962962963,104.42260869565217,107.65576271186441,NA,NA,108.42906973097406,108.23235910528217,117.3923206697945,Jacob deGrom,10954,594798
Logan Gilbert,SEA,125.2,101.13825641025642,106.62666666666667,91.77136690647481,142.227299270073,110.34259023354565,104.76743589743589,108.56084507042256,NA,NA,109.23507975148497,104.7530628829096,112.73012498581845,Logan Gilbert,22250,669302
Braxton Ashcraft,PIT,122.1,90.5102027027027,102.334453125,NA,86.75489361702127,102.85515011547344,130.79286004056797,NA,NA,NA,105.45780444219447,106.89520325745714,108.99000351224359,Braxton Ashcraft,23793,677952
Justin Wrobleski,LAD,106.2,92.78497354497357,90.94436363636363,85,NA,106.12217291781577,79.56824999999999,91.26564102564103,NA,NA,96.21379916650942,111.18610738249652,105.04262158579782,Justin Wrobleski,31204,680736
Cade Cavalli,WSN,110.2,95.2953282442748,96.50249999999998,92.96271186440678,NA,119.81783018867924,NA,92.18993103448277,110.93668,NA,102.00990372839483,97.41087661886525,97.69736681719843,Cade Cavalli,27473,676917
Mason Miller,SDP,43.2,108.54488745980707,122.32,NA,NA,132.0201092896175,NA,109.9778947368421,NA,NA,121.01497847919654,102.81171141627384,120.25595613855299,Mason Miller,31757,695243
Tarik Skubal,DET,90,116.75975806451613,120.29953846153846,NA,NA,110.15347593582887,116.26421052631578,121.97044247787612,NA,NA,117.84815109719081,106.02584904122757,121.10312311238722,Tarik Skubal,22267,669373
Nolan McLean,NYM,119.1,102.53915422885574,114.63686453576862,99.58184615384617,NA,93.5814375,119.52773722627737,102.87285714285713,NA,NA,107.13100189295085,96.37930921323367,106.7416657223669,Nolan McLean,33703,690997
Sean Burke,CHW,118.1,118.78411847672778,88.03560975609757,89.05189655172414,NA,88.83034285714287,NA,83.52883720930232,85.87712158808932,NA,99.09210012298308,102.83416893780503,101.02810527967,Sean Burke,29878,680732
Shane Baz,BAL,122,102.45867895545315,89.679509202454,96.09392857142858,NA,NA,NA,80.35926829268291,101.97595839524519,NA,98.22060316671676,102.14713820216255,102.36533052871745,Shane Baz,22264,669358
Dustin May,STL,104,101.73817371937639,113.95071428571431,89.2610752688172,NA,112.8592024539877,102.52107142857143,85.12877192982455,NA,NA,102.30630643211113,102.2647470393993,104.66975312720591,Dustin May,19716,669160
Joe Ryan,MIN,114.1,115.05144508670517,106.78463917525772,NA,79.86237885462556,98.50095959595961,NA,NA,121.76995348837211,NA,107.4486217131715,107.87465482382663,111.7906815243104,Joe Ryan,21390,657746
Kevin Gausman,TOR,121.2,97.68984905660378,NA,NA,100.91454075032343,89.95558685446008,NA,NA,NA,NA,98.09153265813687,107.90397038603585,105.38749934317724,Kevin Gausman,14107,592332
Louis Varland,TOR,53,117.07543026706232,111.37181818181817,NA,NA,97.64463768115942,NA,98.93869565217392,123.60984251968503,NA,114.21645997130557,107.99147655667147,121.64991649928265,Louie Varland,27691,686973
Max Meyer,MIA,111,96.90479069767441,92.065549132948,NA,NA,100.62691011710632,NA,87.30415300546449,NA,NA,97.54715316560821,104.9427914795481,105.08366075865457,Max Meyer,27474,676974
Landen Roupp,SFG,110,100.50162790697674,94.42143695014664,91.39138576779028,NA,NA,117.54273641851108,85.73750000000001,NA,NA,98.48096060559243,106.58909342577596,105.38746342918621,Landen Roupp,30076,694738
Gavin Williams,CLE,126.1,106.86630901287553,94.13426229508197,82.31594936708862,NA,116.18182857142858,105.0974537037037,NA,NA,NA,104.51111862924019,104.55940103364209,107.53129837435074,Gavin Williams,30122,668909
Payton Tolle,BOS,95,123.26826420890937,99.68442244224421,102.936,NA,NA,125.66037037037039,108.51395348837211,NA,NA,113.97077245966517,98.11641979778557,109.80815030528414,Payton Tolle,35466,801139
Kyle Harrison,MIL,83.2,107.95047393364929,101.25280000000002,NA,NA,NA,101.42013392857143,108.90357142857144,NA,NA,105.93287543068917,114.5824662644062,116.67403577592147,Kyle Harrison,27758,690986
Shane McClanahan,TBR,96,86.0262142857143,NA,NA,NA,112.62831615120274,102.52028846153843,134.02177676537588,NA,NA,107.60054574869943,94.42052446499106,102.30433946728432,Shane McClanahan,21483,663556
Sandy Alcantara,MIA,143.2,97.13714964370546,101.55844484629296,103.18546623794212,NA,110.4067536231884,88.33394736842106,94.95669603524229,NA,NA,100.5009421335723,103.15476567767298,102.70382605009371,Sandy Alcantara,18684,645261
Nick Martinez,TBR,117.1,93.60765957446809,102.08886718750001,87.49026086956522,NA,96.50923076923075,87.60740000000001,110.85179600886916,NA,NA,99.38170641112283,105.67063484450401,104.26784339973332,Nick Martinez,12730,607259
Michael Soroka,ARI,82,94.78845605700711,95.48229007633589,93.07716216216218,NA,140.93555555555557,97.52978622327791,82.70775,NA,NA,94.37064442197507,106.57757869902258,98.74740242669364,Michael Soroka,18383,647336
Trevor Rogers,BAL,103.2,104.69434610303834,100.81329479768789,101.25756097560976,NA,122.03240740740742,NA,83.31382585751979,NA,NA,101.41693118839746,103.97605950682525,102.5209538704549,Trevor Rogers,22286,669432
José Soriano,LAA,123,94.73834368530021,104.25595588235294,NA,100.94564102564101,95.53040816326532,NA,NA,91.41366223908918,NA,97.62625903184285,104.88111619956463,105.26294849481361,Jose Soriano,22100,667755
MacKenzie Gore,TEX,115.2,95.39876681614349,104.21161904761905,93.65384615384616,NA,100.6345918367347,107.55601990049752,93.00956937799043,NA,NA,98.46783439750374,100.38971139878154,98.77824198595054,MacKenzie Gore,22201,669022
Max Fried,NYY,63.1,104.28174496644296,108.61106598984772,99.66557213930348,NA,111.54041666666666,118.75074380165289,102.15548387096774,NA,NA,106.6464083832665,101.60993589929011,110.38491367690975,Max Fried,13743,608331
Keider Montero,DET,110.1,93.04535331905784,103.45867052023121,NA,NA,100.3330909090909,NA,81.82317307692308,92.26311926605503,NA,95.07829839423191,101.8281619597613,95.57537382970679,Keider Montero,22630,672456
Ben Brown,CHC,68,87.45644204851752,100.34009661835749,NA,NA,NA,NA,100.36599999999999,116.30967213114755,NA,101.42086542718017,98.72992031872509,99.41128301608381,Ben Brown,23590,676962
George Kirby,SEA,120,91.8976653696498,114.05131147540983,83.21584905660379,NA,105.65655831739961,NA,83.18852459016394,105.36607142857143,NA,101.41162796344368,112.11582351722025,112.21488178187923,George Kirby,25436,669923
Foster Griffin,WSN,124,98.01135646687698,91.83030303030306,96.91426810477658,111.38416666666667,104.50118055555556,101.6383,84.21980392156863,NA,NA,97.74838656074287,101.97237151258605,98.1229628804644,Foster Griffin,16432,656492
Jhoan Duran,PHI,35.1,100.1042105263158,NA,NA,125.65328063241107,141.03622641509435,NA,130.2116666666667,133.52246153846156,NA,121.08010917619983,98.14953815762843,121.2644251690673,Jhoan Duran,21029,661395
Shane Drohan,MIL,82,100.27186170212767,96.95350943396227,89.75724637681162,NA,108.05046511627906,98.67265536723164,93.54262295081968,NA,NA,99.48955874865233,102.3865682979209,100.34215554291974,Shane Drohan,27814,675660
Michael Wacha,KCR,132.1,94.07734848484847,89.98979865771811,73.7867558528428,NA,86.15616279069768,85.7556862745098,130.99441364605542,NA,NA,97.6678340312265,101.32378180658041,98.70403944845468,Michael Wacha,14078,608379
Logan Webb,SFG,108,95.7244,110.83541666666665,84.28155339805825,NA,96.0403267973856,NA,99.1719518072289,NA,NA,99.72921077297576,104.27638497000883,105.52189364705752,Logan Webb,17995,657277
Michael King,SDP,119.1,98.88305555555556,94.57620751341683,NA,NA,106.92970772283273,NA,82.19939962476548,NA,NA,95.01723731989277,100.37041845794468,96.68131868282511,Michael King,19853,650633
Jacob Latz,TEX,49,115.67179999999996,NA,NA,NA,104.1607299270073,118.54937499999997,105.93297709923664,NA,NA,112.04058583106269,101.49553133514989,109.73904632152585,Jacob Latz,21306,656641
Andre Pallante,STL,112.1,96.39554367201426,107.96967359050444,NA,96.59962264150943,91.58844606946982,NA,NA,99.18159021406727,NA,97.59098710487665,105.78880978029558,104.08762680641621,Andre Pallante,26108,669467
Brandon Young,BAL,97.2,96.9986842105263,90.31843137254901,NA,93.52729032258067,106.56977777777776,91.12885057471263,NA,NA,NA,96.14856050372369,104.96560262501832,100.40710098425008,Brandon Young,27819,687064
Sonny Gray,BOS,106.2,89.68129032258065,103.85728395061729,84.03492063492064,NA,130.4836857142857,104.52645669291338,83.24738095238096,NA,NA,101.38292347186284,96.51589737054154,100.90607816850844,Sonny Gray,12768,543243
Kyle Bradish,BAL,118,85.11243902439024,95.58429936305733,NA,NA,113.47443548387098,105.59138014527845,NA,NA,NA,100.725674915068,100.09646384890765,102.55598387059449,Kyle Bradish,24586,680694
Ryan Weathers,NYY,108,98.07572354211665,93.15546012269938,NA,NA,110.02376511226252,NA,102.95537078651685,NA,NA,102.21469450173619,108.68943627467218,109.94815532405566,Ryan Weathers,23796,677960
Adrian Morejon,SDP,56.1,125.78363636363636,130.62645000000003,NA,NA,126.08047337278101,NA,129.17215053763437,NA,NA,128.74260578386603,106.77873173515984,133.49139066463727,Adrian Morejon,20039,670970
Trevor Megill,MIL,39.1,104.14093994778065,NA,NA,NA,NA,NA,NA,131.30018691588785,NA,113.87915769322805,98.27926776740846,109.1926728882508,Trevor Megill,17722,656730
Cade Smith,CLE,48,113.76529531568231,NA,NA,107.83313725490194,115.84038461538464,NA,NA,NA,NA,112.46965475039374,103.62510155531648,114.86150224809205,Cade Smith,27867,671922
Brent Headrick,NYY,52.1,102.05070866141736,108.75700000000002,NA,108.45547169811319,105.86510948905112,NA,NA,NA,NA,104.44474026899275,96.83361384772498,99.79417176073547,Brent Headrick,27702,687396
Emerson Hancock,SEA,105.1,92.06136942675161,97.72981912144702,100.05413612565447,NA,121.33105802047784,139.76000000000002,81.61349397590361,NA,NA,100.42584653883135,106.50609355838053,101.81336518000214,Emerson Hancock,27470,676106
Taj Bradley,MIN,114.2,107.31772179627603,NA,112.40849785407727,108.83535714285716,NA,111.6297175141243,NA,NA,NA,109.23135353160552,91.25367440445608,100.65773110940928,Taj Bradley,22543,671737
Dylan Lee,ATL,47.2,116.64431924882628,NA,NA,NA,118.15818652849741,NA,92.06032258064515,NA,NA,113.26928077455047,101.70505916705085,112.09001306285539,Dylan Lee,19996,669276
Nathan Eovaldi,TEX,122.1,89.43273469387755,101.50924242424244,94.49767705382436,95.0265588235294,92.64857142857143,101.63985111662531,NA,NA,NA,96.12128633760075,107.58617827105537,106.01785398691277,Nathan Eovaldi,9132,543135
Grant Taylor,CHW,52.1,109.95144230769232,111.0286956521739,113.66499999999999,NA,104.64061538461536,104.89271186440682,NA,NA,NA,107.81283967850852,110.07048860300246,118.45513638155376,Grant Taylor,33927,691799
Eury Pérez,MIA,98.2,122.6241531664212,107.10576744186048,NA,NA,122.29748603988602,106.24355555555556,84.40849673202615,NA,NA,116.08397421907998,92.77502766368765,106.08051643668327,Eury Perez,27768,691587
Jake Bennett,BOS,59.1,87.36666666666666,99.35532110091745,75.56533333333331,NA,101.25541666666668,110.30742857142855,86.42917073170732,NA,NA,91.77435451559924,114.63509852330387,104.61086381202065,Jake Bennett,31959,687562
Eduardo Rodriguez,ARI,122.2,91.28631853785902,94.98639534883719,94.63670886075953,NA,NA,89.63074509803923,87.47063097514341,NA,NA,90.77073004037486,108.04442392835546,101.59440076739601,Eduardo Rodriguez,13164,593958
Walbert Ureña,LAA,93.1,72.8288,109.26602564102562,NA,NA,121.3713247863248,NA,96.2699173553719,NA,NA,99.10750524794136,102.9980841231028,104.64183888857347,Walbert Urena,29357,700712
Joey Cantillo,CLE,109.2,88.66488619119879,NA,76.57283018867926,NA,83.37072727272728,99.50207436399216,107.541876247505,NA,NA,95.57642137857722,96.05560122829176,93.0403251973674,Joey Cantillo,23335,676282
Peter Lambert,HOU,98,97.08246031746032,88.5738888888889,83.5565,NA,100.93563706563708,88.04085714285713,79.90724324324323,NA,NA,91.63469161441427,101.15807814241766,93.55680013900947,Peter Lambert,17969,663567
Noah Cameron,KCR,107.2,89.00364729458919,91.03756756756758,89.9308179419525,NA,102.51945945945943,105.15974921630094,102.05860103626942,NA,NA,96.16621094538814,104.43628900193215,102.5527008446364,Noah Cameron,30184,702070
Shota Imanaga,CHC,121,95.3772387096774,76.7284375,NA,89.6883653846154,99.03397247271002,90.88607142857144,NA,NA,NA,92.68585552192908,109.90601749135018,102.4922511163623,Shota Imanaga,33829,684007
Carmen Mlodzinski,PIT,88.1,79.90971428571427,97.01513944223107,82.20357142857144,98.10904040404043,96.49900937627399,96.0313636363636,NA,NA,NA,92.0478468728622,104.34149863582587,95.64714410829689,Carmen Mlodzinski,27572,669387
Tanner Scott,LAD,42.2,119.70167832167833,NA,NA,NA,122.88374999999999,NA,NA,NA,NA,121.41966616661668,104.2308943280293,120.24025165323552,Tanner Scott,17586,656945
Mitch Keller,PIT,113.2,91.53388278388279,86.28781758957656,83.8425,NA,102.1957780658543,90.18746835443038,81.72,NA,NA,91.7128986143823,102.40328530024922,94.5392775214938,Mitch Keller,17594,656605
Kumar Rocker,TEX,102.2,82.04802139037434,99.9251356993737,82.49645569620252,81.16,94.37197346600331,NA,72.40024691358023,NA,NA,91.57502898645372,97.89153610968444,91.78582115618377,Kumar Rocker,31843,677958
Andrew Alvarez,WSN,57.2,84.65057034220531,99.43587786259542,NA,NA,92.81372881355934,109.15286764705883,93.45185185185186,NA,NA,96.12939613532717,101.65336731413407,101.82392736398845,Andrew Alvarez,29914,674841
Didier Fuentes,ATL,43.1,115.35947169811323,NA,NA,86.18181818181819,115.03044444444443,90.91,NA,NA,NA,113.46690670170827,102.70855190538762,114.34759526938238,Didier Fuentes,30661,800311
Kyle Leahy,STL,101.1,86.86799136069115,105.03133928571431,NA,NA,91.11613588922955,88.28669144981413,91.47702702702703,NA,NA,91.399959269074,105.65012359371288,100.09798754603703,Kyle Leahy,24763,681517
Connor Prielipp,MIN,72.1,85.12615384615384,92.9068493150685,NA,NA,110.50112044817928,125.85999999999999,96.39081081081079,NA,NA,101.86541707869459,103.88475275201336,102.31323779113677,Connor Prielipp,31857,687570
Andrew Abbott,CIN,117,90.72107066381156,NA,93.98941176470589,NA,113.68518159806293,91.03138686131388,88.0347027027027,NA,NA,95.04896862933428,99.4428662351966,94.10475055629621,Andrew Abbott,29911,671096
Michael McGreevy,STL,114.1,73.3008,86.12969899665552,81.34307692307692,NA,90.84356589147285,85.27834951456309,79.49747191011235,NA,NA,81.60280703198084,111.61826821179868,95.03656815216385,Michael McGreevy,29869,700241
Jack Flaherty,DET,86.1,105.71342431761785,76.66109589041095,NA,NA,90.23002518891685,NA,74.8942857142857,104.8577570093458,NA,99.73925923598485,94.7833620406424,94.20509577421946,Jack Flaherty,17479,656427
Emmet Sheehan,LAD,92.2,101.95819484240687,NA,NA,NA,98.16141700404856,91.49005714285715,104.15304029304029,NA,NA,100.0601452807137,106.49761717151438,107.66134731841049,Emmet Sheehan,29839,686218
Seth Lugo,KCR,117.2,91.02232558139534,81.88058666666666,87.75222222222223,NA,92.69144929885567,99.91630376383537,69.21802469135802,NA,NA,88.94173079569002,104.93683021656676,94.52104155789773,Seth Lugo,12447,607625
Brandon Woodruff,MIL,45.1,100.1170106761566,94.52032520325203,87.76061538461536,NA,115.276,90.57714285714285,88.17926470588236,NA,NA,94.89486974132375,104.94723833195249,99.04278560250391,Brandon Woodruff,16162,605540
Sean Newcomb,CHW,57.2,100.02922155688623,103.8140196078431,93.688,NA,NA,116.38952380952378,82.45172413793101,NA,NA,105.93196569056968,96.19700627473233,100.71014329687078,Sean Newcomb,16943,656794
Christian Scott,NYM,63.1,103.49001739130435,85.11,95.89702970297031,112.19560975609757,120.54655991201166,112.85,NA,NA,NA,106.62062272537872,96.9251964025241,101.89883991047267,Christian Scott,30107,681035
Garrett Whitlock,BOS,39,NA,94.04184300341296,NA,NA,103.97852348993287,NA,107.20395833333336,NA,NA,99.13901280462618,109.67447542337878,106.57193102023957,Garrett Whitlock,20191,676477
Clay Holmes,NYM,52.2,65.38,96.71937799043062,99.12827586206897,NA,106.33462238398543,130.36219178082192,96.92,NA,NA,101.49426511124061,102.44101346148621,102.08559810814263,Clay Holmes,13649,605280
David Bednar,NYY,45,106.1485804416404,NA,NA,102.16620209059235,NA,97.02103896103897,NA,NA,NA,102.78271843196387,106.80467923105913,109.03359366754616,David Bednar,19569,670280
Bubba Chandler,PIT,100.2,105.18686967113274,99.30195121951219,NA,NA,111.02958958482179,109.9752727272727,89.58222222222223,NA,NA,103.90809444181514,100.64348448161894,106.11372109156271,Bubba Chandler,29868,696149
J.T. Ginn,ATH,109.1,80.36787330316741,108.61607638888889,77.46448051948052,NA,95.46383763837638,NA,81.72257142857143,NA,NA,91.79764664680499,101.89985839699557,98.45697207995573,J.T. Ginn,27889,669372
Will Warren,NYY,102,110.78381954887216,103.66694386694387,NA,NA,97.27134502923975,111.55942028985508,96.33829787234042,NA,NA,104.62201148624136,104.3358555233803,110.31235325002339,Will Warren,30182,701542
Freddy Peralta,NYM,113.2,95.23222918531782,NA,NA,NA,110.8525071225071,99.17490636704119,82.92711009174312,NA,NA,95.70091500450897,104.02468424591237,100.84559258705323,Freddy Peralta,18679,642547
Matthew Boyd,CHC,59,88.65065168539324,97.18,NA,NA,108.29382550335569,100.70574468085107,98.40730038022815,NA,NA,95.59631784404276,108.82698227206794,101.367815389427,Matthew Boyd,15440,571510
Jared Jones,PIT,46,92.85120481927711,NA,NA,NA,110.96050632911391,115.28430769230772,94.45160000000004,NA,NA,100.89451801591855,106.4717091101391,109.77729913595294,Jared Jones,27863,683003
Trey Yesavage,TOR,85,91.80458083832335,NA,NA,137.6550361445783,105.56760233918132,NA,NA,NA,NA,108.43366261152063,89.80469902743768,96.99936152656602,Trey Yesavage,35456,702056
Bryce Miller,SEA,68.2,108.88615034168564,87.85877551020408,93.82065573770491,113.46806866952791,107.20062310949788,NA,NA,118.36279069767441,NA,108.0941248377372,111.56024101330281,117.62034686094236,Bryce Miller,29837,682243
Logan Henderson,MIL,38.1,112.94555102040817,NA,95.91758064516128,NA,108.85909090909091,NA,100.39791666666667,NA,NA,105.10475128644939,104.64391652372782,105.92221174004192,Logan Henderson,31475,701656
Spencer Miles,TOR,69,96.70497237569057,97.59550925925927,NA,NA,101.63954022988507,106.00841726618707,94.69999999999999,NA,NA,100.24838684153117,107.72006837809091,105.71954210835733,Spencer Miles,31621,693686
Juan Morillo,ARI,43,109.50482315112542,119.30678571428568,NA,NA,112.88598130841119,NA,93.99878787878788,NA,NA,108.66329366169244,99.22680765357505,106.38275092312855,Juan Morillo,21924,666661
Aroldis Chapman,BOS,34.2,106.47269035532995,113.49807106598986,NA,136.54188679245283,128.4796,NA,NA,NA,NA,115.91276824817521,105.517049270073,118.11808394160586,Aroldis Chapman,10233,547973
Framber Valdez,DET,113.1,64.90449999999998,96.70372921615203,NA,NA,123.55651162790696,115.60725868725868,95.735,NA,NA,102.44273933080581,97.04139579638243,101.4419680522237,Framber Valdez,17295,664285
Aaron Ashby,MIL,60,87.28615384615387,120.229110707804,NA,NA,135.07558441558442,119.2160396039604,115.09966101694916,NA,NA,120.7537742627926,92.21752849579978,115.20278431915753,Aaron Ashby,23550,676879
Tyler Rogers,TOR,47.2,NA,138.5982142857143,NA,NA,131.81442176870752,NA,NA,NA,NA,137.0189368650686,100.74802824355548,127.4740771147169,Tyler Rogers,15541,643511
Steven Okert,HOU,51.2,93.36602870813397,91.62894736842105,NA,NA,125.53303538175045,NA,NA,NA,NA,115.22407193822693,104.8064243475711,116.19369049946242,Steven Okert,13580,595345
Bryce Elder,ATL,113.2,81.957417721519,86.84059957173447,82.10158102766799,NA,88.34250569476082,NA,87.30394736842106,NA,NA,85.4446184675492,104.35029012592734,92.8597849181444,Bryce Elder,27779,693821
Walker Buehler,SDP,100,90.08517241379312,98.16325581395351,91.87947242206235,NA,100.92188309728616,NA,87.51655172413791,107.76141176470587,NA,95.34864236808782,98.9455568942489,96.59577243699387,Walker Buehler,19374,621111
Bryan Baker,TBR,40.1,105.53857585139319,NA,NA,NA,118.33461538461538,NA,132.09574912891986,NA,NA,118.0458176100629,107.07053459119494,120.89449685534592,Bryan Baker,19804,641329
Antonio Senzatela,COL,51,96.33378640776698,99.04250000000002,112.89519313304719,NA,118.8704761904762,104.05844155844156,89.39692307692304,NA,NA,102.60690102336505,108.18566014106969,107.25620118237337,Antonio Senzatela,15488,622608
Tyler Glasnow,LAD,39.2,105.15344827586208,100.70750000000001,NA,NA,95.44187499999998,154.4248,NA,92.22425196850394,NA,103.87497980463979,95.35257785103785,101.34020998778998,Tyler Glasnow,14374,607192
Bradgley Rodriguez,SDP,44.2,108,99.0148387096774,NA,NA,103.98625000000001,NA,92.12700636942672,NA,NA,100.08437994928086,105.1707574933683,105.98129236053786,Bradgley Rodriguez,29107,699134
Chad Patrick,MIL,78.1,97.2078125,91.66094890510948,106.45533834586463,NA,NA,102.47172413793106,83.75428571428571,NA,NA,100.357128182367,100.80320965221762,101.56134382730006,Chad Patrick,30113,694477
Luke Weaver,NYM,42,105.72805194805194,NA,94.30702127659578,NA,93.18,NA,101.07246511627906,NA,NA,102.32674790368488,107.0621904761905,110.32061389337642,Luke Weaver,16918,596133
Jeff Hoffman,TOR,45,119.74262548262546,104.4886363636364,NA,97.51344086021504,104.74174927113701,NA,NA,NA,NA,107.83128897408771,98.8278513302554,106.14998875439503,Jeff Hoffman,17432,656546
Gerrit Cole,NYY,62,105.84967136150235,90.72035087719297,NA,NA,105.17102702702702,NA,93.13465753424657,105.04919354838708,NA,102.61149028547536,105.52656419052835,105.10507777060589,Gerrit Cole,13125,543037
Janson Junk,MIA,73.2,98.75664302600472,89.80304347826088,NA,NA,105.48418269230768,93.1195061728395,104.09515695067263,NA,NA,101.41022991216965,109.65336018865042,109.69952176149962,Janson Junk,23301,676083
Bailey Ober,MIN,81,82.01,74.99105263157895,NA,NA,96.7283420128376,84.88173913043478,98.41380219780221,NA,NA,91.80822037593511,92.69507317470625,87.32326412906025,Bailey Ober,21224,641927
Andrew Morris,MIN,50,101.68919480519477,93.9190291262136,111.59380952380951,NA,133.75615384615386,103.29764705882353,109.75919191919192,NA,NA,107.43761718121094,100.399701561803,105.30729891673215,Andrew Morris,31891,702193
Tanner Bibee,CLE,125,92.72145785876992,101.98021551724136,105.20775681341719,NA,115.23794871794874,95.68933962264148,122.76325088339223,NA,NA,103.51282400661461,101.00958467887762,103.14979240643513,Tanner Bibee,30134,676440
Bryan Hudson,CHW,45,107.67681341719077,95.59333333333333,93.75538461538461,NA,106.83234042553194,NA,NA,NA,NA,106.52062406015037,92.23456146946312,97.2737010508728,Bryan Hudson,19924,663542
Carlos Rodón,NYY,46.1,106.89733695652174,106.01606837606839,NA,NA,112.73611940298507,93.72461538461539,106.69317829457364,NA,NA,107.95953667105842,84.49380670054583,91.83526789635484,Carlos Rodon,16137,607074
Rhett Lowder,CIN,77,80.85735191637632,82.8058,NA,NA,91.1296174863388,83.82,86.25901886792451,NA,NA,85.3813835336233,100.86131714376268,89.35411979076555,Rhett Lowder,33876,695076
Gage Jump,ATH,57,101.89762004175367,89.49692307692308,NA,NA,116.34423742282534,128.90346456692916,91.34944444444446,NA,NA,108.69706329288472,99.48045137773087,105.03350525192451,Gage Jump,35418,695611
Alex Vesia,LAD,35.1,124.14485029940118,NA,NA,NA,105.54938967136152,NA,106.6218367346939,NA,NA,115.34161240310077,92.48350387596896,107.37004651162789,Alex Vesia,25007,681911
Tyler Alexander,TEX,45,111.45557692307692,105.46465408805034,93.48860465116279,NA,108.92649999999999,NA,87.74292134831461,NA,NA,99.76192475517027,107.03369289169474,104.49777764032648,Tyler Alexander,17735,641302
Mason Montgomery,PIT,43.1,107.99350588235293,98.93484848484849,NA,NA,112.88281250000004,120.9610909090909,81.27217391304347,NA,NA,109.1189261245375,103.32784979185939,113.03387062037466,Mason Montgomery,29770,682254
Abner Uribe,MIL,41.2,NA,100.33524038461535,NA,NA,126.16522522522523,NA,NA,NA,NA,109.28564245660384,99.62788032372035,105.93759938937697,Abner Uribe,25327,682842
Brandyn Garcia,ARI,27.2,NA,110.2306010928962,90.40514285714285,NA,150.1898542188805,NA,NA,NA,NA,121.95761262995761,96.60691567192914,115.63121293800539,Brandyn Garcia,33568,805299
Andrés Muñoz,SEA,37.1,104.59923404255319,107.53228070175437,NA,NA,128.382012987013,NA,109.26434782608695,NA,NA,116.90164961013647,90.0437670565302,104.91209926525717,Andres Munoz,20373,662253
Nick Pivetta,SDP,16,106.96474999999998,88.45499999999998,74.02137931034483,NA,120.74108108108108,90.45428571428573,NA,NA,NA,102.22678445229683,103.30565371024734,106.47060070671378,Nick Pivetta,15454,601713
Colin Holderman,CLE,40,107.52071428571428,96.44794871794872,127.06,NA,122.20613861386134,133.83186440677966,NA,NA,NA,109.3695560585594,94.74445666459788,98.7591464349604,Colin Holderman,22361,670059
Raisel Iglesias,ATL,37,107.51375565610861,95.32946428571428,NA,NA,131.6253846153846,NA,83.29907692307692,NA,NA,97.6557192982456,107.53295084558245,102.28283594120435,Raisel Iglesias,17130,628452
Slade Cecconi,CLE,103.2,95.51507829977628,91.6051253481894,89.39135514018692,87.32,95.21728427128429,95.03760617760616,92.5854054054054,NA,NA,92.93445282905903,101.14769484181063,90.69707399942082,Slade Cecconi,27500,677944
Tyler Wells,BAL,51,91.94456140350877,NA,102.07780821917811,NA,99.61483333333334,96.9288888888889,97.10529729729735,NA,NA,97.36744875529688,107.8920168287865,104.88085856577347,Tyler Wells,20000,669330
Anthony Bender,MIA,34.1,97.73499999999999,95.23099415204679,NA,NA,124.49905679513186,NA,97.01666666666667,NA,NA,114.19263736263737,101.41265020693591,108.62993149707432,Anthony Bender,19742,669622
Michael Petersen,MIA,44.1,112.54848758465012,NA,NA,NA,115.55086294416243,NA,100.10704545454547,NA,NA,111.9796780359581,102.60501012741555,113.80469212682708,Michael Petersen,20827,656848
Josh Hader,HOU,21,NA,119.63330097087375,NA,NA,118.73512605042016,NA,NA,NA,NA,119.39170349650347,110.59372867132869,124.66054825174827,Josh Hader,14212,623352
Brennan Bernardino,COL,42.2,98.7925,91.10887272727275,82.40263157894736,NA,118.20333333333332,96.23047619047621,76.23538461538462,NA,NA,91.38223986706694,107.14155933239694,95.85398110294051,Brennan Bernardino,16835,657514
Robbie Ray,SFG,116.2,105.06232558139536,84.96912863070537,NA,NA,96.00292490118576,NA,82.85221556886229,90.24009708737866,NA,94.96036909188085,92.26744042732393,88.56403690705383,Robbie Ray,11486,592662
Jonathan Bowlan,PHI,36.2,117.22078431372547,116.0418918918919,NA,NA,118.00247008547008,106.6,87.22431818181818,NA,NA,112.69613203628732,103.57881797620831,116.0657836382266,Jonathan Bowlan,24607,680742
Jakob Junis,TEX,39,85.89823529411767,84.6821153846154,NA,NA,106.42198347107437,NA,77.56181818181821,NA,NA,93.052092878292,109.11711703288141,101.55061087735703,Jakob Junis,13619,596001
Robert Suarez,ATL,32,118.13230769230768,102.01214285714288,99.4623188405797,NA,NA,NA,99.96905405405406,NA,NA,108.59499852322233,102.58042051244185,110.66172339954221,Robert Suarez,30115,663158
Kyle Freeland,COL,99.1,87.63246376811594,90.59280000000001,93.39180790960454,NA,102.68936842105265,NA,77.12441558441559,97.00383480825957,NA,91.26856838798258,103.48364805033312,94.56990922529549,Kyle Freeland,16256,607536
Michael Lorenzen,COL,100.2,83.38854794520547,88.22629080118693,83.13201465201463,NA,93.95473426573426,85.40405660377358,86.28741144414168,NA,NA,86.65214253298613,100.83279952904037,89.6282511178857,Michael Lorenzen,14843,547179
Troy Melton,DET,60,100.05598746081506,103.13410256410256,96.52117021276595,109.01082352941177,99.388125,101.00666666666667,NA,NA,NA,100.36296869657974,96.93459814285518,98.98668216566607,Troy Melton,31807,675512
Huascar Brazobán,NYM,50.2,109.37473684210528,94.78528205128204,97.72476190476188,NA,119.92,NA,96.14608974358974,NA,NA,96.3956867593744,99.42762311356229,97.90332618622723,Huascar Brazoban,6107,623211
Kris Bubic,KCR,50.1,97.71994011976048,88.39999999999999,NA,NA,90.57915094339624,NA,92.12518518518517,NA,NA,93.54727627895157,99.72656544734413,96.65321888054109,Kris Bubic,21455,663460
Luis Castillo,SEA,94.2,98.23178378378375,93.38446096654275,86.1,NA,104.90514285714285,NA,85.29061611374408,NA,NA,97.61489759386124,109.72250199407493,104.2122459664458,Luis Castillo,15689,622491
David Peterson,2 Tms,94.2,80.55953936545242,96.20856320400502,NA,NA,87.51225213675212,88.4988596491228,88.13117276166457,NA,NA,88.61305741439116,99.8088666873323,92.56549464166254,David Peterson,20302,656849
Fernando Cruz,NYY,44.1,84.92208333333333,81.12181818181817,NA,107.83230769230765,94.55546391752574,NA,NA,NA,NA,97.96898069241011,90.91067842876167,91.33237771859741,Fernando Cruz,7048,518585
Tyler Mahle,SFG,89,94.93721556886226,76.80235294117647,78.36937499999998,83.82582857142856,83.58818181818182,NA,NA,NA,NA,88.17378453641865,108.38886826558154,99.10742509130202,Tyler Mahle,16358,641816
Gabriel Hughes,COL,19.1,87.08559139784946,92.74000000000001,NA,NA,100.88309859154931,84.14909090909092,81.3192857142857,NA,NA,89.6411356466877,105.26309148264984,92.74296529968453,Gabriel Hughes,31614,687312
Grant Wolfram,BAL,32,92.14770642201833,110.99149758454102,NA,NA,124.11290181205223,117.87351351351349,NA,NA,NA,110.67327196287519,99.3184869811022,107.91271349901042,Grant Wolfram,21623,664991
Edgardo Henriquez,LAD,41.2,121.84923809523806,133.95340909090916,118.76390243902438,NA,135.15319444444444,113.75823529411765,NA,NA,NA,127.04044232623147,80.14618253368658,107.16493643517597,Edgardo Henriquez,26944,683618
Daniel Lynch IV,KCR,43.1,99.67333333333333,113.17764102564104,NA,NA,114.06077419354835,NA,99.07714285714285,90.31804878048779,NA,106.4316276945561,96.6446547314578,106.32777858969673,Daniel Lynch IV,21537,663738
Peyton Gray,TEX,38.2,91.3506451612903,NA,NA,NA,80.69446153846154,NA,93.81919413919417,NA,NA,90.2497780382857,106.26547504064824,98.1691663837012,Peyton Gray,25310,682608
Gregory Soto,PIT,43.2,110.0950344827586,104.50279069767443,NA,90.28,121.28132038834953,NA,NA,NA,NA,112.88849800662412,93.0060988114149,101.36552300208015,Gregory Soto,19677,642397
Ian Seymour,TBR,73.2,102.56169811320753,94.93739130434783,91.77818181818182,NA,123.8349814614477,99.68571428571428,94.32973118279568,NA,NA,104.67124806550765,98.16444170188612,101.23710015776611,Ian Seymour,27932,693855
Brooks Raley,NYM,38.2,NA,94.09282442748095,96.6928323699422,NA,135.14339130434783,NA,93.6575675675676,NA,NA,110.31479871553886,91.77156093358394,100.59665961779447,Brooks Raley,10061,548384
Yennier Cano,BAL,35.2,80.23238095238096,107.8121554770318,NA,103.12844444444444,125.75926829268293,NA,NA,NA,NA,108.27349383440988,109.770223135643,119.46593658250146,Yennier Cano,25911,666974
Samy Natera Jr.,LAA,20.1,105.10421428571429,NA,NA,88.44000000000001,122.83468750000002,NA,NA,NA,NA,108.12466639377817,94.84858370855503,104.18424887433484,Samuel Natera,31936,696519
Jake Irvin,WSN,51.2,99.28888888888888,94.40842105263158,90.67207920792079,NA,112.9236076254826,102.73736625514404,82.74476190476192,NA,NA,99.11110390092118,100.03005077170822,96.69570046970146,Jake Irvin,21504,663623
Zac Thornton,NYM,29.2,95.51659090909092,98.02473684210527,102.25203007518797,NA,101.97659574468085,122.66000000000001,87.89399999999999,NA,NA,99.74043767547401,93.36952347986616,91.5283750624976,Zachary Thornton,33891,804267
Enyel De Los Santos,HOU,49,94.64318584070796,NA,NA,NA,98.63739495798323,NA,85.5145744680851,NA,NA,93.67855462944368,109.31102992568792,102.72256413603803,Enyel De Los Santos,18403,660853
Connelly Early,BOS,91.2,105.99518656716418,95.74763157894738,NA,NA,102.21643471754582,104.77421686746989,103.22759856630825,NA,NA,102.69534118740025,96.86377618746265,99.78528697353387,Connelly Early,33666,813349
Hunter Greene,CIN,21.2,104.21610526315789,92.93478260869566,NA,115.30874999999999,119.329,NA,NA,NA,NA,109.46513325031133,95.34988169364881,104.20339352428394,Hunter Greene,22182,668881
Trevor McDonald,SFG,70.1,91.99333333333334,106.05798473282442,67.10666666666665,NA,90.48176271186442,NA,89.06874251497007,NA,NA,99.01331985419876,100.42884026206325,99.19804921050977,Trevor McDonald,26448,686790
Evan Sisk,PIT,36.1,99.05394495412841,98.77195652173911,NA,NA,130.4847457627119,106.45145956607494,91.51033333333334,NA,NA,106.07237104839147,87.42644348513254,92.71147807586478,Evan Sisk,24995,681895
Kevin Kelly,TBR,47.2,127.61575757575754,118.45854545454544,86.37333333333333,NA,114.99619047619048,NA,107.65555555555557,NA,NA,115.73093793215654,93.10603363121871,105.61966949832079,Kevin Kelly,25679,687330
Devin Williams,NYM,34.2,103.85804154302672,NA,85.76666666666665,NA,NA,NA,115.20438095238092,NA,NA,109.14462234692024,100.35923482191568,109.90672714519522,Devin Williams,15816,642207
Yusei Kikuchi,LAA,31,106.81270833333333,NA,75.6123076923077,104.98095238095239,86.99925373134329,91.88600000000001,NA,NA,NA,97.96538931289005,102.49492260094365,102.19402576539235,Yusei Kikuchi,20633,579328
Martín Pérez,ATL,90.1,75.95260273972603,89.86918918918919,92.28539184952979,NA,NA,84.90272727272726,81.40165450121656,NA,NA,86.74138882846326,102.1021310872932,91.61939978250221,Martin Perez,6902,527048
Will Klein,LAD,40.1,96.63,NA,NA,NA,93.15882352941178,93.63685950413222,NA,NA,NA,94.85895737146137,103.62548527163649,101.3641974144539,Will Klein,27787,694361
Griffin Jax,TBR,81,107.65281818181819,97.68056000000001,92.8708,NA,106.44681528662421,118.56486486486487,99.98964539007092,NA,NA,103.90869610142974,104.64815376295674,111.30751082479742,Griffin Jax,20253,643377
Sean Manaea,NYM,85.2,98.44702602230484,95.96404984423674,94.46582677165355,NA,120.93945263157897,NA,83.16448275862068,NA,NA,103.968229175581,97.4994003964624,97.1119332673191,Sean Manaea,15873,640455
Jonathan Loáisiga,ARI,42,97.10021505376346,120.07658536585367,93.78299999999999,NA,NA,113.70990476190474,98.95642458100559,NA,NA,107.67501666702664,116.11603467461501,122.88464369321976,Jonathan Loaisiga,19753,642528
José Suarez,3 Tms,55.1,92.19233135521375,95.81681726907628,83.26,NA,94.4282592226614,NA,103.18247126436782,NA,NA,95.76400538997373,99.99216804349622,96.89721712049081,Jose Suarez,19911,660761
Juan Mejia,COL,46,85.3083962264151,94.4525,NA,NA,119.24495575221242,NA,77.95280000000001,NA,NA,99.55622246788027,96.82646071708845,92.74506990248916,Juan Mejia,23237,675848
Brady Singer,CIN,103.1,95.00618181818184,97.90028402366863,76.39691056910569,NA,86.37776793300156,NA,NA,NA,NA,91.45362052908096,97.25547184847515,88.91545219445761,Brady Singer,25377,663903
Luis Severino,ATH,62.2,111.9501739130435,102.95459459459458,92.17671111111112,NA,121.92385265927456,NA,88.30033898305084,NA,NA,107.34967119916409,102.36628409802306,108.21452605481542,Luis Severino,15890,622663
Erik Sabrowski,CLE,30.1,113.03260273972603,NA,NA,NA,103.66328358208956,106.92935779816514,NA,NA,NA,110.60406654343808,92.23193160813308,100.28386321626616,Erik Sabrowski,24978,681870
Calvin Faucher,MIA,44.1,95.33319148936174,103.1657142857143,102.16158730158732,NA,107.38039292364991,113.28206896551725,NA,NA,NA,104.77650608278567,92.02364686298655,97.76339034641619,Calvin Faucher,20116,676534
Tim Mayza,PHI,48,87.5076923076923,101.37236203090511,NA,88.189,95.62126482213438,NA,NA,NA,NA,98.38289180125174,114.15846118916313,113.92453185180324,Tim Mayza,15042,641835
Mark Leiter Jr.,ATH,33.2,82.8465625,85.68138888888888,75.60549019607842,102.2885082872928,86.588,94.07547169811322,NA,NA,NA,91.6158554360038,99.31464285714286,93.47031469838389,Mark Leiter Jr.,15551,643410
Tyron Guerrero,BOS,24,73.4,110.46248366013073,NA,NA,117.98217391304348,NA,105.39692307692309,NA,NA,111.11908389585341,106.46537769206043,113.49451944712311,Tayron Guerrero,11691,594027
Mick Abel,MIN,20.1,117.97398692810458,85.035,NA,NA,105.68162790697673,126.54976744186047,93.68825396825397,NA,NA,110.65282913165265,102.21025210084034,110.35439775910365,Mick Abel,27756,690953
Dylan Dodd,ATL,31.2,116.1,112.46383561643832,95.29525,NA,120.91000000000001,NA,NA,NA,NA,107.36662660098523,104.56918332232999,107.85975304453811,Dylan Dodd,29928,689266
Jack Leiter,TEX,80,105.66334572490707,98.13294117647058,86.2894890510949,NA,105.23850980392156,93.68655737704918,106.45530864197532,NA,NA,102.22539361349233,93.95881592960527,97.75283796288213,Jack Leiter,30146,683004
José Alvarado,PHI,39,114.82133333333334,119.27066381156317,113.93579365079367,NA,NA,149.19400000000002,NA,NA,NA,118.15683480500365,96.1855846210449,118.65055555555556,Jose Alvarado,17780,621237
Eric Orze,MIN,41.1,96.87909604519776,NA,NA,103.58800000000002,74.2261855670103,84.3073015873016,NA,NA,NA,95.82807048291168,96.8200888216767,95.46582166889405,Eric Orze,27626,679358
Riley O'Brien,STL,41.2,NA,109.1097129186603,NA,NA,106.01521189591078,NA,89.49333333333334,NA,NA,107.68003923479841,95.38624535125679,100.52643270775297,Riley O'Brien,20348,676617
Chase Silseth,LAA,39.2,93.23347985347984,84.19982142857144,NA,97.64635514018691,109.03926605504587,NA,NA,NA,NA,95.57048330532581,101.21979440426372,97.0796508061378,Chase Silseth,30074,681217
Hunter Brown,HOU,47,103.87542253521127,111.09990950226245,NA,NA,84.563125,NA,81.23629629629629,99.46,NA,101.16216545012166,92.93201946472021,97.89761557177616,Hunter Brown,25880,686613
Aaron Nola,PHI,108.1,107.47556561085973,104.33640326975477,90.89841726618705,NA,89.44761904761904,NA,65.6429213483146,124.67058823529412,NA,105.40034966104554,102.69847308576712,107.08317808638128,Aaron Nola,16149,605400
Reynaldo López,ATL,71.2,88.00632986627045,NA,NA,NA,92.66806366047746,94.49619047619046,93.49255813953489,NA,NA,90.25515864835722,99.84064481150456,89.85242870039654,Reynaldo Lopez,16400,625643
Ryan Gusto,MIA,34,101.09403973509934,95.26268292682927,86.84394366197184,NA,97.50635255811727,87.08125,91.87431372549018,NA,NA,95.15455723310845,97.89296284398758,94.01950530035334,Ryan Gusto,26440,687473
Roki Sasaki,LAD,93.2,97.83605839416057,NA,NA,126.37615023474179,109.78612716763006,NA,NA,NA,121.2726797385621,110.64855571090054,99.56836767147597,111.16923516435746,Roki Sasaki,35323,808963
Brandon Pfaadt,ARI,65,97.34247863247865,99.74634146341464,87.98939393939393,NA,113.2743491657013,94.71072625698325,72.10467741935483,NA,NA,95.5705724616124,98.67618345303096,96.02221552277192,Brandon Pfaadt,27782,694297
Cole Sulser,TBR,46.1,97.61002849002845,NA,85.9856179775281,NA,132.026875,NA,97.40032894736844,NA,NA,97.62355335212887,104.5143689217061,103.07724217124209,Cole Sulser,15256,642121
Robert Gasser,MIL,57.1,113.42117647058822,100.97782608695653,89.24858974358976,NA,119.82176000000001,NA,78.55,NA,NA,105.54978523838012,93.72580797195283,94.57405524240225,Robert Gasser,29812,688107
Jack Dreyer,LAD,41.2,109.93270967741934,NA,NA,NA,98.75130434782605,100.48336633663364,NA,NA,NA,104.17861999115438,103.9558753648828,108.04609340999555,Jack Dreyer,30249,676263
Kevin Ginkel,ARI,44.1,82.42999999999999,95.45257142857143,NA,NA,106.73228985507248,NA,NA,NA,NA,95.2965260403612,111.68069411830668,104.87845610496943,Kevin Ginkel,19876,656464
Jack Perkins,ATH,68.1,93.26424242424243,93.6364705882353,88.6587755102041,NA,109.78509615384615,NA,101.05548076923075,NA,NA,99.46974228814888,103.55028974121205,103.55530611779118,Jackson Perkins,31468,678022
Luis Medina,ATH,47,89.61728000000001,102.02376068376068,NA,NA,116.82032258064518,98.74646464646464,119.501981981982,NA,NA,102.36647405305162,94.86990532201868,97.88603786669665,Luis Medina,21649,665622
Joe Boyle,TBR,15.2,103.48436363636364,106.32,NA,106.48499999999999,106.93919191919191,NA,NA,NA,NA,106.02073887575787,83.98315075531805,93.02987154454834,Joe Boyle,29608,671212
Patrick Sandoval,BOS,14,86.721,104.35,NA,NA,111.07799999999999,95.04444444444444,112.25259259259258,NA,NA,103.26648888888889,102.95422222222221,106.6063111111111,Patrick Sandoval,19447,663776
Mason Fluharty,TOR,42.1,NA,NA,106.2257306590258,NA,108.42363636363635,NA,93.14083333333332,NA,NA,105.84492285262836,99.60200366515174,107.58219593086707,Mason Fluharty,31553,689254
Eduard Bazardo,SEA,46,110.25500000000001,100.59888412017168,NA,78.41999999999999,108.79085271317828,NA,NA,NA,NA,103.08943967371793,103.18859030774067,101.6646595833507,Eduard Bazardo,20997,660825
Patrick Corbin,TOR,80,81.22641509433963,85.94981723237598,95.84224299065421,NA,104.06780361757106,84.2,94.962995951417,NA,NA,93.45952337777626,102.79912028234035,96.91703895380968,Patrick Corbin,9323,571578
Stephen Kolek,KCR,54,86.5027848101266,102.3710989010989,88.34873786407768,NA,95.71539177101968,NA,77.40100000000001,NA,NA,91.40975260951804,106.13447607791177,100.19818517637617,Stephen Kolek,21487,663568
Anthony Kay,CHW,98.1,94.19227817745804,107.84412698412702,103.54437908496733,NA,108.71731410316406,NA,103.08312977099236,NA,NA,103.58847159730459,101.94238968480813,106.40934643115928,Anthony Kay,20387,641743
Garrett Cleavinger,TBR,31,108.16210526315787,96.67401360544217,NA,NA,115.63913114754098,NA,NA,NA,NA,109.29852952296231,96.33977093294784,107.19440676081395,Garrett Cleavinger,17897,664076
Matthew Liberatore,STL,102.2,85.41099811676082,90.95712328767125,87.82454545454544,117.54666666666668,110.23153061224491,120.36280575539566,84.86552845528456,NA,NA,97.7544076918916,100.76150073925824,96.40785320557896,Matthew Liberatore,22294,669461
Paul Blackburn,NYY,57,102.18074074074075,93.480546875,93.32043715846996,NA,110.92021052631581,97.31521367521368,78.02936170212767,NA,NA,92.79612541218091,98.03124481118262,93.991590082298,Paul Blackburn,14739,621112
Grant Holmes,ATL,97.1,81.43044715447154,84.41400000000002,77.90949640287769,NA,97.39664383561644,96.09234782608695,79.93690476190476,NA,NA,88.49745621327985,100.76899160300067,91.21131728613452,Grant Holmes,16944,656550
Chase Dollander,COL,44,110.86321428571426,102.91550561797753,NA,NA,118.81121621621622,112.29661016949153,101.6430769230769,NA,NA,109.92928482291983,95.37456788778704,103.30231676065385,Chase Dollander,33482,801403
Brent Suter,LAA,59,98.23159533073931,93.47354838709678,NA,NA,100.47653846153847,NA,105.54668874172187,NA,NA,99.255433186071,105.55969878620604,99.56033589486624,Brent Suter,13942,608718
Jacob Webb,CHC,45.1,102.99173184357542,NA,NA,NA,102.10015873015875,86.47399999999998,95.16944055944056,NA,NA,98.83059490923331,105.61829086882193,101.39841633337112,Jacob Webb,19274,657097
Luinder Avila,KCR,67.1,93.66965517241378,106.33811209439527,NA,NA,103.75283018867923,97.39379679144385,96.33626016260163,NA,NA,100.22971151804994,91.1625120846892,94.40099870195444,Luinder Avila,24452,679883
Justin Slaten,BOS,26.1,120.39327272727273,90.65733333333334,97.96755555555555,NA,123.46197183098593,108.04615384615384,NA,NA,NA,107.80144736144256,100.88831609652614,108.9524619464333,Justin Slaten,25648,686580
Orion Kerkering,PHI,40.1,99.46643478260867,108.77830769230769,NA,98.39071428571428,120.68819047619044,NA,NA,NA,NA,110.61723967722551,97.332187557485,104.45919594569735,Orion Kerkering,31776,689147
Hunter Dobbins,STL,33.2,88.07111111111111,100.64746268656717,NA,92.68392156862744,110.56800000000001,101.64923076923077,NA,NA,NA,99.06161157024793,102.3073140495868,99.97739669421489,Hunter Dobbins,30240,690928
Drew Anderson,DET,61,92.37379310344828,108.84666666666668,NA,NA,89.96339622641509,85.25475555555558,121.07885714285722,NA,NA,99.678336517784345,100.14824355223699,101.52648625652898,Drew Anderson,15130,623454
Randy Vásquez,SDP,90.1,103.70661290322582,91.33120418848166,96.95779036827193,NA,105.6154124745061,95.45686746987951,80.25772357723577,NA,NA,98.11408106713601,100.19268666802212,95.50815843471273,Randy Vasquez,24719,681190
Kyle Hurt,LAD,33.1,88.63078571428574,NA,NA,NA,100.54653846153847,NA,104.22811111111113,NA,NA,95.32212611607142,97.63953683035713,93.74683035714287,Kyle Hurt,27514,669165
Enmanuel De Jesus,DET,31.2,109.13598173515982,102.00399999999999,117.96674418604648,NA,89.72947368421053,NA,86.39754716981133,NA,NA,103.62126946199638,105.84930205254372,107.775020619834,Enmanuel De Jesus,18554,646241
Ty Madden,DET,25,83.03014705882354,82.53793103448277,93.65217391304348,88.77733333333335,90.13640449438202,NA,NA,73.768,NA,86.91838369304557,95.72879376498801,84.19347482014389,Ty Madden,30140,680744
Orlando Ribalta,WSN,29.2,99.94578947368421,102.54242424242423,NA,NA,108.59391304347827,NA,92.8918309859155,NA,NA,102.96431856074392,106.22979051943783,107.22976399863803,Orlando Ribalta,26247,687377
Graham Ashcraft,CIN,27,NA,NA,82.81818181818181,NA,142.06337899543377,NA,NA,NA,NA,111.5838814814815,100.43895925925926,110.3061333333333,Graham Ashcraft,27552,668933
Nick Lodolo,CIN,62.2,104.55390410958904,104.30021739130434,NA,NA,NA,121.2726923076923,92.59366795366795,NA,NA,105.64522483120561,91.38089737848173,94.36454314865132,Nick Lodolo,26378,666157
Tejay Antone,CIN,32,96.9260606060606,103.15599999999999,92.39733333333332,NA,105.23493333333333,96.37454545454545,NA,NA,NA,101.0918834291532,100.6760140286262,97.71941781949934,Tejay Antone,16233,622088
Keaton Winn,SFG,33.2,77.42084033613448,95.47683333333335,NA,109.26605042016811,107.1111111111111,NA,NA,NA,NA,98.3738524622568,101.17828166025181,100.72648069951664,Keaton Winn,23499,676775
Spencer Arrighetti,HOU,88,102.22867415730337,97.27473684210524,94.85893617021276,NA,94.81246231155777,106.99000000000001,68.96711538461537,NA,NA,99.47237522976837,89.85125877451242,92.25114476589047,Spencer Arrighetti,29921,681293
Rico Garcia,BAL,46,94.43064814814814,NA,NA,NA,93.00906250000003,112.74758620689653,95.23086021505374,NA,NA,97.62322578360548,103.89311370626682,104.72884611687813,Rico Garcia,20023,670329
Kendry Rojas,MIN,25.2,102.20287179487178,98.05266666666667,NA,NA,105.43483333333333,NA,108.99371428571426,NA,NA,103.68238355668946,86.48074136026982,91.55920142267988,Kendry Rojas,29423,696070
José A. Ferrer,SEA,43,90.92,126.32269617706237,NA,NA,135.20578313253014,NA,120.78090090090089,NA,NA,126.38130470360805,89.34676196718841,111.92353099827075,Jose A. Ferrer,24017,678606
Hogan Harris,ATH,46.2,103.6951683168317,NA,89.43333333333334,NA,114.78923076923077,104.39432314410475,103.87521739130437,NA,NA,104.68610098961217,96.74143831827404,98.96842823775282,Hogan Harris,21520,663687
George Soriano,STL,46.1,87.11970297029701,110.14231884057968,NA,NA,95.89548526077097,NA,115.00422110552768,NA,NA,100.0313883463047,97.79086971528308,100.13742441683047,George Soriano,21863,666277
Ryan Zeferjahn,LAA,50,118.91854166666666,99.89808219178082,NA,NA,117.25408856459545,106.64571428571428,NA,NA,NA,115.00000093997417,90.31524135099384,107.33937005469447,Ryan Zeferjahn,25420,666171
Garrett Crochet,BOS,30,116.61988505747127,101.05586206896551,103.1896875,98.655,150.19027027027028,NA,85.30545454545455,NA,NA,113.08719734296128,94.7000382102568,104.73697411368373,Garrett Crochet,27463,676979
Jordan Romano,2 Tms,14.2,100.52738255033559,NA,NA,91.92222222222222,89.56392857142858,NA,NA,NA,NA,94.59430005577246,84.39284160624652,78.42214445064138,Jordan Romano,16122,605447
Will Vest,DET,26.2,99.1052336448598,114.69226666666667,NA,NA,109.11699999999999,NA,103.72763636363635,NA,NA,104.92244999711032,106.83775078979306,108.29684820399262,Will Vest,19769,676684
Erik Miller,SFG,31.1,100.22690909090909,121.92189393939391,NA,NA,114.68987951807227,NA,100.98285714285716,NA,NA,115.83883410109945,91.01819839076224,107.37774153921745,Erik Miller,26252,669062
Ryan Rolison,CHC,40.2,93.99511450381678,110.3210810810811,NA,NA,107.12532608695655,104.1436842105263,92.104,NA,NA,101.10972132904608,103.03092175777063,104.72191854233654,Ryan Rolison,22200,669020
Brock Burke,CIN,50.2,101.21279503105593,110.47716981132079,NA,NA,106.61975,NA,111.49085271317831,NA,NA,105.72821771461622,90.52134133180937,96.8849274904294,Brock Burke,17968,656271
Jordan Hicks,CHW,29.1,108.47811320754715,109.59251908396948,NA,126.26307692307692,115.10446955430005,NA,NA,NA,NA,111.780494152597,91.35039252360103,100.54644546915279,Jordan Hicks,19618,663855
Trevor Richards,2 Tms,44.2,80.95237661661956,NA,NA,NA,92.63157894736841,NA,112.2851362683438,NA,NA,91.28575570822389,104.09534535596418,91.13024314676365,Trevor Richards,19309,670950
Tyler Phillips,MIA,84.1,78.65962264150943,87.99337313432834,NA,94.83447368421052,105.51170278637773,106.12638497652583,NA,NA,NA,96.28691676814796,98.45419510307343,95.77689675104943,Tyler Phillips,20629,663969
Matt Brash,SEA,16.2,99.00933333333333,100.34145454545454,NA,NA,104.92025641025641,NA,94.6394117647059,NA,NA,102.14283896764812,97.28114140312614,100.00760450745184,Matt Brash,25756,666374
Tomoyuki Sugano,COL,96,83.76030959752322,81.093961038961055,80.97858823529413,73.09827160493828,86.77357108317214,78.39666666666669,NA,NA,NA,81.02734991557,103.94365456617064,89.157065012147,Tomoyuki Sugano,35321,608372
Taylor Rogers,MIN,38.1,NA,99.77741176470593,92.24436781609195,NA,113.78330383480824,NA,NA,NA,NA,105.80111305768196,96.60637385586068,97.6404107687685,Taylor Rogers,13449,573124
Alex Hoppe,SEA,25,102.1338775510204,109.5753846153846,NA,NA,116.96931216931218,NA,90.78333333333332,NA,NA,110.08758483720719,100.5642019094325,108.65909468656794,Alex Hoppe,31880,695380
Blake Treinen,LAD,23,90.32093023255815,104.50869565217391,94.40742857142857,NA,117.52589743589739,NA,87.24,NA,NA,107.35981818181818,104.6110962566845,106.7950356506239,Blake Treinen,12572,595014
Tatsuya Imai,HOU,58.2,82.9109894736842,83.19967213114755,NA,80.4748148148148,89.78602362204724,76.14999999999999,79.75166666666667,NA,NA,86.11035537196396,97.45822639677867,85.97784931184394,Tatsuya Imai,37124,837227
Wilber Dotel,PIT,22.1,106.72516483516483,NA,86.14641975308642,NA,111.55132530120484,NA,102.60222222222221,NA,NA,102.99480760341493,95.68201792368284,99.48216046412904,Wilber Dotel,28901,696062
Chris Bassitt,BAL,56.1,79.97733333333333,94.71351648351649,87.30840182648402,NA,112.4607594936709,107.64508771929826,74.93136363636363,NA,NA,95.95705398988348,99.77663317407055,95.692910589399375,Chris Bassitt,12304,605135
Jovani Morán,BOS,43.1,94.8409090909091,99.13951219512194,95.25376344086023,NA,114.25812499999999,81.24000000000001,103.88589743589743,NA,NA,99.38801479150072,92.87115468257207,93.47165476352379,Jovani Moran,20422,663558
Yoendrys Gómez,2 Tms,47.2,121.18871165644171,104.92833333333333,92.19409836065574,NA,121.8126086956522,NA,89.18823529411763,NA,NA,113.10895744529242,81.76821330287596,94.06323360581113,Yoendrys Gomez,22872,672782
Jack Kochanowicz,LAA,64,81.14677551020408,100.9317924528302,NA,NA,95.90422222222223,NA,96.0857587548638,NA,NA,94.59957003880392,92.79048446844337,90.61515820746402,Jack Kochanowicz,27688,686799
Matt Festa,CLE,43,104.06668749999997,96.32739130434784,102.3215625,NA,99.98876456876458,NA,NA,NA,NA,101.79165248862974,91.48010271179122,93.99097322534072,Matt Festa,19330,670036
Hunter Gaddis,CLE,33.2,96.87577142857144,NA,NA,112.33000000000001,93.92451851851854,NA,107.39762711864407,NA,NA,98.26015439723983,97.7728159756475,97.73113711506187,Hunter Gaddis,25636,683769
Taylor Clarke,ARI,48.1,99.21500000000002,92.39832061068704,79.89878787878791,NA,99.75276190476193,NA,89.8996590909091,NA,NA,91.63987687390242,105.02214257802078,101.72767909707942,Taylor Clarke,17611,664199
Jeremiah Estrada,SDP,20.2,105.0174193548387,NA,NA,131.2477669902913,95.18484848484849,NA,NA,NA,NA,112.37703642971645,95.54734590486913,109.50825976823018,Jeremiah Estrada,22210,669093
Kyle Hart,SDP,38,104.59423728813559,104.01133757961783,NA,110.6115702479339,109.19822432962722,NA,NA,NA,NA,107.65109475724174,99.31106158164815,108.04684792759771,Kyle Hart,19646,606996
Yohan Ramírez,PIT,56,101.48927272727272,103.69052173913045,NA,NA,123.05279960317462,104.95639097744363,90.7,NA,NA,110.06083747562312,93.19690763693838,100.1403560570264,Yohan Ramirez,19444,670990
Sam Hentges,SFG,21.1,94.03150442477877,93.73360000000001,NA,NA,93.65199999999999,106.82761904761905,NA,NA,NA,95.93643044619424,88.55858267716538,85.56414698162727,Sam Hentges,18548,656529
Isaac Mattson,PIT,33,98.04308390022676,NA,NA,NA,98.84311926605506,NA,99.96421052631577,NA,NA,98.25820510535482,96.49163071557831,91.28684111509324,Isaac Mattson,20385,676755
Victor Mederos,ATL,11.2,104.24122448979591,96.3008695652174,107.44635294117646,NA,157.9,NA,97.86153846153846,NA,NA,105.81359999999998,96.77874285714284,100.65965714285714,Victor Mederos,31533,682989
Jose Quintana,COL,41,76.46401960784314,84.77654135338345,NA,NA,NA,83.63883495145632,77.40083333333332,NA,NA,80.47352543488718,104.18150640358031,85.99861613693874,Jose Quintana,11423,500779
Colin Rea,CHC,105.2,86.47116216216217,92.40415584415584,91.98989010989013,NA,108.70151431209601,85.95133333333335,96.05152647975078,NA,NA,93.94200206710155,99.17950551784335,93.80805999476372,Colin Rea,12317,607067
Noah Schultz,CHW,60,94.84859504132231,85.62264957264958,103.72224489795917,NA,114.26776842105264,117.28,80.48470588235294,NA,NA,97.11900743041357,95.68049964293706,91.16007282399997,Noah Schultz,32056,702273
Ryan Thompson,ARI,38.1,107.57624999999999,122.74947916666663,NA,NA,121.91717277486913,NA,NA,NA,NA,121.95926291332543,99.99691232472482,115.69332264582263,Ryan Thompson,16647,657044
Cam Booser,TBR,20.2,109.4731707317073,NA,114.74138461538459,NA,124.73599999999998,NA,133.445,NA,NA,113.86699908179472,101.76772309906691,108.05994354278343,Cam Booser,16061,592155
Caleb Kilian,SFG,40.1,102.58269113149849,93.9896551724138,NA,NA,105.77833333333335,NA,NA,104.43076923076923,NA,102.28618265867065,101.94947826086958,103.12454497751125,Caleb Kilian,26213,668873
Kirby Yates,LAA,24.2,88.38428571428572,NA,NA,83.91375886524823,115.89200000000001,NA,NA,NA,NA,87.25436322711809,93.68443614637786,81.12536231433077,Kirby Yates,9073,489446
Daniel Palencia,CHC,16.2,93.96753926701572,120.27714285714286,NA,110.33777777777779,106.59534246575342,NA,NA,NA,NA,99.008062283737,104.77903979238755,107.63973183391006,Daniel Palencia,27914,694037
John King,MIA,42.2,74.34222222222222,96.30021978021978,NA,NA,99.41165655070319,82.06945454545453,85.60954128440368,NA,NA,93.55574171109537,97.00906844686482,92.09027111029751,John King,22051,667463
Jaden Hill,COL,26.2,89.20951724137932,84.60102040816327,NA,NA,113.24335664335662,NA,104.5263829787234,NA,NA,98.42901404901406,93.14711441711441,90.45764532764531,Jaden Hill,30250,677955
Ryan Fernandez,STL,13.1,89.64895833333333,NA,82.772,NA,101.90878504672897,NA,99.17928571428573,NA,NA,96.19245762711864,95.4730508474576,93.441186440678,Ryan Fernandez,24862,681676
Joe Mantiply,TOR,17.2,NA,113.257520661157,NA,NA,NA,109.88356164383562,110.8202857142857,NA,NA,111.63324600168353,91.06854482323232,101.95702125420874,Joe Mantiply,14857,573009
Edward Cabrera,CHC,72.1,86.37467980295565,92.70933852140077,NA,NA,101.36246376811592,105.82546218487394,87.66486338797814,NA,NA,93.69005765780084,105.00566814554496,99.47235588109329,Edward Cabrera,21690,665795
Cade Gibson,MIA,28,79.57142857142857,95.49879310344826,NA,NA,111.16988408851425,108.38684210526316,91.97625,NA,NA,104.71540993265994,96.56427693602694,100.49505218855218,Cade Gibson,31815,806188
DL Hall,MIL,31,98.19940298507464,106.60305418719213,84,NA,115.36067894736843,97.51846153846155,89.8525274725275,NA,NA,102.99745559217476,89.62226356607013,92.8677270288127,DL Hall,22207,669084
Ryan Yarbrough,NYY,42.2,93.05622047244094,96.1704347826087,87.8294117647059,NA,125.01170068027209,NA,96.95210884353743,NA,NA,99.64072539682537,100.97638222222223,97.68150380952379,Ryan Yarbrough,16502,642232
Coleman Crow,MIL,18.2,94.10037037037037,95.87120000000003,93.26953271028037,NA,129.0991304347826,114.45180327868853,NA,NA,NA,101.13575655886491,105.13563475219797,103.13879326294487,Coleman Crow,27926,689441
Dylan Smith,SFG,17,100.66061538461537,96.31272727272726,NA,103.95666666666666,114.83425287356324,85.615,NA,NA,NA,104.41632921810701,90.99208230452673,93.98867489711934,Dylan Smith,30145,681916
Keegan Thompson,COL,12,93.49357142857143,83.85909090909091,96.5263829787234,NA,98.89052631578947,81.27749999999999,87.1,NA,NA,91.14397066593538,105.4028995018054,95.83613129484895,Keegan Thompson,19795,624522
Jordan Wicks,CHC,10.1,93.26376811594203,94.984,NA,NA,99.18486486486486,88.78,103.06313725490195,NA,NA,97.20144444444446,114.6027777777778,112.14744444444447,Jordan Wicks,30094,696136
Chris Paddack,3 Tms,57,95.38674285714286,87.19322580645161,81.88842105263159,NA,89.69084388185654,80.06782608695652,87.09666666666666,NA,NA,88.6644628857839,109.73268726866542,98.64588304851138,Chris Paddack,20099,663978
Lake Bachar,MIA,54.2,100.08731182795698,88.24238095238096,NA,96.78061224489794,95.42091873706003,108.46899224806202,NA,NA,NA,98.49602381897577,95.24100985840941,94.22908323408761,Lake Bachar,19222,669199
Riley Martin,CHC,8.1,105.42545454545454,NA,NA,NA,108.61666666666666,114.44702702702702,NA,NA,NA,108.44613073367312,105.2321239777172,108.7833382718976,Riley Martin,29934,702303
Carson Palmquist,WSN,14,113.41666666666667,92.896000000000015,79.83777777777777,NA,119.0443137254902,NA,NA,NA,NA,105.4438728412829,97.00479553865132,96.67953974780701,Carson Palmquist,31612,687223
Brandon Sproat,MIL,92.2,89.8817142857143,96.93483204134367,98.52376404494382,NA,135.7584210526316,118.37024999999998,82.83430894308944,NA,NA,100.51359444961733,94.81051930744184,93.87505316539767,Brandon Sproat,33850,687075
Anthony Nunez,BAL,42.1,104.84203883495144,96.36859813084111,94.752,NA,111.78536585365852,NA,109.82341463414637,NA,NA,106.29948829689809,88.00433566642936,96.01825374223455,Anthony Nunez,25796,689296
Tyler Samaniego,BOS,20.1,96.20428571428573,108.17765624999998,76.05083333333333,NA,106.94644067796611,NA,91.58105263157894,NA,NA,101.09481382074713,94.82854904601572,96.53258726952059,Tyler Samaniego,30081,701719
Zebby Matthews,MIN,76,93.99828828828828,101.35090909090908,88.83859154929578,NA,101.47897637795276,95.04888888888891,89.69025974025975,NA,NA,94.86998877839261,98.58861451843825,92.32899315094997,Zebby Matthews,31827,805673
Brant Hurter,DET,25.1,102.48266666666665,120.0348076923077,NA,NA,122.12432989690721,NA,98.2505,NA,NA,117.46175869809203,81.76615516273851,95.70770005611672,Brant Hurter,30133,676428
Franco Aleman,CLE,11.2,108.89102362204724,NA,NA,NA,100.87914893617021,NA,84.53529411764706,NA,NA,104.69421989528797,94.48037696335079,98.78925654450263,Franco Aleman,30195,680916
Brad Keller,PHI,31.1,97.27611764705885,104.63792452830188,NA,NA,126.94182795698924,NA,94.08619718309858,NA,NA,108.70984299397648,93.73193048286758,102.6316460945986,Brad Keller,15734,641745
Chris Murphy,CHW,25.2,105.45889655172414,108.13529411764705,NA,NA,112.35371069182389,107.18653846153848,107.75052631578947,NA,NA,108.55379021879023,88.00548906048907,94.44871943371943,Chris Murphy,26214,669684
Logan VanWey,HOU,6,96.13399999999999,88.74000000000001,96.34333333333332,NA,114.52521739130432,NA,101.625,NA,NA,101.79309523809522,106.98819047619047,107.21532142857143,Logan VanWey,31884,701121
Tyler Holton,DET,47.1,89.89373737373738,109.01097744360904,97.70821576763484,NA,115.85252032520324,127.55885714285711,84.65380952380953,NA,NA,100.85710514632387,98.27410159708681,98.95626419799683,Tyler Holton,26231,663947
Ryan Feltner,COL,70.2,89.82450793650796,101.7278205128205,NA,NA,88.78311524532826,94.50833333333333,96.19103825136614,NA,NA,92.45951598962836,96.151290406223,91.6058517718237,Ryan Feltner,21446,663372
Tom Cosgrove,WSN,6,89.6,75.1875,NA,NA,104.17117647058822,NA,NA,NA,NA,99.7806976744186,104.17465116279071,95.19581395348837,Tom Cosgrove,23443,676680
Grant Anderson,MIL,46.1,107.13356060606061,98.6463694267516,NA,NA,102.68767441860463,NA,67.67111111111112,NA,NA,102.63308707469626,104.72515080066806,107.83457829845759,Grant Anderson,20546,681982
Lance McCullers Jr.,2 Tms,44,80.2855172413793,89.8816091954023,93.06648401826483,NA,121.97226277372263,NA,79.12881355932204,106.16482758620688,NA,96.7124842370744,96.28532156368222,96.1972005044136,Lance McCullers Jr.,14120,621121
Michael Grove,TBR,3,101.98,98.92,90.3,NA,113.1,NA,NA,89.03999999999999,NA,105.33529411764705,122.3164705882353,117.00294117647059,Michael Grove,23221,675627
Justin Bruihl,STL,49.1,115.71450980392153,103.49382198952877,84.33166666666666,NA,99.80233438485804,NA,89.8331707317073,NA,NA,101.26698007176317,101.7792162642829,103.31217062119293,Justin Bruihl,23779,677865
José Fermin,LAA,33,93.51684210526317,107.40399999999998,NA,NA,109.20884735202495,NA,78.99170731707316,NA,NA,105.00651716820988,94.6734809027778,99.3025607638889,Jose Fermin,33908,820862
Daniel Duarte,NYM,10.1,91.52153846153846,75.45066666666666,100.34181818181816,NA,125.66214285714284,NA,88.4635294117647,NA,NA,101.64306603773586,101.48700471698115,94.05658018867923,Daniel Duarte,17480,650960
Casey Legumina,2 Tms,43.1,122.76237410071943,113.2158041958042,NA,NA,105.45277777777778,NA,79.4615789473684,NA,NA,111.33158643918576,94.85003946289542,104.12642343366755,Casey Legumina,25921,668984
Kai-Wei Teng,HOU,68.1,92.93404907975459,87.09593220338982,NA,NA,102.38605745972004,105.7325663716814,79.76644067796612,NA,NA,95.39361499569708,89.22754033993115,85.18218319707401,Kai-Wei Teng,24282,678906
Brady Basso,ATH,10.2,94.6288888888889,108.138,102.94142857142856,NA,NA,99.26896551724138,113.97333333333334,NA,NA,100.09072625698323,98.51832402234638,95.97094972067036,Brady Basso,25582,669620
Sam Moll,CIN,41.2,120.28736842105268,99.63731543624162,NA,NA,103.08091872791522,NA,94.25666666666665,NA,NA,102.21218285878984,92.69100043233895,96.72474090544131,Sam Moll,14874,594580
Garrett Acton,MIN,6.2,99.87333333333333,NA,NA,NA,102.60192307692306,NA,NA,NA,NA,101.1071304347826,98.85721739130436,98.90434782608696,Garrett Acton,27583,670183
Dietrich Enns,BAL,16,93.81325000000001,NA,107.08068965517242,NA,101.87481481481481,100.22625,110.94610169491527,NA,NA,99.7106529209622,86.3378969072165,85.36151202749141,Dietrich Enns,13932,608650
Zack Kelly,BOS,16.1,123.80564102564102,104.83166666666665,94.91935483870968,NA,125.22967741935481,NA,112.354,NA,NA,107.88377208480564,98.75035777385159,107.70865724381626,Zack Kelly,20349,677161
Logan Allen,CLE,7.1,110.10599999999998,100.30941176470587,95.67414634146341,NA,99.28888888888889,NA,75.595,NA,NA,100.05933930225378,89.5859354739117,85.1056051250386,Logan Allen,27589,671106
Jack Anderson,2 Tms,11.1,61.90947368421053,NA,NA,111.58918918918917,102.04761904761905,106.388,NA,NA,NA,90.67044092384043,99.09139148692498,88.13631990837948,Jack Anderson,30086,681252
AJ Blubaugh,HOU,67.1,96.81999999999998,NA,91.26892857142856,NA,114.35514644351467,88.71142857142856,103.75101214574897,NA,NA,101.79245972520685,94.88856758008063,96.30265806230666,A.J. Blubaugh,31764,805123
Keegan Akin,BAL,25.1,100.22730593607302,NA,NA,NA,106.99109090909091,NA,90.93929824561404,NA,NA,99.52229266856413,106.98806359799782,106.03319265874963,Keegan Akin,19362,669211
JT Brubaker,SFG,47.1,74.90782608695652,88.50405405405408,NA,NA,100.97822916666667,107.22903225806452,75.26314606741575,NA,NA,90.69507280107392,107.33338198308604,99.21647881269382,JT Brubaker,17578,664141
Angel Chivilli,NYY,12.2,100.09947368421051,NA,NA,NA,96.51253731343286,NA,90.65064935064936,NA,NA,94.82306693306694,96.23860139860139,95.91829170829172,Angel Chivilli,26790,683409
Tyler Davis,CHW,26.1,102.20839506172844,NA,NA,114.37359999999998,101.07507936507936,NA,NA,NA,NA,102.63824753867792,98.12292264416315,99.54770464135021,Tyler Davis,34847,699823
Aaron Civale,2 Tms,79,95.06744186046511,82.66754863813227,98.79926229508199,73.93864864864862,90.50431372549018,109.96081395348837,NA,NA,NA,96.4450292765773,109.23166256557485,104.02871151879425,Aaron Civale,19479,650644
Brock Stewart,LAD,13.1,110.5430303030303,101.97866666666667,90.36499999999998,NA,122.84291666666665,NA,91.64,NA,NA,107.1005452091768,101.32452361673415,109.30504183535763,Brock Stewart,16727,592779
Cooper Criswell,SEA,30.2,107.43214285714285,106.34566666666669,95.80040816326532,NA,117.63545454545455,112.52999999999999,88.79048387096775,NA,NA,101.66416606541608,111.93323953823955,109.89217051467052,Cooper Criswell,24975,681867
Brad Lord,WSN,58,91.32994680851063,89.78559322033897,NA,NA,106.12790109890109,NA,80.2811111111111,NA,NA,95.63840689373043,99.96145993009061,90.82373513655824,Brad Lord,31972,695418
Jose Cuas,KCR,6.1,109.0850980392157,89.0570731707317,94.05000000000001,NA,106.5248,NA,79.78,NA,NA,100.70677165354331,103.52629921259845,103.23275590551182,Jose Cuas,17701,621016
JoJo Romero,STL,43,117.39571428571428,106.11798742138363,NA,NA,118.91799999999999,NA,93.28093023255812,NA,NA,108.7427653706895,99.73415703326474,108.83080225995131,JoJo Romero,19574,668941
Blade Tidwell,SFG,12,103.63605263157895,93.15428571428572,NA,NA,123.23627906976743,145.42000000000002,121.93199999999999,NA,NA,113.051989010989,92.57547252747251,100.6103901098901,Blade Tidwell,31701,694918
Dax Fulton,MIA,12,98.44707692307693,102.06133333333334,NA,NA,109.2786440677966,NA,98.28399999999998,NA,NA,108.14970125352858,81.7386373804257,92.36022076403422,Dax Fulton,27757,690978
Blake Snell,LAD,3,96.92,NA,NA,NA,118.86,160.01999999999998,124.6,NA,NA,119.33844155844154,92.04883116883117,105.10233766233766,Blake Snell,13543,605483
Yovanny Cruz,NYY,4.1,114.29444444444445,NA,NA,165.14000000000001,119.06857142857146,NA,NA,NA,NA,124.21130434782609,107.85652173913043,126.16478260869565,Yovanny Cruz,22622,672442
Chad Dallas,TOR,4.2,93.345,NA,97.23846153846154,NA,97.6791304347826,95.388,NA,NA,NA,96.4180487804878,98.08487804878048,94.5058536585366,Chad Dallas,30158,689149
Robby Ahlstrom,TEX,19.2,107.07185185185186,105.0020253164557,NA,NA,109.75246753246753,106.4513043478261,93.6075,NA,NA,105.27220403439154,105.54029596560846,108.89430307539686,Robby Ahlstrom,30167,695239
Will Dion,CLE,17.2,116.02944881889762,74.92666666666666,96.96125,NA,NA,94.06126984126982,118.76090909090908,NA,NA,106.49233449477352,108.78794425087108,114.73574912891985,Will Dion,30061,702021
Brian Fitzpatrick,MIL,6.2,91.92086956521739,94.512,NA,NA,99.69466666666668,NA,105.12166666666666,NA,NA,98.89577981651377,108.41651376146788,107.37504587155962,Brian Fitzpatrick,31624,702153
Tommy Nance,2 Tms,39.1,58.72,87.08898876404494,NA,NA,88.27835390946503,144.27004975124376,NA,NA,NA,106.06096523636366,92.5712128,99.01498356363636,Tommy Nance,19178,667297
JP Sears,SDP,28,84.04583850931677,83.17829787234042,85.02727272727272,NA,111.49176470588236,NA,77.84125,NA,NA,90.10757600807736,99.28880345755782,90.98229944869082,JP Sears,23429,676664
Cam Sanders,2 Tms,11,104.47878787878787,103.2475,NA,NA,111.67029702970298,NA,93.003125,NA,NA,105.8879811827957,87.2256747311828,92.8124811827957,Cam Sanders,23479,676742
Tanner Gordon,COL,58,83.77414893617022,77.29421052631578,NA,NA,86.11561983471074,89.04261904761906,90.65118811881189,NA,NA,85.81544208704143,107.50480973094534,91.62360085295573,Tanner Gordon,27669,685299
Alec Gamboa,BOS,13,102.70061224489795,123.94,NA,NA,115.7416393442623,162.30666666666667,136.50799999999998,NA,NA,111.28936842105263,99.72831578947367,107.14736842105263,Alec Gamboa,26227,687941
Zach Pop,PHI,7.1,NA,107.44320987654321,85.46933333333332,NA,107.87235294117647,NA,NA,NA,NA,104.95884798534799,92.00073772893772,96.5964695970696,Zach Pop,20185,647315
Paul Gervase,LAD,7.2,92.48945454545455,NA,77.48105263157895,NA,83.37291666666667,NA,91.28,NA,NA,86.64129032258064,89.46564516129034,82.31854838709677,Paul Gervase,31571,801434
Bruce Zimmermann,STL,5,77.94,85.68,83.92,74.6,77.04,82.25999999999999,NA,NA,NA,81.08338028169014,109.48028169014084,97.04140845070424,Bruce Zimmermann,20370,669145
Yuki Matsui,SDP,38.2,95.48383333333332,92.92210526315789,NA,115.39440993788817,102.32994129158513,NA,NA,NA,NA,102.6977659521736,87.08918346681395,90.08599359859508,Yuki Matsui,33826,673513
Alan Rangel,PHI,23.1,84.18840764331212,NA,NA,NA,98.73945945945947,90.58528301886793,117.09355263157896,NA,NA,98.93726554536187,102.43061416921508,97.36549082568807,Alan Rangel,19524,660604
Kervin Castro,NYY,2.2,101.1888888888889,110.08571428571429,91.81846153846153,NA,NA,NA,NA,NA,NA,99.62210526315789,120.15473684210527,113.01789473684211,Kervin Castro,21656,665645
Cody Ponce,TOR,2.1,106.58,NA,NA,NA,80.96000000000001,105.26,96.94,NA,NA,94.68340425531916,83.86851063829786,80.23361702127659,Cody Ponce,17920,664074
Khristian Curtis,PIT,5,95.78,NA,85,NA,103,77.06,90.43999999999998,NA,NA,91.32264705882353,106.72558823529413,104.34205882352941,Khristian Curtis,33865,694753
Brayan Bello,BOS,70.2,78.53210526315789,100.94863453815262,86.2944864864865,NA,102.58893333333333,96.64312500000001,77.19850467289722,NA,NA,92.92944169069698,104.12008363571033,97.19641470979572,Brayan Bello,23920,678394
Sam Aldegheri,LAA,33.2,80.48902777777778,NA,104.49457627118645,NA,101.34888888888891,89.95826086956522,95.84476190476191,NA,NA,89.33110125361621,96.74516991321119,86.91653847637414,Sam Aldegheri,26443,691951
Owen Murphy,ATL,6.2,100.79384615384615,82.08,NA,NA,90.51692307692308,96.72333333333331,91.14916666666666,NA,NA,96.90293103448276,106.11396551724138,96.29327586206894,Owen Murphy,31761,702566
William Kempner,MIA,12.1,120.66145833333333,105.17034482758619,101.2616,NA,123.57363636363635,NA,90.36799999999998,NA,NA,115.84251256281406,83.66010050251255,96.44924623115578,William Kempner,31615,687531
Brett Kerry,LAA,4,80.6,NA,NA,NA,94.04,77.56,109.70000000000002,NA,NA,88.90745762711865,93.99491525423728,80.56542372881356,Brett Kerry,29826,695049
Brooks Kriske,ATH,2.2,92.65666666666668,NA,93.98,103.08117647058823,NA,NA,NA,NA,NA,98.04736842105264,100.09631578947368,96.38368421052631,Brooks Kriske,21189,621139
Tyler Schweitzer,CHW,16.2,95.469009009009,99.00399999999999,NA,NA,101.77410852713179,NA,99.76941176470588,NA,NA,98.9716845878136,104.52286738351255,103.79928315412185,Tyler Schweitzer,31920,805326
Burch Smith,DET,17,106.28768000000001,80.88999999999999,91.20833333333333,NA,NA,85.85205479452054,98.19481481481482,NA,NA,97.06329647023178,88.10569913649445,88.63794576579306,Burch Smith,12784,572143
Brandon Eisert,2 Tms,32,83.41090909090909,89.13250000000001,NA,NA,82.99112044817927,NA,78.08422192353646,NA,NA,82.6353464183748,105.84451520877565,94.22379915873402,Brandon Eisert,27668,685126
Gabe Speier,SEA,27.2,113.92714285714285,108.7641221374046,NA,NA,112.02239999999999,NA,87.78,NA,NA,111.67863529411764,102.34700952380953,109.82005378151261,Gabe Speier,17170,642100
Wandy Peralta,SDP,53.1,96.30913580246913,98.74891640866872,NA,NA,97.45862068965518,NA,105.94296551724138,NA,NA,100.46202496429581,104.6262218382668,105.91091870850181,Wandy Peralta,14295,593974
Carlos Rodriguez,MIL,9.1,99.95673469387755,NA,86.11142857142858,NA,111.30666666666667,102.26,69.50119402985075,NA,NA,86.21906426906428,83.21172494172494,73.95779553779553,Carlos Rodriguez,30161,692230
Caleb Ferguson,CIN,21,98.95797752808988,116.78940170940172,101.37913978494623,NA,NA,97.97866666666667,NA,NA,NA,105.22792200557102,101.12167130919218,103.40633983286907,Caleb Ferguson,19349,657571
Eduardo Rivera,BOS,10,93.64333333333333,NA,NA,NA,104.83846153846154,NA,117.67096774193547,NA,NA,100.65542857142857,94.62590476190478,97.51933333333332,Eduardo Rivera,31280,700842
Hunter Stratton,2 Tms,3.1,101.68559999999998,105.66,106.68,NA,110.4,NA,NA,NA,NA,105.60964285714284,98.71428571428571,98.25821428571429,Hunter Stratton,23455,676702
Spencer Strider,ATL,39,96.25422492401215,NA,NA,NA,98.16115183246073,94.296,97.94422535211268,NA,NA,96.65818923884943,94.1159885526594,90.08189564057953,Spencer Strider,27498,675911
Andrew Kittredge,BAL,30.2,92.89787234042552,94.56163043478263,NA,NA,102.38867579908676,NA,NA,NA,NA,98.11469052945561,102.54708426547352,99.20126771066369,Andrew Kittredge,12828,552640
A.J. Minter,NYM,22,101.81588235294119,110.55166666666663,102.762183908046,NA,NA,NA,92.84967741935486,NA,NA,101.78556280041796,100.53089738766981,101.17305057471265,A.J. Minter,18655,621345
Seth Johnson,PHI,15.2,108.9229931972789,104.56137931034482,NA,108.13000000000001,106.66291262135921,119.50782608695654,NA,NA,NA,108.68699346405229,87.3269934640523,97.61209150326799,Seth Johnson,26020,686751
Garrett Stallings,MIL,5,93.99000000000001,94.9309090909091,82.53200000000001,NA,79.64,93.18,89.0375,NA,NA,88.91904761904762,82.22714285714285,78.31190476190474,Garrett Stallings,27485,668831
Codi Heuer,CLE,9.2,93.55135802469137,106.14,NA,NA,106.58557377049179,NA,91.45434782608694,NA,NA,97.31439153439156,84.16031746031747,81.86677248677249,Codi Heuer,23293,676051
Bennett Sousa,HOU,6,89.19846153846153,104.92000000000002,NA,NA,109.96168674698795,NA,NA,NA,NA,104.99805309734512,81.28778761061947,86.35699115044248,Bennett Sousa,21345,656986
Braydon Fisher,TOR,52,75.35809523809525,60.84,85.34466666666667,NA,114.7370754716981,93.33069958847737,NA,NA,NA,100.60140782393336,94.80914802431612,93.84139032984349,Braydon Fisher,24609,680755
Drew Rom,MIL,5.2,86.65661971830986,89.651,NA,87.47999999999999,92.52999999999999,NA,NA,NA,NA,88.1375221238938,80.23769911504424,71.60690265486724,Drew Rom,24602,680723
David Morgan,SDP,22,95.44946428571428,102.51345132743363,NA,NA,103.9886956521739,107.98776699029126,NA,NA,NA,102.16052698546117,98.0216786454044,99.05190261028558,David Morgan,31616,688158
Josh Walker,BAL,7.2,84.45555555555555,98.2721212121212,NA,NA,101.2583870967742,NA,58.56,NA,NA,96.42162601626015,93.09170731707319,91.19268292682928,Josh Walker,23617,677020
Craig Kimbrel,2 Tms,31,114.8843626062323,121.183125,NA,NA,97.13025,NA,82.03499999999998,95.0168888888889,NA,109.99631742500486,94.99401340996168,104.98686391699185,Craig Kimbrel,6655,518886
Alimber Santa,HOU,15.1,87.97666666666666,100.9,NA,NA,109.42634146341463,NA,NA,NA,NA,103.48926939169615,100.01372384937238,103.10186675249435,Alimber Santa,28846,695001
Hunter Bigge,TBR,19.1,92.25353658536585,NA,NA,136.02,101.37480916030533,129.68,NA,NA,NA,99.18122928795343,77.90785490371697,80.86160098522168,Hunter Bigge,26259,685801
Nate Pearson,2 Tms,21,99.1643537414966,107.18944444444443,NA,NA,108.89015384615385,111.43512195121951,118.76249999999999,NA,NA,105.27021978021978,88.28954822954823,95.81339438339437,Nate Pearson,20160,663878
Ty Blach,CHC,3,NA,99.42,141.5,NA,NA,NA,94.76,NA,NA,110.17533333333334,130.10599999999997,141.9786666666667,Ty Blach,14361,621389
Vince Velasquez,CHC,3.1,96.37142857142858,70.44,83.63499999999999,NA,84.82,NA,78.8,78.46,NA,89.10558139534884,101.82883720930234,88.82651162790697,Vince Velasquez,11189,592826
Kyle Backhus,PHI,18,NA,116.48526315789475,NA,NA,103.57878787878789,NA,92.38615384615385,NA,NA,109.61046931407941,99.25075812274366,102.00620938628158,Kyle Backhus,29615,679775
Jake Woodford,2 Tms,25.1,134.4,99.07480314960631,97.53802469135803,95.8,108.78472934472934,122.86,NA,NA,NA,99.16475312623167,103.88167349517803,101.47982923553747,Jake Woodford,18674,663765
Jake Bird,NYY,29.2,104.71216216216214,96.19005235602094,NA,NA,124.61898989898991,118.62216216216217,NA,NA,NA,111.06464552780844,96.2038474878864,103.57394770001488,Jake Bird,21267,656234
Cade Horton,CHC,7.1,100.08622222222222,96.32000000000001,NA,NA,116.75999999999999,105.86,88.16526315789473,NA,NA,99.45612449405927,116.37444052748398,113.22377333855593,Cade Horton,31872,690990
David Sandlin,CHW,19.1,102.47279279279279,83.94571428571429,96.5608,NA,143.8225,97.97101123595506,90.14526315789475,NA,NA,99.95725239616613,95.02920127795525,94.88376996805113,David Sandlin,31743,689818
Victor Vodnik,COL,34,99.31145695364238,108.43764705882352,85.93555555555555,NA,105.7452564102564,NA,93.97494505494505,NA,NA,100.03237921506576,90.95423033768475,96.08650436940337,Victor Vodnik,24614,680767
Juan Burgos,ARI,2.2,NA,103.03999999999999,107.5,NA,142.8575,NA,NA,NA,NA,113.3415789473684,93.08934210526317,102.40361842105264,Juan Burgos,27271,686228
Eddy Yean,WSN,7.2,79.66,88.93476190476193,NA,NA,92.20666666666666,NA,74.13304347826087,NA,NA,84.40204204204204,108.60287287287288,99.9225125125125,Eddy Yean,24248,678868
CJ Van Eyk,TOR,2.1,82.572,92.18666666666667,84.15142857142857,NA,69.14500000000001,92.335,92.46307692307693,NA,NA,87.1793220338983,104.87491525423727,98.15762711864406,CJ Van Eyk,27568,669310
Michael Rucker,SEA,18.2,101.03384615384614,111.70187500000002,100.1543396226415,NA,117.25999999999999,99.94721649484535,NA,NA,NA,102.09991065292098,109.91231615120275,111.68251546391751,Michael Rucker,19454,621074
Paxton Schultz,WSN,31.2,90.96707692307692,NA,92.69460580912865,NA,95.00157894736843,NA,85.0672093023256,NA,NA,91.08480747099476,103.3753695781343,94.7215488007005,Paxton Schultz,25501,687606
Ian Hamilton,ATL,4.2,82.612,86.80199999999999,NA,NA,99.72421052631579,NA,NA,NA,NA,93.66956521739131,84.47304347826088,81.74021739130434,Ian Hamilton,19261,641656
Yacksel Ríos,CHC,1.2,102.14,112.3,NA,108.08,94.2,NA,NA,NA,NA,106.35076923076925,106.33384615384612,109.53692307692307,Yacksel Rios,15007,605441
Nolan Hoffman,PHI,4.2,82.35857142857142,112.49333333333334,97.35857142857142,NA,116.8309090909091,NA,88.3,NA,NA,96.73219512195124,85.4980487804878,85.94878048780487,Nolan Hoffman,23381,676510
Carl Edwards Jr.,NYM,6,87.56377358490566,NA,NA,NA,NA,92.77600000000001,80.9925,NA,NA,88.08121212121213,94.99393939393939,86.06808080808081,Carl Edwards Jr.,13607,605218
Robert Garcia,TEX,8,110.11441176470588,NA,NA,NA,101.57555555555555,NA,121.21591836734696,NA,NA,111.66065359477125,89.75908496732026,103.30575163398693,Robert Garcia,23363,676395
José Urquidy,PIT,6.1,95.55250000000001,87.66,NA,NA,107.68947368421054,98.8076923076923,111.25756097560976,NA,NA,101.58676641221373,105.23267524536531,100.83319520174484,Jose Urquidy,18413,664353
Drey Jameson,ARI,17.1,88.91215686274509,84.21333333333334,NA,NA,103.47693693693695,NA,95.77094339622643,NA,NA,95.45563909774435,88.32759398496242,86.32909774436091,Drey Jameson,26260,686753
Matt Pushard,STL,7,85.25074074074074,86.9,NA,NA,104.3150731707317,108.21066666666667,103.75333333333333,NA,NA,96.17932777777779,90.41274197530863,83.6543635802469,Matthew Pushard,31870,690155
Welinton Herrera,COL,2.1,83.11857142857141,NA,NA,NA,106.652,NA,99.08857142857143,NA,NA,90.83244444444445,100.34,92.9831111111111,Welinton Herrera,29318,700327
Eiberson Castellano,COL,3,83.4,83.4,NA,NA,NA,101.22,76.06,NA,NA,89.59942857142859,87.46857142857145,79.99371428571429,Eiberson Castellano,28040,682769
Spencer Bivens,SFG,2,99.28,108.72,105.52,NA,150.9,NA,96.45,NA,NA,117.9911111111111,87.66444444444444,98.21866666666666,Spencer Bivens,30226,702352
James Karinchak,ATL,9.2,86.26489795918368,NA,NA,NA,NA,107.2396875,NA,NA,NA,94.62290809327847,92.04028806584361,87.9583950617284,James Karinchak,20151,675916
Connor Seabold,3 Tms,24,90.16723577235774,NA,99.83739130434783,NA,91.94289839181288,NA,89.41939999999998,NA,NA,91.10551904364985,101.21042176283468,91.59909496414964,Connor Seabold,19695,657756
Bryse Wilson,3 Tms,18.2,96.07499999999999,99.46975609756097,92.71347368421051,NA,NA,98.50315789473684,89.84162162162161,NA,NA,95.30546075085323,109.89133105802048,98.5441638225256,Bryse Wilson,19990,669060
Hayden Juenger,2 Tms,6.1,86.68524822695035,NA,91.48,NA,98.7561943319838,NA,87.57354497354497,NA,NA,91.62589966555186,103.7906889632107,93.10577926421405,Hayden Juenger,29640,696522
Joel Peguero,SFG,11.1,85.31342465753424,104.48701754385964,NA,NA,118.32205128205126,NA,NA,NA,NA,99.39763313609468,107.78355029585799,106.41183431952662,Joel Peguero,21951,666711
Elieser Hernández,ATL,3,97.56,NA,142.1,NA,NA,NA,71.38,NA,NA,98.8775,96.78749999999998,97.03000000000002,Elieser Hernandez,16933,622694
Jake Eder,LAD,4,79.91529411764705,NA,NA,NA,109.57263157894738,119.72,102.04,NA,NA,91.7942857142857,97.36500000000001,90.22535714285713,Jake Eder,27590,671109
Gerardo Carrillo,ARI,4,96.25428571428571,94.50999999999999,100.77142857142857,107.29142857142857,104.86800000000001,77.61333333333334,NA,NA,NA,99.28363636363636,91.75376623376624,89.58805194805196,Gerardo Carrillo,22754,672629
Jake Rogers,DET,2.1,NA,NA,NA,NA,NA,NA,NA,NA,NA,31.25302325581395,84.40744186046511,34.53395348837209,Jake Rogers,19452,668670
Jose Cabrera,ARI,17.2,86.52521739130434,93.21846153846155,81.73698630136988,NA,96.58444444444444,108.53352941176472,70.639375,NA,NA,88.33554633204633,83.33794208494209,77.46013127413129,Jose Cabrera,30412,703615
Chase Petty,CIN,27.2,105.26612903225806,92.56454545454544,NA,NA,108.11413793103448,NA,99.98574712643678,NA,NA,100.71793450881613,101.86176322418135,102.55652392947103,Chase Petty,30170,695534
Zach Eflin,BAL,3.2,89.56000000000002,104.42,89.52,NA,98.5,100.52,88.12,NA,NA,95.21108108108109,106.73972972972975,98.31243243243243,Zach Eflin,13774,621107
Travis Adams,MIN,31.2,87.6761971830986,94.34214285714287,93.24285714285715,NA,97.53047619047618,NA,90.12092715231788,NA,NA,91.81671719038818,91.62842554939412,84.72302320805095,Travis Adams,30180,701519
Jimmy Herget,COL,28,87.8740425531915,82.64967213114754,NA,NA,110.07275825346112,NA,69.18210526315791,NA,NA,98.75968799594519,89.63638740018783,86.18990843449576,Jimmy Herget,17556,623474
Cole Wilcox,SEA,23.2,86.43394495412842,102.80328358208953,NA,NA,103.6731891891892,NA,109.73347826086956,NA,NA,99.59803439803441,94.88240786240786,94.04766584766585,Cole Wilcox,27481,677961
Guillo Zuñiga,NYM,1,99.38,82.12,NA,NA,157.96,NA,87.92,NA,NA,106.33,68.68,69.80555555555556,Guillo Zuniga,19588,670871
P.J. Higgins,CIN,1,NA,NA,NA,NA,23.400000000000006,NA,23.92,NA,NA,23.868000000000002,110.26399999999998,41.983999999999995,P.J. Higgins,18433,664731
Reese McGuire,CHW,1,NA,NA,NA,NA,NA,NA,NA,NA,NA,13.239999999999995,81.86,-10.700000000000003,Reese McGuire,15674,624512
Matt Svanson,STL,42.1,85.232,90.78116279069766,85.90935672514621,NA,109.45146341463416,NA,NA,NA,NA,95.63290163696945,99.92266840504128,95.71295958279009,Matt Svanson,29629,694335
Garrett Stubbs,PHI,3.1,NA,NA,NA,NA,NA,NA,NA,NA,NA,40.127096774193554,98.96516129032258,50.37419354838709,Garrett Stubbs,18067,596117
Jose Trevino,CIN,5,NA,NA,NA,NA,NA,NA,NA,NA,NA,46.30613425925925,92.44956018518519,42.11548611111111,Jose Trevino,16725,624431
Adrian Del Castillo,ARI,1.2,NA,NA,NA,NA,-7.319999999999993,9.420000000000002,NA,NA,NA,0.003750000000004583,147.86,55.44624999999999,Adrian Del Castillo,29554,680728
Ryan Watson,BOS,54.2,99.53017543859653,102.21386666666668,70.80173913043477,85.76599999999999,95.97661673414304,97.25103999999997,NA,NA,NA,91.24202782437176,110.8047999099183,103.71972942358067,Ryan Watson,27853,670245
Joey Gerber,NYM,8.1,99.49257142857142,NA,99.58851851851851,NA,103.7,NA,92.1,NA,NA,99.51596899224808,97.6675968992248,99.6724031007752,Joey Gerber,24591,680702
Joey Estes,ATH,4.1,87.16,NA,90.94,NA,92.2690909090909,NA,75.84,NA,NA,88.90394366197184,93.91577464788732,79.9881690140845,Joey Estes,26257,683155
Myles Straw,TOR,3,NA,NA,NA,NA,-28.099999999999994,NA,NA,NA,NA,12.33,103.33244444444446,21.332222222222224,Myles Straw,17620,664702
Christian Koss,SFG,2,NA,NA,NA,NA,NA,NA,NA,NA,NA,16.766428571428566,119.91571428571429,46.98285714285714,Christian Koss,27653,683766
Anthony Banda,MIN,34.1,98.985316455696207,101.58740740740741,NA,NA,109.02377510040165,NA,88.73243243243243,NA,NA,103.27894270682042,88.82619881999368,91.85365833949261,Anthony Banda,14706,607455
Brycen Mautz,STL,3,96.36,116.35999999999999,NA,NA,74.66,105.03999999999999,NA,NA,NA,98.38655172413793,84.9251724137931,87.95379310344828,Brycen Mautz,31910,802408
Easton McGee,MIL,2,98.86,93.25,91.24,NA,NA,103.00888888888888,NA,NA,NA,98.31545454545453,106.26090909090908,103.50818181818181,Easton McGee,22176,668834
Zach Brzykcy,MIA,3,79.7695652173913,NA,NA,NA,94.98500000000001,99.36666666666667,88.22571428571428,NA,NA,87.01791666666666,80.18666666666667,66.12583333333333,Zach Brzykcy,27783,694350
Tristan Beck,SFG,12.2,87.13925925925926,NA,NA,NA,102.04619658119658,95.05333333333334,NA,NA,NA,95.86968540120185,104.75610698715683,100.61338753387535,Tristan Beck,21584,663941
Elmer Rodríguez,NYY,17,77.11638888888889,92.63893939393938,99.9,NA,109.15961538461536,95.01931034482759,93.101875,NA,NA,91.94221001512618,81.73341851763394,74.1291593026033,Elmer Rodriguez,31811,695684
Josh Ekness,MIA,5.1,107.52595744680852,118.02545454545454,NA,NA,137.39111111111112,117.60615384615386,NA,NA,NA,118.45760204081634,85.45043367346939,101.99438775510203,Josh Ekness,33785,694795
Jorge Mateo,ATL,2.1,NA,NA,NA,NA,NA,NA,NA,NA,NA,18.621290322580645,93.37741935483871,35.15225806451613,Jorge Mateo,17273,622761
Austin Hedges,CLE,1.1,NA,NA,NA,NA,NA,NA,65.45166666666668,NA,NA,68.45652173913044,120.25652173913042,92.02521739130434,Austin Hedges,12976,595978
Alex McFarlane,PHI,1,101.21999999999998,129.18,NA,NA,111.38,NA,NA,NA,NA,110.75,46.91833333333333,63.13666666666666,Alexander McFarlane,31773,686934
Daniel Espino,CLE,5,111.9889552238806,NA,NA,NA,110.32916666666667,101.56,NA,NA,NA,110.56198019801978,94.34217821782178,104.68435643564355,Daniel Espino,25625,682982
Tanner Andrews,TOR,3,74.21249999999999,NA,NA,97.36,91.31333333333333,NA,NA,NA,NA,87.48139534883721,88.59069767441859,88.0879069767442,Tanner Andrews,24698,681084
Yerry De los Santos,NYY,8.2,72.06235294117647,93.77956521739132,NA,NA,100.455,NA,100.66378378378377,NA,NA,93.18275324675324,97.78520779220779,89.68505194805195,Yerry De Los Santos,21420,660787
Marco Gonzales,TEX,3,86.66,87.34,85.58,NA,NA,99.92444444444445,96.46000000000001,NA,NA,91.4595918367347,92.7669387755102,80.20897959183674,Marco Gonzales,15467,594835
Zack Short,NYM,1,NA,13.059999999999988,NA,NA,NA,NA,19.860000000000014,NA,NA,22.96999999999999,107.07600000000002,12.096,Zack Short,19562,670097
Jake Meyers,HOU,1,NA,NA,NA,NA,61.480000000000004,NA,NA,NA,NA,61.480000000000004,139.2,88.68,Jake Meyers,20308,676694
Jose Espada,BAL,1,76.48,NA,NA,75.82,104.22,NA,NA,NA,NA,91.23066666666666,98.30266666666667,88.736,Jose Espada,21131,664744
Max Rajcic,STL,9,87.19757575757576,95.57666666666667,NA,NA,100.57249999999999,98.42571428571429,99.04315789473684,NA,NA,94.25484662576687,91.11386988045298,84.03878779795825,Maxwel Rajcic,31873,691008
Scott Blewett,STL,2,83.53999999999999,91.86,79.62,119.02,76.08,NA,NA,NA,NA,85.49571428571429,77.14238095238095,78.70857142857142,Scott Blewett,16427,656240
Tayler Saucedo,LAA,3.1,91.87333333333332,98.5475,NA,NA,104.93571428571428,NA,74.47272727272728,NA,NA,95.53046153846155,76.97046153846154,72.64861538461538,Tayler Saucedo,17888,642048
Jonathan Cannon,CHW,0,91.94,NA,NA,NA,93.82000000000001,NA,93.98,NA,NA,92.75714285714285,-32.137142857142855,-23.23428571428571,Jonathan Cannon,31730,686563
Cameron Weston,BAL,1,NA,87.67999999999999,NA,NA,87.265,NA,NA,NA,89.38,87.92,78.38947368421053,65.4557894736842,Cameron Weston,31696,687721
Xzavion Curry,NYM,6,74.65823529411765,66.65,NA,94.85384615384615,101.57266666666666,98.20823529411764,NA,NA,NA,89.31895833333333,97.24166666666663,87.484375,Xzavion Curry,25595,675540
Emiliano Teodo,TEX,1.2,NA,111.32,NA,NA,98.52,NA,100.14,NA,NA,106.07488372093025,74.76418604651163,80.92093023255812,Emiliano Teodo,27999,693713
Cody Bolton,HOU,20,101.93477477477477,100.95017543859647,98.89782608695653,NA,108.16439024390246,89.40222222222224,83.24809523809525,NA,NA,98.21400214503755,98.23655143965019,96.26861645078789,Cody Bolton,23265,675989
Javier Sanoja,MIA,3,NA,NA,NA,NA,NA,NA,NA,NA,NA,54.10049999999999,76.119,30.500999999999998,Javier Sanoja,28253,691594
Jackson Rutledge,WSN,1.1,NA,75.97999999999999,93.26,100.32,NA,NA,NA,NA,NA,90.47272727272727,75.93272727272728,70.7218181818182,Jackson Rutledge,26215,671131
Bryan Torres,STL,2,NA,NA,NA,NA,NA,NA,NA,NA,NA,27.799999999999997,113.82,63.16,Bryan Torres,21464,663494
Adam Macko,TOR,22,89.89,NA,NA,NA,103.02962499999997,NA,104.64117647058823,101.09866666666669,NA,97.86119754432731,95.20514035300295,91.19997172745266,Adam Macko,25590,671936
Andrew Painter,PHI,65,91.34111111111112,82.67756097560975,NA,97.44109756097559,111.28708738236253,119.76196078431371,NA,NA,NA,100.42461849360238,102.91329854360139,104.78880916570118,Andrew Painter,30091,691725
Griffin Canning,SDP,62,82.47157894736843,96.51426086956525,88.00719999999998,NA,97.32659257839943,NA,89.78619607843137,79.99183098591551,NA,89.93566584733806,93.83567754848272,88.13240438849732,Griffin Canning,19867,656288
Doug Nikhazy,CHW,2,55.300000000000004,59.18,NA,NA,82.0125,65.42,67.88,NA,NA,63.57128205128205,80.38564102564102,62.46666666666668,Doug Nikhazy,30142,680951
Max Schuemann,NYY,1,NA,NA,NA,NA,45.36,37.779999999999994,NA,NA,NA,40.48714285714285,86.97857142857141,27.694285714285716,Max Schuemann,24488,680474
Sam Haggerty,TEX,1,NA,NA,NA,NA,NA,NA,NA,NA,NA,-16.080000000000013,71.82,-48.099999999999994,Sam Haggerty,18054,664059
Dylan Moore,PHI,1.2,NA,NA,NA,NA,21.239999999999995,NA,NA,NA,NA,13.436462585034016,76.03755102040816,4.914557823129253,Dylan Moore,18042,664238
Duncan Davitt,CHW,1,141.66,NA,NA,NA,89.16999999999999,NA,90.68,NA,NA,104.38285714285715,137.84,139.8,Duncan Davitt,31886,701474
Drew Sommers,DET,13.2,126.29253731343282,118.51899999999999,NA,NA,111.41432835820896,NA,84.16285714285712,NA,NA,117.85123954372624,94.34689353612166,107.30265779467683,Drew Sommers,32026,805427
Gregory Santos,SFG,5,90.36181818181818,94.33241379310344,NA,NA,105.32636363636362,NA,91.16,NA,NA,99.37558139534883,99.75534883720931,100.25302325581396,Gregory Santos,21894,666619
Alek Jacob,SDP,5,67.27729729729731,82.4435294117647,NA,NA,82.08,NA,112.09,NA,NA,86.203908045977,118.77356321839079,99.14505747126438,Alek Jacob,29628,689690
Carson Whisenhunt,SFG,15.2,92.48244444444443,NA,NA,NA,96.50482758620691,NA,106.66875,NA,NA,98.8429505882353,95.0669468235294,95.18494211764707,Carson Whisenhunt,31676,687931
Jacob Lopez,ATH,64.2,89.69181609195402,81.19419354838709,86.87219298245613,NA,111.37867007672632,NA,78.40982142857142,NA,NA,94.59307290152579,98.87003402843732,94.66026474660782,Jacob Lopez,25098,682052
Cal Quantrill,TEX,53.1,81.95616766467066,86.41031746031747,93.64534979423868,93.08224852071005,NA,92.91285714285715,NA,NA,NA,89.25969724366566,105.63006255383677,94.39830618616439,Cal Quantrill,19312,615698
Chase Solesky,TBR,3,107.48,121.84,82.66,NA,114.7,NA,91.90000000000002,NA,NA,109.33103448275864,94.92724137931035,99.18137931034484,Chase Solesky,25480,686678
Tyler Callihan,PIT,3,NA,NA,NA,NA,45.803333333333335,33.760000000000005,40.599999999999994,NA,NA,40.96339622641509,74.89811320754718,30.268679245283014,Tyler Callihan,27497,682997
Emilio Pagán,CIN,20.1,104.85655502392345,NA,93.8535135135135,112.07187500000002,NA,NA,NA,NA,NA,103.78591954022988,88.72982758620691,90.0344252873563,Emilio Pagan,14771,641941
Alex Lange,KCR,42,89.90144578313252,107.5839175257732,81.42234042553187,NA,97.50423529411765,NA,97.63100591715978,NA,NA,96.96045559538042,98.43632376086464,99.00530464288157,Alex Lange,19883,656638
Julian Garcia,CIN,15.1,89.81194444444444,NA,NA,NA,81.68508670520231,NA,NA,NA,NA,84.09111603843311,104.7268810051737,90.16251293422025,Julian Garcia,22362,670062
Shane Smith,CHW,8.1,105.10027027027027,98.98375,NA,NA,88.2384,86.06603773584905,103.13463414634145,NA,NA,97.527550524109,91.78175262054508,91.11569811320754,Shane Smith,31687,681343
Jhony Brito,SDP,5.1,78.53142857142858,110.83294117647058,NA,NA,104.97225806451614,NA,105.94608695652175,NA,NA,104.16384615384615,115.52179487179485,111.38871794871797,Jhony Brito,25386,666745
Zach Agnos,COL,61.2,86.54758620689654,86.64292682926828,88.40639676113358,95.77535714285713,94.80171567709309,NA,NA,NA,NA,90.32462843653747,99.16434756237798,90.04432524221444,Zach Agnos,31552,688642
Joe Rock,CHW,10.1,94.26210526315789,94.505,NA,NA,105.91671232876712,NA,83.58857142857143,NA,NA,98.26687179487178,55.50594871794872,56.12882051282051,Joe Rock,30016,697812
Steven Matz,TBR,53,NA,92.93300225733634,NA,NA,102.10285714285713,96.57236363636363,105.2188929889299,NA,NA,97.84176470588234,104.593311546841,101.34104575163398,Steven Matz,13361,571927
Orlando Arcia,MIN,1,NA,NA,NA,NA,42.9,38.879999999999995,NA,NA,NA,40.60285714285714,98.12285714285716,53.24857142857143,Orlando Arcia,13185,606115
Lucas Sims,CHW,10,81.31205128205129,62.36,NA,106.235,116.41513157894738,111.81833333333333,NA,NA,NA,100.20035315139702,80.21777992457542,80.23109621093403,Lucas Sims,13470,608371
Buddy Kennedy,SFG,1,NA,NA,NA,NA,NA,NA,NA,NA,NA,11.696666666666665,81.75435897435898,1.126666666666668,Buddy Kennedy,22505,671083
Zach McCambley,CIN,4.1,100.76444444444444,83.68,96.3184,NA,102.92941176470588,NA,NA,NA,NA,98.28958333333333,76.99854166666667,72.869375,Zach McCambley,27666,685112
Chayce McDermott,LAD,2.1,96.03999999999999,NA,82.6905882352941,121.25999999999999,101.53999999999999,NA,NA,NA,NA,91.43179487179486,84.92461538461538,86.2102564102564,Chayce McDermott,29866,694646
Brandon Williamson,CIN,28,96.3266037735849,90.45127272727274,98.70875912408758,NA,131.93019607843138,110.16978723404254,84.69475409836065,NA,NA,98.37278269263052,90.50990327740966,90.73340212700829,Brandon Williamson,25463,682227
Braxton Garrett,MIA,4.1,77.83714285714287,94.86324324324325,NA,NA,91.11744680851065,NA,91.77999999999999,NA,NA,90.00297056368291,66.38995765877958,61.08232709755998,Braxton Garrett,21844,666129
Brian Keller,PHI,3,88.1,71.84,85.64,NA,121.97,NA,NA,NA,NA,99.90375,127.30999999999997,107.10041666666667,Brian Keller,19593,662144
Kade Strowd,ARI,1,118.18,83.36,93.88,NA,NA,99.48,NA,NA,NA,96.12,49.12375,53.848125,Kade Strowd,26191,669704
Yunior Marte,CIN,0.1,117.68,110.5,NA,NA,129.36,NA,NA,NA,NA,123.32857142857144,70.71142857142857,77.30000000000001,Yunior Marte,14416,628708
Nick Mears,KCR,19.1,99.71663999999998,88.85121951219513,NA,NA,103.01827956989248,77.56173913043477,130.39055555555555,NA,NA,99.57770455351101,91.5974826786117,91.07408897554058,Nick Mears,25376,683232
Brett Sullivan,COL,7,NA,NA,NA,NA,NA,NA,NA,NA,NA,22.354942528735627,99.7112643678161,37.49448275862069,Brett Sullivan,18217,664954
Cameron Foster,BAL,9,101.58000000000001,NA,92.79315789473685,NA,112.84975609756096,NA,NA,NA,NA,102.25809523809524,80.39343915343916,82.91068783068782,Cameron Foster,31942,671382
Chris Devenski,PIT,2.1,98.80533333333332,77.8,NA,NA,88.3,NA,118.31444444444443,NA,NA,105.58666666666664,99.36769230769231,94.9671794871795,Chris Devenski,12763,606965
Andrew Nardi,MIA,22.2,104.95082872928177,133.34285714285713,NA,NA,112.35849315068494,NA,99.47409090909092,NA,NA,107.90921377711445,98.8711239352468,106.27311823165428,Andrew Nardi,25942,677053
Julian Fernández,WSN,4,78.20047619047618,NA,NA,NA,NA,NA,109.06068965517242,NA,NA,90.80535211267606,74.50197183098592,69.39521126760563,Julian Fernandez,18341,642759
Zach McKinstry,DET,1,NA,NA,NA,NA,NA,NA,NA,NA,NA,6.028571428571435,52.97428571428571,-26.00571428571428,Zach McKinstry,19392,656716
Edwin Díaz,LAD,6,100.25,NA,NA,NA,114.26096774193547,NA,NA,NA,NA,106.60537878787879,93.22503246753247,96.95338744588743,Edwin Diaz,14710,621242
Anthony Molina,ATL,5,87.81812500000001,NA,NA,NA,108.08000000000001,117.9825,95.85249999999998,NA,NA,100.07795454545455,112.22045454545452,109.17795454545454,Anthony Molina,26952,683627
Miguel Ullola,HOU,5,112.00385964912282,NA,NA,NA,87.41624999999999,108.48,88.62,NA,NA,106.45376623376622,107.90883116883116,116.89558441558441,Miguel Ullola,29036,699044
Riley Cornelio,WSN,18.1,101.64432748538012,NA,NA,NA,105.79404040404039,NA,NA,NA,NA,103.87996266184884,79.48561291779585,81.05448193315266,Riley Cornelio,31953,683000
Randy Dobnak,KCR,19,67.0716129032258,80.80251851851853,NA,NA,87.21152173913042,NA,75.94082191780822,NA,NA,80.44515959542886,104.77740443977406,87.25752090722011,Randy Dobnak,23798,677976
Gavin Collyer,TEX,23,110.11701754385963,113.04575,108.62549019607843,NA,131.41151515151518,NA,NA,NA,NA,114.9352388379801,82.86891011893157,95.79170598557222,Gavin Collyer,26349,686560
Wilkin Ramos,SFG,2,91.86153846153849,92.00162162162162,79.59,NA,NA,110.67,NA,NA,NA,94.6001325427276,96.99514475061041,90.98556679455876,Wilkin Ramos,23988,678576
Marco Raya,MIN,6,77.46622222222221,NA,85.72,NA,98.00814814814815,103.56000000000002,95.8035294117647,NA,NA,88.8218,95.4492,90.06379999999999,Marco Raya,30166,694397
Greg Weissert,BOS,41.1,104.51738219895287,101.27555555555557,NA,NA,113.63687074829932,119.1564705882353,96.99967741935482,NA,NA,105.04139635180165,105.76842913311661,106.47037282100295,Greg Weissert,20375,669711
Taylor Rashi,ARI,3.2,85.57714285714285,NA,NA,90.14500000000001,94.94857142857143,93.81777777777776,NA,NA,NA,90.952888888888893,95.70888888888888,85.9151111111111,Taylor Rashi,26344,688497
Hoby Milner,CHC,35.2,114.3602564102564,110.13958158995815,NA,NA,107.5056790123457,NA,85.40292134831459,NA,NA,105.8018605317804,99.2195644637053,102.03942373149151,Hoby Milner,13346,571948
Shawn Armstrong,CLE,33,93.08994708994709,104.62489795918368,88.55726027397259,NA,121.99073170731705,NA,NA,NA,NA,101.86933780011164,89.80205739810161,89.63248732551646,Shawn Armstrong,12857,542888
Camilo Doval,NYY,37.2,NA,93.55390334572492,90.31712707182322,NA,125.31311688311689,NA,96.74,NA,NA,100.50969960513822,102.16923731239521,104.3669362995679,Camilo Doval,21992,666808
Cole Winn,TEX,35.1,107.94329411764706,114.38181818181819,84.89199999999997,101.10874999999999,101.54897637795277,93.3,NA,NA,NA,98.53513702378412,99.76146310057503,99.14342356995459,Cole Winn,22113,668390
Luke Little,CHC,1,88.4,128.9,NA,NA,121.4,NA,NA,NA,NA,97.47894736842107,115.32105263157894,105.54947368421053,Luke Little,28036,681432
Ildemaro Vargas,ARI,2.2,NA,NA,NA,NA,NA,NA,NA,NA,NA,47.944,78.39649999999999,33.554,Ildemaro Vargas,13324,545121
César Salazar,HOU,1,NA,NA,NA,NA,NA,NA,NA,NA,NA,24.980000000000004,103.8,45.199999999999996,Cesar Salazar,21587,663967
Kolby Allard,CLE,8.2,92.16533333333334,103.144,96.525,NA,NA,92.3975,86.28787878787878,NA,NA,93.32677966101696,103.85762711864406,90.60101694915255,Kolby Allard,18694,663465
Jason Foley,SFG,3,101.22666666666667,89.33142857142857,NA,90.17333333333333,101.44444444444444,NA,NA,NA,NA,93.17128205128206,100.8825641025641,98.88820512820514,Jason Foley,19531,671345
Seranthony Domínguez,CHW,36.1,104.55864150943394,98.08310344827586,NA,119.74947368421054,119.98368932038831,98.68933333333334,NA,NA,NA,109.71035398230086,86.56212389380528,96.25551622418878,Seranthony Dominguez,19249,622554
Ben Williamson,TBR,5,NA,NA,NA,NA,NA,NA,NA,NA,NA,29.4916,91.5248,35.4904,Ben Williamson,33197,810938
Domingo Gonzalez,SEA,7.2,99.73279999999998,93.61483870967741,NA,NA,91.71347826086956,NA,83.99000000000001,NA,NA,95.19497348021216,84.29510811913505,85.24631986944105,Domingo Gonzalez,25241,682445
Tyler Heineman,2 Tms,4.1,NA,NA,NA,NA,NA,NA,NA,NA,NA,4.5692,102.59559999999999,15.4156,Tyler Heineman,13897,623168
Paul Sewald,ARI,37.1,105.53677233429393,NA,NA,NA,109.98525862068965,NA,NA,NA,NA,107.31721550566111,101.50350412588753,106.2346555363654,Paul Sewald,13892,623149
Ben Peoples,TEX,8.1,90.41922077922078,NA,NA,NA,116.95095238095239,NA,78.29333333333334,NA,NA,99.25491803278689,103.39786885245901,100.96967213114753,Ben Peoples,26406,687239
Matt Waldron,SDP,32.2,97.94145454545455,96.09824175824177,86.80596153846156,NA,96.3278048780488,NA,NA,NA,NA,94.38815362497434,108.08067501882658,103.65272084160561,Matt Waldron,25550,663362
Sammy Peralta,COL,2.2,94.21,92.78105263157896,NA,NA,94.78470588235294,NA,65.63333333333333,NA,NA,88.60653061224488,87.32612244897959,74.77142857142857,Sammy Peralta,25589,671111
Luis Torrens,NYM,0.1,NA,NA,NA,NA,NA,NA,NA,NA,NA,-26.082857142857147,64.21428571428571,-37.88571428571429,Luis Torrens,15905,620443
Kenley Jansen,DET,27.2,NA,129.02533333333338,109.17305912596402,NA,106.10049999999998,NA,NA,NA,NA,110.20283224400869,100.07459694989107,110.19098039215686,Kenley Jansen,3096,445276
Jonah Tong,NYM,10,101.74235294117648,NA,91.58736842105263,NA,NA,94.63,91.69923076923078,NA,NA,96.68913368983958,90.89339037433155,88.73279857397505,Jonah Tong,32157,804636
Wyatt Mills,LAD,4.1,100.193,100.49,NA,NA,95.47090909090907,NA,NA,NA,NA,98.12770833333332,52.15208333333334,52.53458333333333,Wyatt Mills,20010,670090
Winston Santos,TEX,2,92.74,NA,NA,NA,113.14000000000001,NA,91.74,NA,NA,98.77030303030303,91.86363636363636,86.47212121212121,Winston Santos,28489,692437
Rolddy Muñoz,ATL,2,77.46000000000001,77.7,NA,NA,103.6,NA,89.68,NA,NA,93.21877551020407,103.43632653061223,93.28530612244897,Rolddy Munoz,27407,691548
Craig Yoho,MIL,19,94.583,90.45194029850747,88.88153846153847,NA,173.58,NA,91.24854961832061,NA,NA,92.24176068376067,102.20835003885006,97.36553651903654,Craig Yoho,33248,684974
Zac Gallen,ARI,98,91.66260726072609,77.07697674418604,NA,NA,79.80804532577903,NA,82.8886111111111,92.8478947368421,NA,87.1991622309073,109.73606679706245,100.12869933590503,Zac Gallen,19291,668678
Luisangel Acuña,CHW,2,NA,NA,NA,NA,45.995,NA,NA,NA,NA,38.212799999999994,96.11919999999998,44.093599999999995,Luisangel Acuna,26548,682668
Jared Shuster,STL,9,90.6404081632653,95.38095238095238,78.63785714285713,NA,92.66470588235293,NA,91.07000000000001,NA,NA,89.68076007326007,85.15664377289376,85.81182692307691,Jared Shuster,27472,694363
Yilber Díaz,ARI,0.2,89.44,NA,NA,NA,104.28,NA,NA,113.58,NA,96.0190909090909,90.14136363636364,79.84454545454545,Yilber Diaz,29271,700270
Jorbit Vivas,WSN,2.2,NA,NA,NA,NA,24.120000000000005,30.836363636363636,NA,NA,NA,28.07002849002849,85.85851851851851,29.297094017094015,Jorbit Vivas,23917,678391
Tyler Uberstine,BOS,2.2,132.34,92.9,91.64,NA,118.86,NA,89.58,NA,NA,107.38933333333334,94.71244444444443,94.8031111111111,Tyler Uberstine,29961,700413
Joe La Sorsa,BOS,0.1,71.42,96.7,NA,NA,137.2,NA,NA,NA,NA,110.63,110.23500000000001,101.805,Joe La Sorsa,25481,686747
Max Kranick,WSN,3.2,96.8137142857143,NA,NA,NA,99.14000000000001,93.25,NA,NA,NA,96.5723287671233,73.83479452054796,65.31123287671234,Max Kranick,22175,668820
Justin Verlander,DET,3.2,88.54,NA,NA,NA,106.61666666666667,124.42,99.76,NA,NA,101.36399999999999,77.3395,76.8625,Justin Verlander,8700,434378
Sean Sullivan,COL,22.1,72.54814814814816,82.50666666666667,84.40225806451612,NA,87.38055555555555,NA,95.80153846153846,NA,NA,81.1814563106796,100.03150485436892,81.51402912621359,Sean Sullivan,33502,807743
Robby Snelling,MIA,5,111.8,107.78,NA,NA,99.74,106.3,92.58,NA,NA,105.36744186046512,91.53325581395349,93.8306976744186,Robby Snelling,31893,702281
Ryne Nelson,ARI,83.1,109.85245231607631,80.00958333333334,89.8753125,NA,107.90888030888031,103.62243902439025,NA,NA,NA,105.41866793927115,102.42012259365737,107.52361025382137,Ryne Nelson,26253,669194
Cade Povich,BAL,19.1,105.75251908396946,95.74928571428572,NA,NA,99.2192,104.17507246376813,98.33307692307693,NA,NA,102.87730334358625,88.78098257006154,90.63509014012304,Cade Povich,30055,700249
John Brebbia,COL,4.1,89.3091891891892,NA,NA,NA,85.1504,NA,78.83714285714287,NA,NA,86.5840425531915,119.16808510638297,98.03659574468085,John Brebbia,12777,605154
Kyle Higashioka,TEX,3,NA,NA,NA,NA,NA,NA,NA,NA,NA,32.02470588235294,101.11607843137256,40.65921568627451,Kyle Higashioka,5517,543309
Ryan Helsley,BAL,15.1,110.31934959349594,NA,NA,110.9660606060606,135.66679245283018,110.12363636363635,NA,NA,NA,120.49406593406593,88.33758241758241,106.27824175824176,Ryan Helsley,18138,664854
Geoff Hartlieb,ATH,13.1,80.61179487179487,91.24882352941177,86.40871794871794,NA,95.25939393939393,NA,NA,NA,NA,87.74130568356375,90.45267281105991,82.72079877112135,Geoff Hartlieb,19558,664129
Carter Baumler,TEX,5.2,104.00461538461539,106.3375,NA,NA,86.43142857142857,102.98642857142856,NA,NA,NA,101.5740170940171,66.83572649572649,70.71880341880342,Carter Baumler,30231,691945
Jonathan Pintaro,NYM,12.1,126.2,99.5708695652174,110.88943396226416,NA,112.645,NA,99.34,NA,NA,108.93719926538107,89.25063590449956,94.91705922865012,Jonathan Pintaro,33980,702752
Jason Alexander,HOU,18.1,85.26811594202898,86.15028571428572,89.10818181818182,NA,100.62121212121212,NA,90.61409523809523,NA,NA,89.71964763121473,95.66724535292241,85.75159252634941,Jason Alexander,19666,669920
Jonathan Heasley,TBR,4,75.02,NA,NA,NA,95.92,89.68,121.33999999999999,NA,NA,91.9371875,93.7759375,83.84468749999999,Jonathan Heasley,22224,669169
Adam Frazier,LAA,2,NA,NA,NA,NA,NA,14.939999999999998,NA,NA,NA,36.519555555555556,92.94933333333334,35.36088888888889,Adam Frazier,15223,624428
Carson Seymour,SFG,4.1,86.25411764705883,105.25714285714285,88.99157894736842,101.16,113.6984,133.46,NA,NA,NA,100.89494505494505,86.64021978021978,88.58065934065934,Carson Seymour,30084,693313
Lou Trivino III,2 Tms,6,76.48285714285716,92.05069767441861,85.73644444444444,NA,105.28166666666668,NA,80.6968,NA,NA,89.52723958333334,81.76625,73.6722048611111,Lou Trivino,15043,642152
Joey Wiemer,WSN,2,NA,NA,NA,NA,38.2,8.100000000000009,-24.900000000000006,NA,NA,36.00432748538012,60.82736842105264,6.233450292397651,Joey Wiemer,27690,686894
Blas Castaño,COL,20.2,89.62068965517241,89.4381560283688,99.20196078431373,NA,103.35576470588236,NA,72.6535135135135,NA,NA,92.54373177842565,104.01807580174929,93.85842565597669,Blas Castano,26117,680604
J.P. France,HOU,6.2,90.69692307692307,86.82000000000001,90.60666666666667,NA,115.31714285714285,110.65575757575759,72.21777777777778,NA,NA,94.73675213675214,74.30153846153847,70.3574358974359,J.P. France,21212,641585
Kohl Drake,ARI,9,92.46153846153847,NA,86.91578947368421,NA,109.66666666666667,100.97225806451614,92.66879999999999,NA,NA,94.59906040268457,85.22697986577181,80.07838926174497,Kohl Drake,32070,684442
Jason Adam,SDP,32.1,90.15222222222219,NA,NA,NA,105.00533266129032,NA,93.59389830508474,NA,NA,97.9065632183908,97.0151758419036,93.45419661222019,Jason Adam,11861,592094
James McCann,ARI,4,NA,NA,NA,NA,NA,4.860000000000014,NA,NA,NA,38.74907029478457,82.24145124716553,24.580725623582772,James McCann,12859,543510
Carson Kelly,CHC,1,NA,NA,NA,NA,NA,NA,NA,NA,NA,31.28,116.56,69.02000000000001,Carson Kelly,13620,608348
Ryan Borucki,SFG,23.2,NA,97.26781954887217,85.50888888888889,99.45160000000001,99.9577653631285,NA,NA,NA,NA,98.23497375328084,91.87827427821522,93.65607611548556,Ryan Borucki,16350,621366
Tobias Myers,NYM,46,101.25988235294116,NA,84.06878048780489,124.06319018404905,95.48128,NA,NA,NA,NA,103.37071368680904,98.45874305163804,101.00679583859961,Tobias Myers,22191,668964
Ben Casparius,LAD,4.2,88.57024390243903,NA,96.2923076923077,NA,119.21037037037037,113.29749999999999,122,NA,NA,102.61232323232322,99.42080808080807,105.79232323232321,Ben Casparius,30085,676508
Andrew Wantz,TBR,1.2,103.92,94.29999999999998,98.16,NA,153.37999999999997,NA,106,NA,NA,106.91925925925925,83.30407407407405,85.90259259259258,Andrew Wantz,24933,681806
Jacob Waguespack,DET,18.1,98.39405405405407,NA,83.99000000000001,NA,NA,88.572,103.9444,NA,NA,95.3298806366048,89.84181034482756,81.21934350132626,Jacob Waguespack,18318,621097
Ryne Stanek,STL,40.1,101.46618666666667,102.92571428571432,NA,122.26363636363638,125.07792156862743,NA,NA,NA,NA,110.23127441197431,94.07153559832109,102.09256347509306,Ryne Stanek,15947,592773
Cristian Javier,HOU,21.1,91.80233918128656,88.06,NA,NA,105.83048780487805,NA,81.86208333333333,87.675,NA,93.60664190981433,91.70181220159151,85.66550663129973,Cristian Javier,17606,664299
Javier Assad,CHC,65.1,90.59979166666666,106.11203747072602,85.10081632653059,NA,104.34960591133004,92.94647058823529,99.83205479452054,NA,NA,98.67698072528657,103.12974733466022,103.47326090108481,Javier Assad,21741,665871
Adrian Houser,SFG,87,86.64580152671756,92.13262345679013,NA,NA,89.0351677852349,80.45381818181819,89.15078260869565,NA,NA,89.36512786430174,107.25780907295935,98.82948157544887,Adrian Houser,12718,605288
Albert Suárez,BAL,42.2,80.54152492668622,NA,95.46546875,NA,NA,96.775849056603775,81.29357142857144,NA,NA,85.0157356440773,102.5817104471689,90.15867288198721,Albert Suarez,6175,544150
Peyton Pallette,CLE,20.2,83.90926406926407,NA,NA,NA,100.69575757575758,102.01018867924525,83.95,NA,NA,92.0299132730015,96.06372549019609,86.40327300150831,Peyton Pallette,31865,688883
Alek Manoah,LAA,7.1,63.7378947368421,67.48214285714286,NA,NA,74.75826086956522,NA,63.30476190476191,NA,NA,66.37493827160493,83.84962962962963,61.356543209876534,Alek Manoah,26410,666201
Brandon Leibrandt,CIN,6,78.38,81.75999999999999,NA,NA,89.292,79.18,99.08,NA,NA,88.00268041237113,94.28742268041238,87.50123711340206,Brandon Leibrandt,16135,605335
Beck Way,KCR,23.1,84.13054545454546,88.70562499999998,98.98878048780489,NA,128.8960655737705,NA,101.24923076923076,NA,NA,98.85634961439588,91.62457583547555,90.53727506426735,Beck Way,27877,694360
Zak Kent,2 Tms,14.1,81.9612962962963,84.89,NA,NA,99.1464,102.97500000000001,NA,NA,NA,92.49546153846154,84.91946153846155,78.186,Zak Kent,25703,687849
Nick Raquet,BAL,3.2,NA,98.77099999999999,99.66666666666667,NA,100.13254901960785,NA,80.64,NA,NA,99.41328000000001,87.34356,85.56470666666667,Nick Raquet,20333,675919
Jayden Murray,2 Tms,16.1,93.14283950617285,82.6258064516129,86.72800000000001,91.94,112.93733333333333,NA,72.70571428571431,NA,NA,95.01390321563682,101.32783511979824,93.77167055485498,Jayden Murray,26482,681151
Austin Warren,NYM,35,113.10732673267329,100.71165644171779,84.6888888888889,NA,88.94623794212217,111.96419354838709,77.40333333333334,NA,NA,97.6541717791411,102.71837423312884,102.82990797546013,Austin Warren,24937,681810
Tommy Kahnle,BOS,9,87.43019607843138,NA,NA,NA,89.02545454545456,NA,91.5067924528302,NA,NA,90.1067857142857,91.67619047619048,82.50047619047619,Tommy Kahnle,11384,592454
Jared Koenig,MIL,7,133.28,110.16857142857143,98.22093023255815,NA,NA,137.9225,85.58838709677418,NA,NA,103.8980745341615,75.59538302277434,76.76035196687371,Jared Koenig,27517,657649
Rodolfo Durán,SDP,3,NA,NA,NA,NA,NA,68.72,NA,NA,NA,48.94948148148148,85.3197366255144,51.37815637860082,Rodolfo Duran,20958,660710
Joel Payamps,ATL,7.2,97.04065573770491,87.65625,85.88,NA,98.4840579710145,NA,72.51,NA,NA,95.982119205298,101.88225165562915,99.30649006622515,Joel Payamps,14332,606303
Johan Oviedo,BOS,3.2,117.7,89.96000000000001,67.6,NA,89.46000000000001,110.34,NA,NA,NA,104.48788732394365,94.43239436619719,98.38507042253521,Johan Oviedo,22487,670912
Cody Laweryson,MIN,16.2,90.41773399014778,NA,106.4328,NA,NA,NA,87.27069767441859,NA,NA,92.66581081081081,93.21986486486486,85.04729729729729,Cody Laweryson,26429,689520
Gavin Hollowell,CHC,13.1,102.33772151898734,108.36313725490196,NA,NA,119.55342105263156,NA,107.7,NA,NA,109.97137777777779,103.744,109.84124444444446,Gavin Hollowell,25427,668970
John Klein,MIN,4.1,89.75365853658536,NA,97.47555555555556,NA,103.08,87.78000000000002,105.98695652173912,NA,NA,95.49756097560977,68.58,59.52097560975609,John Klein,32155,804619
Weston Wilson,BAL,2.1,NA,NA,NA,NA,NA,NA,NA,NA,NA,32.52951219512195,96.35065040650406,31.705121951219514,Weston Wilson,19358,642215
Beau Brieske,DET,9.1,86.81805555555555,109.16857142857143,NA,NA,105.56833333333333,NA,110.66315789473684,NA,NA,97.5206711409396,108.27208053691275,104.09744966442953,Beau Brieske,26079,689225
Danny Coulombe,BOS,22,78.09487179487179,81.81666666666666,97.26447552447553,NA,112.70151515151517,NA,NA,121.23083333333334,NA,94.89955429920076,90.56209611784134,92.42844219074634,Danny Coulombe,13293,543056
Miguel Rojas,LAD,4,NA,NA,NA,NA,NA,NA,NA,NA,NA,36.02452830188679,104.68113207547171,55.33018867924529,Miguel Rojas,7802,500743
Grayson Rodriguez,LAA,39,104.65168765743073,NA,NA,NA,101.28324324324322,94.91942857142858,104.31670731707317,NA,NA,102.93155625076679,98.31803705066862,101.05903631456263,Grayson Rodriguez,24492,680570
Josh White,MIA,0.2,71.53999999999999,NA,NA,85.72,93.56,98.92,NA,NA,NA,83.35813953488372,52.61348837209302,33.32046511627907,Josh White,31738,687985
Cionel Pérez,2 Tms,40.2,92.16446043165467,110.90425742574259,NA,NA,NA,109.22514009661836,NA,NA,NA,106.32478781988985,101.3988813303099,107.84295972357195,Cionel Perez,19614,672335
TJ Shook,COL,5.2,74.66888888888889,NA,88.09636363636365,NA,98.13,NA,86.261,NA,NA,84.10076923076923,111.24046839299312,97.67359482102056,TJ Shook,27567,669298
Alex Jackson,MIN,2,NA,NA,NA,NA,NA,NA,NA,NA,NA,27.878461538461536,73.00692307692307,15.337692307692302,Alex Jackson,17276,656577
Nick Davila,SEA,22.2,78.6021739130435,88.88945945945947,NA,NA,97.35497872340424,NA,NA,NA,NA,93.20084017235025,100.48710041591278,92.79442221467302,Nick Davila,27741,689546
PJ Poulin,WSN,36.2,93.52835978835981,93.30993197278912,NA,NA,100.18455357142854,NA,81.00853333333333,NA,NA,94.34687694038247,95.51275140607424,88.2524031496063,PJ Poulin,23394,676571
Shaun Anderson,LAA,16.2,89.035,87.69478260869565,NA,NA,80.87582524271843,NA,88.40170731707317,NA,NA,85.70137957746479,94.68169894366197,86.84117860915494,Shaun Anderson,19453,641312
Woo-Suk Go,MIN,4,83.04470588235296,NA,NA,76.37199999999999,79.31172413793104,94.91846153846154,NA,NA,NA,82.80488372093022,91.42139534883721,81.37930232558139,Woo Suk Go,33827,808970
Lazaro Estrada,TOR,9.1,89.66514285714287,NA,NA,105.15999999999998,92.75857142857141,103.13714285714286,NA,NA,NA,93.02899282051281,89.0091076923077,79.04160820512821,Lazaro Estrada,24914,681751
Angel Zerpa,MIL,12.2,104.36,109.79795918367347,NA,NA,106.1688888888889,NA,76.8076923076923,NA,NA,106.75699537037038,103.65214351851851,105.3285648148148,Angel Zerpa,22717,672582
Shane Bieber,TOR,30.2,90.96890052356022,82.41111111111111,83.21257142857144,NA,95.43739130434783,NA,83.62073394495413,90.38574468085106,NA,88.53865805281649,97.75276617930409,91.05048758925537,Shane Bieber,19427,669456
Michael Kelly,ATH,5,83.78444444444446,88.88181818181819,NA,NA,109.00317073170731,NA,92.76,NA,NA,101.41239669421488,81.26727272727273,82.40727272727271,Michael Kelly,12791,547184
Antwone Kelly,PIT,4.1,96.83999999999999,NA,NA,NA,131.48620689655175,NA,144.47714285714284,NA,NA,112.96289156626504,122.38048192771085,133.51373493975902,Antwone Kelly,29000,699008
Christian Roa,HOU,8.2,78.8368888888889,90.76842105263157,NA,NA,116.23096774193549,NA,100.53285714285713,NA,NA,97.29825617977528,89.13012584269663,85.65235505617977,Christian Roa,27662,685005
Mason Englert,TBR,35.2,102.79346534653466,87.98929824561404,84.07827586206895,NA,99.51435897435897,95.21632653061224,96.16757763975156,NA,NA,94.69653030618507,108.70318992457563,102.73580486564765,Mason Englert,22288,669438
Sam Bachman,LAA,44.1,99.76,105.18720720720718,NA,NA,105.01944903581267,NA,87.27038461538464,NA,NA,102.33460992907801,95.95568794326239,99.37863829787237,Sam Bachman,29754,696147
Josh Fleming,TOR,3,NA,114.88,94.88,NA,NA,105.76,97.12,NA,NA,106.77759999999998,92.15466666666667,99.9744,Josh Fleming,20418,676596
Chase Shugart,PHI,33.2,100.90925373134327,104.55830303030305,103.47241379310346,NA,111.6609756097561,NA,81.78619047619047,NA,NA,103.67421646234676,93.41532189141857,96.81340805604204,Chase Shugart,21544,663767
Mitch Farris,LAA,43.1,87.37429467084638,NA,76.81124999999999,NA,91.55724137931034,NA,115.55091954022987,NA,NA,93.790260785018,86.09393131082561,78.81632176507928,Mitch Farris,33628,815083
Bryan King,HOU,45.2,97.02098876404496,98.21463414634147,NA,NA,103.06958139534885,NA,87.82666666666667,NA,NA,98.87144763532764,106.0223997720798,102.59266404558402,Bryan King,25890,687911
Max Lazar,PHI,8,97.13826086956523,NA,90.87846153846155,111.58875,NA,NA,NA,78.63000000000001,NA,96.0090625,102.22437500000001,99.22828125000001,Max Lazar,23426,676661
Philip Abner,ARI,9.1,86.4669387755102,92.84,NA,NA,107.32307692307693,87.15333333333334,92.63199999999999,NA,NA,90.23440476190477,96.27595238095238,88.15571428571428,Philip Abner,33821,691769
Pierce Johnson,CIN,30,80.35026455026455,NA,73.46000000000001,NA,NA,109.65878787878788,NA,NA,NA,98.84062955854128,98.65086372360842,92.78423416506719,Pierce Johnson,13435,572955
Kody Funderburk,MIN,29.1,NA,105.66381502890171,93.8046153846154,NA,102.61267676767676,NA,89.476,NA,NA,100.21996642873438,81.19237508555787,85.70631107199895,Kody Funderburk,24993,681892
Hunter Harvey,CHC,4,100.46263157894737,NA,NA,112.6568,113.03399999999999,83.44666666666666,NA,NA,NA,105.45631578947369,112.88157894736842,116.77157894736841,Hunter Harvey,15507,640451
Tyler Ferguson,2 Tms,12.2,97.4287356321839,99.3136842105263,104.4175,NA,116.43952380952382,NA,91.21333333333332,NA,NA,103.57552746718521,111.83553719008266,110.84462809917355,Tyler Ferguson,19481,621053
Carlos Carrasco,ATL,16.2,77.84451612903226,83.79402985074627,81.21842105263158,NA,77.10176470588236,NA,84.18710526315789,NA,NA,81.93452792344662,107.8197204409562,91.7429713609185,Carlos Carrasco,6632,471911
Jedixson Paez,CHW,3,79.07913043478261,98.9,75.59272727272729,NA,NA,90.94571428571429,76.22000000000001,NA,NA,81.59102958579884,101.97784615384614,94.77637869822487,Jedixson Paez,29114,699151
Kyle Nicolas,CIN,7.1,95.67333333333333,95.41,NA,NA,84.80757575757576,109.77875,NA,NA,NA,94.32575757575758,73.47040404040403,74.61686868686868,Kyle Nicolas,27775,693312
Dean Kremer,BAL,32,96.95,81.61550561797753,91.95121212121214,90.63371794871794,105.98285714285714,79.31367088607594,NA,NA,NA,89.18199971392382,98.0343276706567,90.96990548402935,Dean Kremer,19350,665152
Joe Ross,2 Tms,11.2,94.98634146341465,95.20240000000001,NA,79.66952380952382,89.2535593220339,102.78615384615384,NA,NA,NA,90.55363008971705,102.00371367226438,95.56047120619584,Joe Ross,12972,605452
Tyler Zuber,MIA,16,109.81792452830187,96.01916666666668,NA,NA,123.89007633587784,NA,NA,NA,NA,115.55091154018858,97.90240233497977,108.81868881903907,Tyler Zuber,20379,676604
Mason Black,KCR,17.2,112.02405405405406,95.08522727272727,73.75583333333334,NA,90.449480323598,97.965,68.95750000000001,NA,NA,94.18869778869778,99.37297843297844,95.54877968877967,Mason Black,30171,696131
Luis Mey,CIN,8.2,59.15333333333334,90.68852173913042,NA,NA,114.74,NA,NA,NA,NA,99.7645685279188,82.0707614213198,83.36680203045687,Luis Mey,25620,682825
José Buttó,SFG,2,89.37750000000001,95.22959999999999,NA,NA,96.11897435897436,79.24,74.57000000000001,NA,NA,91.20196825396826,67.73774603174603,66.41898412698413,Jose Butto,23313,676130
Ethan Roberts,CHC,25.2,NA,93.1518309859155,91.68040816326528,NA,102.64153846153845,NA,NA,NA,NA,96.08028985507245,94.7657391304348,94.99825171624714,Ethan Roberts,24930,681799
Yariel Rodríguez,TOR,9.1,93.41944444444444,104.76461538461538,NA,108.85619047619048,92.57352941176471,NA,NA,NA,NA,98.37050319597444,90.8911794505644,94.41569461444308,Yariel Rodriguez,33838,684320
Andrew Hoffmann,ARI,11.2,73.75327731092437,NA,NA,NA,95.20851063829788,NA,114.52156250000002,NA,NA,90.19590911185333,101.39918367843104,93.12363704479807,Andrew Hoffmann,29633,694851
Trent Thornton,CHC,32.1,92.64321678321679,92.98731707317073,97.43383177570094,NA,104.65810810810812,97.5657142857143,NA,NA,NA,96.91733200757574,97.92116094276095,94.23798175505051,Trent Thornton,17948,663423
Luis García,2 Tms,15,50.620000000000005,92.98467741935482,NA,89.11951807228917,113.83509433962264,NA,NA,NA,NA,95.12014336011555,97.1675126839397,95.1109195630586,Luis Garcia,6984,472610
Lyon Richardson,CIN,1.2,86.48500000000001,87.29666666666667,NA,NA,95.04,NA,70.66266666666667,NA,NA,82.18585365853659,82.37219512195122,74.93219512195121,Lyon Richardson,24581,680689
Lucas Giolito,SDP,29.2,74.18751091703058,NA,NA,NA,88.62765957446808,92.8972972972973,99.96680628272252,NA,NA,86.8275291329667,90.7741237102972,82.15801177444627,Lucas Giolito,15474,608337
Seth Halvorsen,COL,19,97.40978723404255,NA,NA,93.40933333333334,124.69290909090908,NA,NA,NA,NA,105.12096000000003,83.02586666666669,87.57796,Seth Halvorsen,33294,678020
Luis Curvelo,TEX,8.1,89.56952380952382,97.31954545454545,NA,107.89692307692306,101.28699999999999,NA,NA,NA,NA,99.03954887218043,110.12706766917294,107.27864661654137,Luis Curvelo,24710,681168
Jeff Criswell,COL,4,71.16303030303031,NA,NA,NA,91.04648648648649,NA,70.64666666666668,NA,NA,80.4167088607595,88.03746835443037,76.74354430379746,Jeff Criswell,27608,676105
Mason Barnett,ATH,24.2,90.60778378378377,NA,NA,NA,108.09206521739132,88.23709090909091,101.14857142857144,NA,NA,97.99200913242008,100.27287671232877,97.14173515981736,Mason Barnett,31741,686930
George Klassen,LAA,4.2,105.55749999999999,110.39125,NA,NA,82.91142857142859,94.60999999999999,83.31,NA,NA,96.07958620689656,83.44510344827586,82.77296551724137,George Klassen,33464,691946
Charlie Barnes,2 Tms,13,73.44089552238806,73.2260465116279,NA,NA,91.012,NA,62.735,NA,NA,76.28547263681592,91.47890547263681,73.68606965174128,Charlie Barnes,19865,656212
Jonathan Hernández,LAD,17.2,96.09396226415095,106.23216000000001,NA,NA,107.6,NA,112.545,NA,NA,105.22922118380063,95.29514018691587,99.67015576323989,Jonathan Hernandez,17464,642546
Jose Franco,CIN,16.2,88.3757142857143,NA,NA,NA,104.28129032258063,NA,85.27111111111111,NA,NA,94.57746666666667,89.90533333333333,86.81286666666666,Jose Franco,27014,683742
Jose Corniell,TEX,4.1,88.76666666666667,101.35333333333332,82.86,NA,104.52153846153846,NA,76.60592592592593,NA,NA,89.7745814479638,96.68529411764705,88.64511595022624,Jose Corniell,27984,692030
Jesse Scholtens,TBR,37.2,97.57651515151515,90.23142857142858,NA,100.85333333333334,87.485703125,NA,NA,NA,NA,91.84156405990018,105.82249584026623,99.52482529118136,Jesse Scholtens,19205,669947
Ricky Vanasco,DET,6.1,86.63632183908047,NA,NA,NA,NA,82.05025641025641,99.94727272727273,NA,NA,89.02867239019537,102.33550080875948,93.14038073908173,Ricky Vanasco,23391,676568
Gordon Graceffo,STL,51.1,81.18376623376622,95.91799999999999,NA,NA,95.31743119266056,101.75139999999999,100.43465116279069,NA,NA,91.09118985126861,97.69792650918635,92.28872557596966,Gordon Graceffo,29519,700669
Pete Fairbanks,MIA,31.1,111.28943894389435,NA,140.71076923076922,NA,130.27879699248123,NA,85.81285714285717,NA,NA,122.01406160369126,90.31139044768672,106.40853597705448,Pete Fairbanks,17998,664126
Osvaldo Bido,2 Tms,18.2,88.37326086956521,96.85692307692308,NA,NA,109.363,NA,72.099,NA,NA,98.83148494961964,88.39417133895532,84.77804374841544,Osvaldo Bido,23150,674370
Corbin Martin,CHC,5,84.62,98.745,NA,NA,110.17500000000001,101.36740740740741,91.82249999999999,NA,NA,93.4054054054054,89.21981981981983,85.64666666666666,Corbin Martin,19884,656686
Tanner Banks,PHI,29,94.99964912280701,96.76590909090906,NA,NA,102.77897249334518,NA,111.85037037037036,NA,NA,100.6521330293018,100.3248207610095,98.79398669086511,Tanner Banks,16990,621383
Matt Seelinger,NYM,2,112.1,NA,98.14,NA,NA,NA,NA,85.4,NA,101.05923076923077,71,71.14153846153846,Matt Seelinger,23563,676910
Tyler Gilbert,CHW,3.2,110.05714285714286,104.03941176470587,95.09882352941177,75.76,116.48882352941176,NA,NA,NA,NA,106.8238637770898,95.52453250773992,99.81691640866875,Tyler Gilbert,17964,656457
Chris Martin,TEX,14,96.70461538461538,109.72466666666668,101.14634615384617,101.81416666666665,111.17636363636365,104.862,NA,NA,NA,101.8252016129032,106.52637096774194,107.19503225806453,Chris Martin,11847,455119
Ronel Blanco,HOU,10,92.78666666666668,NA,NA,NA,76.60666666666665,93.13513513513513,105.2408,NA,NA,93.66502923976608,106.6093567251462,99.48678362573101,Ronel Blanco,19407,669854
Carlos Cortes,ATH,6,NA,NA,NA,NA,61.6,41.74,61.84,NA,NA,59.906019417475726,79.17669902912621,45.46563106796116,Carlos Cortes,21842,666126
Andre Granillo,WSN,9.1,81.74897959183672,91.89000000000001,NA,NA,105.90118644067796,NA,81.232,NA,NA,97.56409294409293,80.81021756021755,82.5764764864765,Andre Granillo,29542,701552
Chase Lee,TOR,3.1,86.99090909090908,88.9718181818182,NA,NA,97.038,NA,88.18666666666667,NA,NA,91.42142857142858,90.91285714285713,91.12035714285715,Chase Lee,29574,695445
Cole Sands,MIN,12,87.09927710843374,84.12750000000001,92.60367346938776,86.91999999999999,NA,112.58749999999999,NA,NA,NA,90.91080701754385,102.63734992025518,94.47952663476873,Cole Sands,21461,663485
Landon Knack,LAD,5,92.39314285714286,NA,NA,NA,101.38499999999999,NA,102.46461538461539,87.5076923076923,NA,96.19555555555556,91.08244444444445,84.63955555555556,Landon Knack,27487,689017
JR Ritchie,ATL,54,94.8389156626506,91.58747474747476,89.70021739130435,NA,90.32611111111112,100.77882812499998,90.1359493670886,NA,NA,94.1324884192241,95.42327422312295,96.31113563983784,JR Ritchie,31760,702275
Mitch Spence,KCR,9.1,NA,83.23529411764706,92.84157894736842,NA,91.18699999999998,95.02242424242424,70.03764705882352,NA,NA,89.50749199999998,84.295988,78.733784,Mitch Spence,27707,687765
Yunior Tur,ATH,2.2,95.06857142857143,NA,87.42428571428572,125.78533333333334,92.64,NA,NA,NA,NA,103.17241379310344,85.8767816091954,91.34758620689655,Yunior Tur,33026,814305
Mitch Bratt,ARI,15.2,91.06473684210528,84.01777777777778,NA,NA,92.19351351351351,98.6032183908046,84.67217391304348,NA,NA,92.31583333333333,94.93861111111111,87.72145833333333,Mitch Bratt,30003,683352
Danny Young,ATL,7.1,NA,110.01066666666665,NA,NA,111.47301587301588,NA,NA,NA,NA,110.64948470209339,88.4647544283414,98.3062037037037,Danny Young,18439,664849
Ryan Johnson,LAA,41.2,NA,81.14352380952381,104.57127272727271,73.3024120603015,106.25016393442624,NA,NA,NA,NA,89.9911904235397,95.55006418506123,85.12656218622999,Ryan Johnson,35325,696270
Carlos Estévez,KCR,0.1,74.72,NA,NA,NA,93.40000000000002,NA,80.1,NA,NA,80.06666666666668,61.77555555555555,45.97555555555556,Carlos Estevez,14542,608032
Tyler Kinley,ATL,37.1,71.58825688073392,79.12666666666667,NA,85.52,108.05537313432832,117.02064516129032,NA,NA,NA,102.80295881069283,100.25626923076922,102.28618767048553,Tyler Kinley,18297,641755
Nick Sandlin,LAA,8.2,106.96095238095239,90.22285714285714,NA,72.50972972972973,110.18282352941175,NA,NA,NA,NA,99.07188535031847,86.43831847133757,89.70932484076431,Nick Sandlin,20517,680704
Tim Herrin,CLE,33.1,83.06298245614035,107.68676691729326,NA,NA,99.7126315789474,106.87528662420381,84.65,NA,NA,100.09263110698825,88.91930604514533,89.33914587198515,Tim Herrin,25139,682120
Elvis Alvarado,ATH,31,121.16190812720843,95.95119047619048,NA,122.23882352941175,109.54701492537313,NA,NA,NA,NA,113.72775557992577,99.33289220668256,113.71025746581425,Elvis Alvarado,21662,665660
Eric Cerantola,KCR,5.1,79.97061224489796,NA,75.22137931034483,NA,104.37510204081633,NA,NA,NA,NA,88.63343351548271,42.45803278688524,37.63612932604735,Eric Cerantola,30128,672021
Jalen Beeks,TEX,26,87.19101449275361,NA,102.77135135135136,NA,NA,NA,87.02503067484663,NA,NA,88.56798533358536,100.67414553014558,91.18826974106975,Jalen Beeks,17192,656222
Cole Ragans,KCR,35.1,108.93061452513966,NA,91.09055555555555,NA,116.20447058823531,NA,113.47885714285714,101.2862962962963,NA,108.95956181533644,86.40103286384976,95.9169014084507,Cole Ragans,21846,666142
Evan Phillips,LAD,6.2,114.4162962962963,98.438,99.4857142857143,NA,116.80272727272728,NA,NA,NA,NA,112.2539344262295,109.3022950819672,117.77311475409836,Evan Phillips,17734,623465
Joey Lucchesi,LAA,3.1,84.8625,101.48210526315789,NA,121.06,NA,99.72333333333333,NA,NA,NA,100.10017857142859,83.22366995073891,83.3604433497537,Joey Lucchesi,19320,664192
Mike Paredes,MIN,34.1,85.13598039215687,NA,92.43270588235295,NA,112.60561983471075,NA,89.64198581560284,NA,NA,93.48855745607506,97.98649300643984,93.53101709847131,Mike Paredes,30187,702474
Gus Varland,WSN,31.2,105.9423899371069,NA,NA,NA,95.76770642201836,NA,92.05230769230768,NA,NA,101.48865724275723,103.61656147186147,102.22745108225108,Gus Varland,24737,681402
Connor Phillips,CIN,27.2,100.88756554307116,NA,NA,NA,129.85733840304184,131.88,NA,NA,NA,115.62426458367958,80.79620741233174,95.10920392222036,Connor Phillips,27649,683175
Mike Burrows,HOU,94.2,98.30156599552573,92.3498113207547,NA,NA,94.74984496124031,95.81690265486725,87.46816037735849,NA,NA,93.6366425733249,98.08324844077482,92.67249973961763,Mike Burrows,24728,681347
Trevor Martin,TBR,11.1,108.17325000000001,91.9353846153846,92.22857142857144,102.67837837837837,NA,95.2675,NA,NA,NA,101.56197662337662,97.10256594516595,100.24883607503608,Trevor Martin,31878,694680
Roddery Muñoz,HOU,4,80.83241379310346,98.8276923076923,93.08,NA,84.5495652173913,NA,79.156,NA,NA,86.44792829589291,79.39956886771044,69.26705241660994,Roddery Munoz,25311,682610
Eli Morgan,KCR,19.1,79.10968253968254,NA,NA,NA,89.83326732673267,NA,119.41374999999998,NA,NA,95.66997050147492,90.43409121851599,85.57906058543226,Eli Morgan,20203,669212
Connor Brogdon,CLE,15.1,99.45860465116279,NA,89.43703703703703,NA,NA,114.84857142857143,91.01269230769232,NA,NA,95.60395868695736,98.03187128085067,96.71016115500926,Connor Brogdon,21205,641401
Luis Gastelum,STL,8,95.62355555555557,102.00833333333333,NA,NA,89.8944,NA,105.7953846153846,NA,NA,98.76393864013266,97.00849087893864,97.90597014925375,Luis Gastelum,33027,703725
Caleb Thielbar,CHC,31,105.59199999999998,NA,NA,NA,115.36596858638744,127.66691729323306,NA,NA,NA,114.46621876904327,101.33777269957343,110.18466179159047,Caleb Thielbar,10078,573204
Tyler Tolbert,KCR,4.2,NA,NA,NA,NA,NA,NA,NA,NA,NA,45.578962264150945,104.24754716981131,49.66386792452831,Tyler Tolbert,25779,686475
Yaramil Hiraldo,BAL,1.2,89.16615384615385,NA,NA,105.225,113.06444444444445,NA,NA,NA,NA,103.78553191489362,68.0268085106383,72.33574468085106,Yaramil Hiraldo,25215,682274
Joel Kuhnel,2 Tms,35.1,87.61548387096774,98.16226804123711,98.0722385479689,NA,138.9325,111.29666666666667,77.28526315789475,NA,NA,96.88452365774408,98.09918937541904,93.87129669400176,Joel Kuhnel,19995,669270
Kade Morris,ATH,10,99.42857142857143,87.56055555555557,NA,NA,105.0857627118644,100.59647058823529,77.57684210526315,NA,NA,95.08974603174605,90.80820952380954,85.91824656084655,Kade Morris,33787,695034
Josh Simpson,SEA,3,85.14,89.5475,NA,NA,113.85789473684208,113.505,NA,NA,NA,102.24,102.69068965517242,100.76,Josh Simpson,25957,681006
Hurston Waldrep,ATL,10.2,NA,87.34506024096386,80.16470588235293,110.24048780487806,83.65548387096773,92.23615384615384,NA,NA,NA,90.77398711123566,72.65592715046232,72.35699747828524,Hurston Waldrep,33527,694462
Cole Henry,WSN,13.2,86.02941176470588,98.40785714285714,85.09619047619046,NA,110.0995918367347,146.34,NA,NA,NA,95.8905444978266,90.4039212994738,84.30346145046899,Cole Henry,27570,669371
Brenan Hanifee,DET,20,92.755,104.08359281437127,NA,NA,109.50735294117646,NA,91.59200000000001,NA,NA,103.79551020408161,100.57425170068026,100.95357142857144,Brenan Hanifee,22304,669724
Reiver Sanmartin,SFG,3.1,101.1657142857143,100.38,NA,NA,107.96588235294118,NA,95.0775,NA,NA,101.19344262295081,111.28557377049181,106.89049180327868,Reiver Sanmartin,19754,665665
Brandan Bidois,PIT,15.2,97.94202247191011,NA,NA,NA,125.42485294117647,NA,122.2690909090909,NA,NA,110.29192426035503,87.00786745562128,95.70485207100592,Brandan Bidois,28052,684049
Aaron Brooks,TBR,0.1,66.14,82.67999999999999,NA,NA,97.66,NA,82.3,NA,NA,81.31764705882354,81.79176470588236,67.31176470588235,Aaron Brooks,12272,605156
Ryan Walker,SFG,26.1,95.02142857142857,108.46740298507463,NA,NA,102.38666666666671,NA,NA,NA,NA,106.3113526530612,94.30235047619047,100.01347809523809,Ryan Walker,20423,676254
Kyle Finnegan,DET,46,98.35570291777188,NA,NA,101.96017621145378,102.82530973451325,NA,NA,NA,NA,100.22178442280946,94.06457209086696,95.465451553083,Kyle Finnegan,15009,640448
Dennis Santana,PIT,41.2,88.9632710280374,89.73011764705882,83.28074074074074,NA,101.9284210526316,NA,79.63641509433963,NA,NA,91.67922969782812,96.73455579162729,86.9142431539188,Dennis Santana,17878,642701
Bailey Falter,KCR,9.2,92.36959999999999,79.915,NA,76.99777777777777,85.58780487804879,87.32117647058824,NA,NA,NA,88.52415204678361,90.88271637426901,84.66466666666666,Bailey Falter,20070,663559
Erick Fedde,CHW,97.1,96.824,82.54637274549098,86.77986970684039,NA,101.70591276252017,NA,75.1822641509434,NA,NA,89.79012609003654,107.94036636890257,98.41740435992925,Erick Fedde,17425,607200
Zach Maxwell,CIN,10,108.06014492753624,NA,92.3523404255319,NA,121.47333333333334,NA,NA,NA,NA,109.71911279096042,85.53632090395479,94.30117712775652,Zach Maxwell,31610,687209
Simeon Woods Richardson,2 Tms,57.2,83.64198198198197,74.64,NA,87.91629032258062,93.05275,87.15594594594594,NA,NA,NA,87.2026530696398,92.8512585172019,84.668894937187,Simeon Woods Richardson,24494,680573
Jordan Leasure,CHW,18.2,111.38878048780487,88.67454545454547,NA,106.81333333333333,97.74511627906978,NA,NA,NA,NA,104.85761783439492,94.35109554140129,99.48261146496813,Jordan Leasure,29950,673929
Ron Marinaccio,2 Tms,49.1,98.60776595744682,NA,89.31872832369945,NA,103.04615384615384,NA,87.68053846153846,NA,NA,93.71849079953489,97.8852945728933,92.47130659343532,Ron Marinaccio,23488,676760
Matt Krook,2 Tms,8.1,NA,106.08871794871796,98.15142857142857,NA,121.85612903225805,NA,81.44,NA,NA,113.46980525719778,64.0103759536964,73.33788657447126,Matt Krook,19315,640454
Phil Maton,CHC,27.2,NA,88.37442307692308,94.05402985074628,NA,83.88674698795181,132.65835443037977,NA,NA,NA,102.54691447441449,88.7403721278721,94.37455433455436,Phil Maton,18064,664208
Trey Gibson,BAL,33,94.26789915966386,99.8587261146497,95.70588235294117,NA,109.29295774647888,74.61219512195122,NA,NA,NA,96.79571617397143,92.27025995006608,93.20077922077921,Trey Gibson,33794,694346
Ken Waldichuk,WSN,9.1,96.74,NA,96.39999999999999,NA,91.192,104.66622950819671,84.82,NA,NA,99.30751677852349,80.86872483221477,80.43704697986578,Ken Waldichuk,27681,686610
Steven Cruz,KCR,37,105.3737790697675,NA,103.50062111801243,NA,120.82695652173909,NA,NA,NA,NA,107.27738420634918,96.33510769841267,101.41391396825396,Steven Cruz,23165,674444
Richard Lovelady,2 Tms,30.1,89.5653448275862,99.482,NA,NA,95.22942965779468,NA,NA,NA,NA,95.3245771473232,95.39222454999725,90.89810760625213,Richard Lovelady,19337,663992
Brendan Beck,NYY,6.2,79.39164179104478,84.93714285714285,NA,100.96600000000001,92.07021276595745,83.7125,NA,NA,NA,85.75870503597123,91.32158273381295,77.26848920863308,Brendan Beck,33043,694341
Austin Voth,2 Tms,10,94.46222222222222,72.13357142857144,86.77529411764706,73.9,101.52850000000001,101.3529411764706,NA,NA,NA,91.30139534883722,85.21906976744185,79.87181395348838,Austin Voth,15047,608723
Merrill Kelly,ARI,109.1,90.25345211581289,88.3075308641975,88.95747899159663,NA,98.48077348066299,92.3920207253886,85.29172093023254,NA,NA,89.8355222058367,100.88840272318234,95.32042209275558,Merrill Kelly,11156,518876
John Schreiber,KCR,40.1,105.38131147540983,101.87949367088608,89.12781609195406,NA,95.62717391304346,NA,96.82275862068964,NA,NA,99.01317678275291,96.26046782752906,97.31443283582091,John Schreiber,20020,670167
Connor Thomas,ATL,6.1,101.96000000000001,94,86.74,NA,75.96000000000001,NA,95.04,NA,NA,90.71700000000001,113.98733333333332,106.26,Connor Thomas,25873,671162
Clayton Beeter,WSN,31.2,88.34893939393939,NA,NA,NA,109.94007782101167,NA,NA,NA,NA,98.9972036025395,91.350255425955993,90.85876568728777,Clayton Beeter,27494,690925
Colton Gordon,HOU,9.1,96.29205479452054,92.9837037037037,NA,NA,108.45661971830985,88.54333333333334,78.6264,NA,NA,97.60735513195783,103.21541419766308,100.45614526070297,Colton Gordon,31312,676467
Luis Morales,ATH,14,91.80562499999999,95.70108108108107,NA,NA,116.27094339622643,NA,78.20896551724138,NA,NA,99.72334448160535,82.46434782608695,83.23317725752509,Luis Morales,32227,806960
Justin Topa,MIN,19,NA,92.82431372549017,90.72715789473682,NA,115.09533333333333,NA,84.83607843137254,NA,NA,94.856713091922,99.09972144846797,95.28896935933147,Justin Topa,15145,623437
Hunter Barco,PIT,11.2,107.61219512195123,95.33300000000001,NA,109.30333333333334,106.52967741935484,NA,82.9675,NA,NA,102.53274615704197,87.48264852513502,90.84161196510179,Hunter Barco,33174,682995
Luis Gil,NYY,19.1,100.75381578947369,93.6,NA,NA,101.06535211267607,NA,84.48782608695652,NA,NA,96.5626609619764,85.75853150231178,86.16920157339038,Luis Gil,21052,661563
Eric Lauer,2 Tms,82,83.81135972461274,NA,96.41517786561265,NA,101.93203883495146,92.93918604651161,79.20704761904763,NA,NA,88.11355250540112,102.03388845774708,87.41655015033002,Eric Lauer,19316,641778
Jeffrey Springs,ATH,104,89.22074074074072,NA,95.13818181818183,NA,97.12170839733746,NA,111.57375302663436,NA,NA,96.96947750471482,100.94522927515592,97.68082880564933,Jeffrey Springs,17677,605488
Germán Márquez,SDP,47,76.4164516129032,79.13085714285714,NA,NA,95.31650485436893,NA,81.12230769230769,101.8027536231884,NA,87.83476309668069,99.20354635867355,87.2701246694552,German Marquez,15038,608566
Taijuan Walker,PHI,22.2,91.22619047619048,90.28229166666667,91.23214285714286,73.68591836734696,100.9508,93.8214814814815,NA,NA,NA,88.46562198332602,93.21427599824484,82.38319273804301,Taijuan Walker,11836,592836
Valente Bellozo,COL,10.2,74.14999999999999,79.52105263157895,81.515,NA,102.0542857142857,84.12,90.89032258064518,NA,NA,85.82552941176469,87.04105882352941,74.6384705882353,Valente Bellozo,23899,678368
Brendon Little,TOR,8.1,69.374,110.89451612903224,92.42,NA,101.0113043478261,NA,NA,128.79807692307693,NA,109.49738919247113,93.6583450429352,107.57193685488768,Brendon Little,21574,663893
Mitchell Parker,WSN,39.2,86.89238938053096,NA,NA,146.195,98.14380664652568,103.23980582524271,NA,NA,NA,95.3071573570679,101.64508945119208,96.12755189362294,Mitchell Parker,27636,680730
Chris Roycroft,2 Tms,18.1,84.86142857142858,104.4282142857143,103.901,NA,121.97599999999998,NA,NA,NA,NA,100.95492461102216,104.10267507926045,102.5049786546128,Chris Roycroft,31261,688297
Justin Sterner,ATH,42.2,103.90111498257842,NA,87.71205357142856,NA,106.54948837209305,NA,NA,NA,NA,99.70383592339222,97.33005575546682,96.70597572066909,Justin Sterner,27694,686993
Lucas Erceg,KCR,39.1,91.43812206572768,99.7172448979592,NA,NA,109.81305164319247,NA,87.27474747474749,NA,NA,98.49816668768125,102.51769764216365,100.47407893077796,Lucas Erceg,19360,668674
Bryan Abreu,HOU,35.2,95.6251633986928,NA,96.48682926829268,NA,101.2998113207547,NA,44.3,NA,NA,98.29916058916059,85.63314886314885,86.766547976548,Bryan Abreu,16609,650556
Ryan Weiss,HOU,26,102.04102040816325,80.26848484848485,NA,NA,112.48327485380116,96.46666666666667,96.27544303797467,NA,NA,101.66553541602228,90.30842066192392,93.02145932570367,Ryan Weiss,24621,680802
Drew Pomeranz,2 Tms,29,102.84057306590256,NA,NA,NA,NA,NA,NA,115.16651162790696,NA,106.18451570872787,99.72211217548752,106.98134246005532,Drew Pomeranz,11426,519141
Max Scherzer,TOR,24.2,85.3078,NA,83.16400000000002,NA,104.53291666666668,97.33724137931036,84.19212121212121,NA,NA,91.14917050841174,98.36499940605222,90.00475257345848,Max Scherzer,3137,453286
Tim Hill,NYY,39.2,101.67722222222224,130.60493023255816,NA,NA,106.51768115942028,NA,NA,NA,NA,125.64329875610277,92.29306811054047,113.41221030470517,Tim Hill,16814,657612
Kodai Senga,NYM,40.2,94.31793814432989,83.69428571428571,87.07507462686567,NA,87.50299271921493,72.09,NA,NA,117.0917894736842,97.1452985640891,92.53627997398037,94.27747217213404,Kodai Senga,31838,673540
Scott Barlow,ATH,33.1,82.4178947368421,73.80025974025973,NA,NA,96.82792377927747,95.75678391959798,NA,NA,NA,91.49884070115047,80.83724114503123,73.92719373735544,Scott Barlow,14993,605130
Tony Santillan,CIN,31,93.28130841121498,NA,NA,NA,86.64999999999999,88.5518787878788,NA,NA,NA,91.51023857334097,102.59471447695543,94.43929661503152,Tony Santillan,19926,663574
Aaron Bummer,ATL,15.1,98.79416666666668,107.86825688073395,91.41757575757576,NA,105.30076923076922,104.88276923076921,NA,NA,NA,104.00302112676054,79.761191314554,83.60649765258215,Aaron Bummer,16258,607481
Zack Littell,WSN,101,82.1846082949309,79.97514644351463,NA,89.75425076452598,81.24788294378097,NA,NA,NA,NA,83.03298762870112,100.78367481568105,85.47928383512607,Zack Littell,15823,641793
Matt Gage,SFG,27.1,80.9567816091954,81.11853658536586,NA,NA,101.68042372881357,NA,106.94533333333335,NA,NA,94.06162635846125,94.85695196244885,91.36987347357523,Matt Gage,17381,657424
Miles Mikolas,WSN,102,84.97687804878049,86.90755102040816,NA,NA,92.96342572720818,99.46742358078602,84.81344537815126,NA,NA,89.77275717473677,109.04293014493499,97.38444674397503,Miles Mikolas,9803,571945
Justin Lawrence,3 Tms,34.1,119.9552688172043,93.93904109589043,NA,NA,104.3408026755853,NA,NA,NA,NA,102.0114773497754,82.01333661750998,84.54205578862616,Justin Lawrence,17639,664875
Matt Strahm,KCR,34.2,112.9482700421941,102.77088888888888,76.24043478260869,NA,105.2806896551724,NA,88.69138888888892,NA,NA,103.87644113689217,94.79129107209431,98.22675987857056,Matt Strahm,13799,621381
Jameson Taillon,CHC,76,94.25211267605634,93.97813559322033,86.43957264957267,NA,104.66197183098593,75.24450704225352,92.96947867298577,NA,NA,92.18024960943362,101.22086321791399,98.14863853411828,Jameson Taillon,11674,592791
